,Unnamed: 0,kinase,pdb,qualityscore,family,group,species,pdb_id,alt,chain,dfg,ac_helix,missing_residues,pocket,violation
0,0,AAK1,4wsq,8.6,NAK,Other,Human,KSA,A,B,in,in,[],EVLAEGGFAIVFLCALKRMVCKREIQIMRDLSKNIVGYIDSLILMDFCRGGQVVNLMNQHQCKTPIIHRDLKVENILLLCDFGSA,Large BRICS fragment
1,6,ABL1,2hz4,6.0,Abl,TK,Human,4ST, ,B,in,in,"[5, 6, 7, 8, 9]",HKLG_____EVYEVAVKTLEFLKEAAVMKEIKPNLVQLLGVYIITEFMTYGNLLDYLREYLEKKNFIHRDLAARNCLVVADFGLS,Large BRICS fragment
2,20,ACTR2,4asx,9.6,STKR,TKL,Human,6OJ,B,B,in,in,[],EVKARGRFGCVWKVAVKIFSWQNEYEVYSLPGENILQFIGAWLITAFHEKGSLSDFLKADGHKPAISHRDIKSKNVLLIADFGLA,AP not occupied
3,28,AKT1,3qkk,8.0,Akt,AGC,Human,SMH, ,A,in,in,[],KLLGKGTFGKVILYAMKILHTLTENRVLQNSRPFLTALKYSCFVMEYANGGELFFHLSRLHSEKNVVYRDLKLENLMLITDFGLC,AP not occupied
4,29,AKT1,3qkl,8.0,Akt,AGC,Human,SMR, ,A,in,in,[],KLLGKGTFGKVILYAMKILHTLTENRVLQNSRPFLTALKYSCFVMEYANGGELFFHLSRLHSEKNVVYRDLKLENLMLITDFGLC,AP not occupied
5,51,ALK,3lcs,8.0,ALK,TK,Human,STU,B,A,in,in,[],RGLGHGAFGEVYEVAVKTLDFLMEALIISKFNQNIVRCIGVFILLELMAGGDLKSFLREYLEENHFIHRDIAARNCLLIGDFGMA,Large BRICS fragment
6,58,ALK,4cli,8.0,ALK,TK,Human,5P8, ,A,in,in,[],RGLGHGAFGEVYEVAVKTLDFLMEALIISKFNQNIVRCIGVFILLELMAGGDLKSFLREYLEENHFIHRDIAARNCLLIGDFGMA,Large BRICS fragment
7,59,ALK,4clj,8.0,ALK,TK,Human,5P8, ,A,in,in,[],RGLGHGAFGEVYEVAVKTLDFLMEALIISKFNQNIVRCIGVFILMELMAGGDLKSFLREYLEENHFIHRDIAARNCLLIGDFGMA,Large BRICS fragment
8,62,ALK,4cmu,8.0,ALK,TK,Human,IV7, ,A,in,in,[],RGLGHGAFGEVYEVAVKTLDFLMEALIISKFNQNIVRCIGVFILLELMAGGDLKSFLREYLEENHFIHRDIAARNCLLIGDFGMA,Large BRICS fragment
9,64,ALK,4ctb,6.8,ALK,TK,Human,KVC, ,A,in,in,"[5, 6, 7]",RGLG___FGEVYEVAVKTLDFLMEALIISKFNQNIVRCIGVFILLELMAGGDLKSFLREYLEENHFIHRDIAARNCLLIGDFGMA,Large BRICS fragment
10,65,ALK,4ctc,6.4,ALK,TK,Human,J99, ,A,in,in,"[5, 6, 7, 8]",RGLG____GEVYEVAVKTLDFLMEALIISKFNQNIVRCIGVFILLELMAGGDLKSFLREYLEENHFIHRDIAARNCLLIGDFGMA,Large BRICS fragment
11,74,ALK,5a9u,6.8,ALK,TK,Human,5P8,B,A,in,in,"[7, 8, 9]",RGLGHG___EVYEVAVKTLDFLMEALIISKFNQNIVRCIGVFILLELMAGGDLKSFLREYLEENHFIHRDIAARNCLLIGDFGMA,Large BRICS fragment
12,75,ALK,5aa8,6.8,ALK,TK,Human,5P8,B,A,in,in,"[7, 8, 9]",RGLGHG___EVYEVAVKTLDFLMEALIISKFNQNIVRCIGVFILLEFMAGGDLKSFLREYLEENHFIHRDIAARNCLLIGDFGMA,Large BRICS fragment
13,76,ALK,5aa9,8.0,ALK,TK,Human,5P8,A,A,in,in,[],RGLGHGAFGEVYEVAVKTLDFLMEALIISKFNQNIVRCIGVFILLEFMAGGDLKSFLREYLEENHFIHRDIAARNCLLIGDFGMA,Large BRICS fragment
14,105,ALK2,5oy6,9.3,STKR,TKL,Human,B4E, ,A,in,in,[],ECVGKGRYGEVWRVAVKIFSWFRETELYNTVMENILGFIASWLITHYHEMGSLYDYLQLTQGKPAIAHRDLKSKNILVIADLGLA,Large BRICS fragment
15,155,ALK2,6i1s,8.8,STKR,TKL,Human,E26,A,A,in,in,[],ECVGKGRYGEVWRVAVKIFSWFRETELYNTVMENILGFIASWLITHYHEMGSLYDYLQLTQGKPAIAHRDLKSKNILVIADLGLA,AP not occupied
16,170,AMPKa1,4rer,8.0,CAMKL,CAMK,Human,STU, ,A,in,in,[],DTLGVGTFGKVKVVAVKILKIRREIQNLKLFRPHIIKLYQVFMVMEYVSGGELFDYICKYCHRHMVVHRDLKPENVLLIADFGLS,Large BRICS fragment
17,171,AMPKa1,4rew,8.0,CAMKL,CAMK,Human,STU, ,A,in,in,[],DTLGVGTFGKVKVVAVKILKIRREIQNLKLFRPHIIKLYQVFMVMEYVSGGELFDYICKYCHRHMVVHRDLKPENVLLIADFGLS,Large BRICS fragment
18,172,AMPKa1,6c9f,8.0,CAMKL,CAMK,Human,STU, ,A,in,in,[],DTLGVGTFGKVKVVAVKILKIRREIQNLKLFRPHIIKLYQVFMVMEYVSGGELFDYICKYCHRHMVVHRDLKPENVLLIADFGLS,Large BRICS fragment
19,173,AMPKa1,6c9g,8.0,CAMKL,CAMK,Human,STU, ,A,in,in,[],DTLGVGTFGKVKVVAVKILKIRREIQNLKLFRPHIIKLYQVFMVMEYVSGGELFDYICKYCHRHMVVHRDLKPENVLLIADFGLS,Large BRICS fragment
20,174,AMPKa1,6c9h,8.0,CAMKL,CAMK,Human,STU, ,A,in,out,[],DTLGVGTFGKVKVVAVKILKIRREIQNLKLFRPHIIKLYQVFMVMEYVSGGELFDYICKYCHRHMVVHRDLKPENVLLIADFGLS,Large BRICS fragment
21,175,AMPKa1,6c9j,8.0,CAMKL,CAMK,Human,STU, ,A,in,out,[],DTLGVGTFGKVKVVAVKILKIRREIQNLKLFRPHIIKLYQVFMVMEYVSGGELFDYICKYCHRHMVVHRDLKPENVLLIADFGLS,Large BRICS fragment
22,176,AMPKa2,4cfe,8.0,CAMKL,CAMK,Human,STU, ,C,in,out,[],DTLGVGTFGKVKIVAVKILKIKREIQNLKLFRPHIIKLYQVFMVMEYVSGGELFDYICKYCHRHMVVHRDLKPENVLLIADFGLS,Large BRICS fragment
23,177,AMPKa2,4cff,8.0,CAMKL,CAMK,Human,STU, ,C,in,out,[],DTLGVGTFGKVKIVAVKILKIKREIQNLKLFRPHIIKLYQVFMVMEYVSGGELFDYICKYCHRHMVVHRDLKPENVLLIADFGLS,Large BRICS fragment
24,178,AMPKa2,4zhx,8.0,CAMKL,CAMK,Human,4O7,B,C,in,in,[],DTLGVGTFGKVKIVAVKILKIKREIQNLKLFRPHIIKLYQVFMVMEYVSGGELFDYICKYCHRHMVVHRDLKPENVLLIADFGLS,Large BRICS fragment
25,179,AMPKa2,5ezv,9.7,CAMKL,CAMK,Human,STU,A,A,in,in,[],DTLGVGTFGKVKIVAVKILKIKREIQNLKLFRPHIIKLYQVFMVMEYVSGGELFDYICKYCHRHMVVHRDLKPENVLLIADFGLS,Large BRICS fragment
26,180,AMPKa2,5iso,9.0,CAMKL,CAMK,Human,STU, ,A,in,out,[],DTLGVGTFGKVKIVAVKILKIKREIQNLKLFRPHIIKLYQVFMVMEYVSGGELFDYICKYCHRHMVVHRDLKPENVLLIADFGLS,Large BRICS fragment
27,181,AMPKa2,6b1u,9.1,CAMKL,CAMK,Human,STU,A,A,in,in,[],DTLGVGTFGKVKIVAVKILKIKREIQNLKLFRPHIIKLYQVFMVMEYVSGGELFDYICKYCHRHMVVHRDLKPENVLLIADFGLS,Large BRICS fragment
28,182,AMPKa2,6b2e,8.0,CAMKL,CAMK,Human,STU, ,A,in,in,[],DTLGVGTFGKVKIVAVKILKIKREIQNLKLFRPHIIKLYQVFMVMEYVSGGELFDYICKYCHRHMVVHRDLKPENVLLIADFGLS,Large BRICS fragment
29,183,AXL,5u6b,8.0,Axl,TK,Human,7YS, ,C,in,out,[],KTLGEGEFGAVMEVAVKTMDFLSEAVCMKEFDPNVMRLIGVVVILPFMKHGDLHSFLLYYLSTKRFIHRDLAARNCMLVADFGLS,Large BRICS fragment
30,197,AurA,2wtw,8.4,Aur,Other,Human,ZZL, ,A,in,in,[],RPLGKGKFGNVYLLALKVLQLRREVEIQSHLRPNILRLYGYYLILEYAPRGEVYKELQKYCHSKRVIHRDIKPENLLLIADFGWS,Large BRICS fragment
31,331,BRAF,3q4c,8.0,RAF,TKL,Human,RSW, ,A,in,in,[],QRIGSGSFGTVYKVAVKMLAFKNEVGVLRKTRVNILLFMGYAIVTQWCEGSSLYHHLHIYLHAKSIIHRDLKSNNIFLIGDFGLA,Large BRICS fragment
32,493,CDK2,1aq1,7.6,CDK,CMGC,Human,STU, ,A,in,out,"[50, 85]",EKIGEGTYGVVYKVALKKITAIREISLLKELNPNIVKLLDVYLVFEFLH_QDLKKFMDAFCHSHRVLHRDLKPQNLLILADFGL_,Large BRICS fragment
33,541,CDK2,1pkd,8.0,CDK,CMGC,Human,UCN, ,C,in,in,[50],EKIGEGTYGVVYKVALKKITAIREISLLKELNPNIVKLLDVYLVFEFLH_QDLKKFMDAFCHSHRVLHRDLKPQNLLILADFGLA,Large BRICS fragment
34,593,CDK2,2ds1,8.0,CDK,CMGC,Human,1CD, ,A,in,out,[50],EKIGEGTYGVVYKVALKKITAIREISLLKELNPNIVKLLDVYLVFEHVH_QDLKTFMDAFCHSHRVLHRDLKPQNLLILADFGLA,Large BRICS fragment
35,645,CDK2,2wih,8.0,CDK,CMGC,Human,P48, ,C,in,in,[50],EKIGEGTYGVVYKVALKKITAIREISLLKELNPNIVKLLDVYLVFEFLH_QDLKKFMDAFCHSHRVLHRDLKPQNLLILADFGLA,AP not occupied
36,664,CDK2,3fz1,8.0,CDK,CMGC,Human,B98, ,A,in,out,[50],EKIGEGTYGVVYKVALKKITAIREISLLKELNPNIVKLLDVYLVFEFLH_QDLKKFMDAFCHSHRVLHRDLKPQNLLILADFGLA,AP not occupied
37,667,CDK2,3le6,8.0,CDK,CMGC,Human,2BZ, ,A,in,out,[50],EKIGEGTYGVVYKVALKKITAIREISLLKELNPNIVKLLDVYLVFEFLH_QDLKKFMDAFCHSHRVLHRDLKPQNLLILADFGLA,Large BRICS fragment
38,674,CDK2,3pxf,8.0,CDK,CMGC,Human,2AN,A,A,in,out,[50],EKIGEGTYGVVYKVALKKITAIREISLLKELNPNIVKLLDVYLVFEFLH_QDLKKFMDAFCHSHRVLHRDLKPQNLLILADFGLA,AP not occupied
39,759,CDK2,3tiy,8.0,CDK,CMGC,Human,TIY,A,A,in,out,[50],EKIGEGTYGVVYKVALKKITAIREISLLKELNPNIVKLLDVYLVFEFLH_QDLKKFMDAFCHSHRVLHRDLKPQNLLILADFGLA,AP not occupied
40,761,CDK2,3tnw,8.0,CDK,CMGC,Human,F18,B,A,in,in,[50],EKIGEGTYGVVYKVALKKITAIREISLLKELNPNIVKLLDVYLVFEFLH_QDLKKFMDAFCHSHRVLHRDLKPQNLLILADFGLA,AP not occupied
41,781,CDK2,4d1x,8.2,CDK,CMGC,Human,ESJ, ,A,in,out,[50],EKIGEGTYGVVYKVALKKITAIREISLLKELNPNIVKLLDVYLVFEFLH_QDLKKFMDAFCHSHRVLHRDLKPQNLLILADFGLA,AP not occupied
42,798,CDK2,4erw,8.0,CDK,CMGC,Human,STU, ,A,in,out,[50],EKIGEGTYGVVYKVALKKITAIREISLLKELNPNIVKLLDVYLVFEFLH_QDLKKFMDAFCHSHRVLHRDLKPQNLLILADFGLA,Large BRICS fragment
43,807,CDK2,4fkq,9.6,CDK,CMGC,Human,42K,A,A,in,out,[50],EKIGEGTYGVVYKVALKKITAIREISLLKELNPNIVKLLDVYLVFEFLH_QDLKKFMDAFCHSHRVLHRDLKPQNLLILADFGLA,Large BRICS fragment
44,831,CDK2,5fp6,7.2,CDK,CMGC,Human,MFZ,B,A,in,out,"[50, 84, 85]",EKIGEGTYGVVYKVALKKITAIREISLLKELNPNIVKLLDVYLVFEFLH_QDLKKFMDAFCHSHRVLHRDLKPQNLLILADFG__,AP not occupied
45,861,CDK2,6q4d,8.0,CDK,CMGC,Human,HHT,A,A,in,out,[50],EKIGEGTYGVVYKVALKKITAIREISLLKELNPNIVKLLDVYLVFEFLH_QDLKKFMDAFCHSHRVLHRDLKPQNLLILADFGLA,AP not occupied
46,875,CDK2,7nvq,8.0,CDK,CMGC,Human,STU, ,A,in,out,[50],EKIGEGTYGVVYKVALKKITAIREISLLKELNPNIVKLLDVYLVFEFLH_QDLKKFMDAFCHSHRVLHRDLKPQNLLILADFGLA,Large BRICS fragment
47,931,CDK9,3tn8,8.0,CDK,CMGC,Human,F18, ,A,in,in,[50],AKIGQGTFGEVFKVALKKVTALREIKILQLLKENVVNLIEIYLVFDFCE_HDLAGLLSNYIHRNKILHRDMKAANVLILADFGLA,AP not occupied
48,932,CDK9,3tnh,8.0,CDK,CMGC,Human,F18, ,A,in,in,[50],AKIGQGTFGEVFKVALKKVTALREIKILQLLKENVVNLIEIYLVFDFCE_HDLAGLLSNYIHRNKILHRDMKAANVLILADFGLA,AP not occupied
49,951,CHK1,1nvq,9.6,CAMKL,CAMK,Human,UCN, ,A,in,in,[],QTLGEGAYGEVQLVAVKIVNIKKEICINKMLNENVVKFYGHYLFLEYCSGGELFDRIEPYLHGIGITHRDIKPENLLLISDFGLA,Large BRICS fragment
50,952,CHK1,1nvr,9.6,CAMKL,CAMK,Human,STU, ,A,in,in,[],QTLGEGAYGEVQLVAVKIVNIKKEICINKMLNENVVKFYGHYLFLEYCSGGELFDRIEPYLHGIGITHRDIKPENLLLISDFGLA,Large BRICS fragment
51,953,CHK1,1nvs,9.6,CAMKL,CAMK,Human,UCM, ,A,in,in,[],QTLGEGAYGEVQLVAVKIVNIKKEICINKMLNENVVKFYGHYLFLEYCSGGELFDRIEPYLHGIGITHRDIKPENLLLISDFGLA,Large BRICS fragment
52,974,CHK1,2e9u,8.0,CAMKL,CAMK,Human,A25, ,A,in,in,[],QTLGEGAYGEVQLVAVKIVNIKKEICINKMLNENVVKFYGHYLFLEYCSGGELFDRIEPYLHGIGITHRDIKPENLLLISDFGLA,Large BRICS fragment
53,975,CHK1,2e9v,8.0,CAMKL,CAMK,Human,85A, ,A,in,in,[],QTLGEGAYGEVQLVAVKIVNIKKEICINKMLNENVVKFYGHYLFLEYCSGGELFDRIEPYLHGIGITHRDIKPENLLLISDFGLA,Large BRICS fragment
54,1061,CHK1,5oor,8.8,CAMKL,CAMK,Human,STU, ,A,in,in,[],QTLGEGAYGEVQLVAVKIVNIKKEICILKMLNENVIKFYGHYLFMELASGGSLFDRIEPYLHGIGITHRDIKPHNLLLIADYSLA,Large BRICS fragment
55,1080,CHK1,7ako,9.9,CAMKL,CAMK,Human,STU,A,B,in,in,[],QTLGEGAYGEVQLVAVKIVNIKKEICINKMLNENVVKFYGHYLFLEYCSGGELFDRIEPYLHGIGITHRDIKPENLLLISDFGLA,Large BRICS fragment
56,1098,CHK1,7sui,8.0,CAMKL,CAMK,Human,UNK, ,A,in,in,[],QTLGEGAYGEVQLVAVKIVNIKKEICILKMLNENVIKFYGHYLFMELASGGSLFDRIEPYLHGIGITHRDIKPHNLLLIADYSLA,AP not occupied
57,1112,CHK2,2ycf,8.0,RAD53,CAMK,Human,YCF,B,A,in,in,[],KTLGSGACGEVKLVAIKIINVETEIEILKKLNPCIIKIKNFYIVLELMEGGELFDKVVGYLHENGIIHRDLKPENVLLITDFGHS,AP not occupied
58,1113,CHK2,2ycq,8.0,RAD53,CAMK,Human,UPX,A,A,in,in,[],KTLGSGACGEVKLVAIKIINVETEIEILKKLNPCIIKIKNFYIVLELMEGGELFDKVVGYLHENGIIHRDLKPENVLLITDFGHS,Unwanted subpocket connection
59,1114,CHK2,2ycr,8.0,RAD53,CAMK,Human,HCW,A,A,in,in,"[7, 8, 9]",KTLGSG___EVKLVAIKIINVETEIEILKKLNPCIIKIKNFYIVLELMEGGELFDKVVGYLHENGIIHRDLKPENVLLITDFGHS,Unwanted subpocket connection
60,1118,CHK2,2yit,8.0,RAD53,CAMK,Human,YIT,B,A,in,in,[],KTLGSGACGEVKLVAIKIINVETEIEILKKLNPCIIKIKNFYIVLELMEGGELFDKVVGYLHENGIIHRDLKPENVLLITDFGHS,AP not occupied
61,1177,CK2a1,2zjw,8.0,CK2,CMGC,Human,REF, ,A,in,in,"[50, 57, 58]",RKLGRGKYSEVFEVVVKILKIKREIKILENLRPNIITLADIALVFEHVN_NTDFKQ__LYCHSMGIMHRDVKPHNVMILIDWGLA,AP not occupied
62,1182,CK2a1,3bqc,8.0,CK2,CMGC,Human,EMO,A,A,in,in,"[50, 57, 58]",RKLGRGKYSEVFEVVVKILKIKREIKILENLRPNIITLADIALVFEHVN_NTDFKQ__LYCHSMGIMHRDVKPHNVMILIDWGLA,AP not occupied
63,1183,CK2a1,3c13,8.0,CK2,CMGC,Human,EMO,B,A,in,in,"[50, 57, 58]",RKLGRGKYSEVFEVVVKILKIKREIKILENLRPNIITLADIALVFEHVN_NTDFKQ__LYCHSMGIMHRDVKPHNVMILIDWGLA,AP not occupied
64,1190,CK2a1,3owj,8.0,CK2,CMGC,Human,1EL,A,A,in,in,"[50, 57, 58]",RKLGRGKYSEVFEVVVKILKIKREIKILENLRPNIITLADIALVFEHVN_NTDFKQ__LYCHSMGIMHRDVKPHNVMILIDWGLA,AP not occupied
65,1192,CK2a1,3owl,8.0,CK2,CMGC,Human,19E,B,A,in,in,"[50, 57, 58]",RKLGRGKYSEVFEVVVKILKIKREIKILENLRPNIITLADIALVFEHVN_NTDFKQ__LYCHSMGIMHRDVKPHNVMILIDWGLA,AP not occupied
66,1195,CK2a1,3q9w,8.0,CK2,CMGC,Human,EMO,B,A,in,in,"[50, 57, 58]",RKLGRGKYSEVFEVVVKILKIKREIKILENLRPNIITLADIALVFEHVN_NTDFKQ__LYCHSMGIMHRDVKPHNVMILIDWGLA,AP not occupied
67,1196,CK2a1,3q9x,8.0,CK2,CMGC,Human,EMO,B,B,in,in,"[50, 57, 58]",RKLGRGKYSEVFEVVVKILKIKREIKILENLRPNIITLADIALVFEHVN_NTDFKQ__LYCHSMGIMHRDVKPHNVMILIDWGLA,AP not occupied
68,1204,CK2a1,3war,8.0,CK2,CMGC,Human,NIO,A,A,in,in,"[50, 57, 58]",RKLGRGKYSEVFEVVVKILKIKREIKILENLRPNIITLADIALVFEHVN_NTDFKQ__LYCHSMGIMHRDVKPHNVMILIDWGLA,AP not occupied
69,1222,CK2a1,5ct0,8.0,CK2,CMGC,Human,54P,A,B,in,in,"[50, 57, 58]",RKLGRGKYSEVFEVVVKILKIKREIKILENLRPNIITLADIALVFEHVN_NTDFKQ__LYCHSMGIMHRDVKPHNVMILIDWGLA,AP not occupied
70,1223,CK2a1,5ctp,8.0,CK2,CMGC,Human,54R,B,A,in,in,"[50, 57, 58]",RKLGRGKYSEVFEVVVKILKIKREIKILENLRPNIITLADIALVFEHVN_NTDFKQ__LYCHSMGIMHRDVKPHNVMILIDWGLA,AP not occupied
71,1224,CK2a1,5cu0,8.0,CK2,CMGC,Human,54R,B,A,in,in,"[50, 57, 58]",RKLGRGKYSEVFEVVVKILKIKREIKILENLRPNIITLADIALVFEHVN_NTDFKQ__LYCHSMGIMHRDVKPHNVMILIDWGLA,AP not occupied
72,1225,CK2a1,5cu2,8.0,CK2,CMGC,Human,551,B,B,in,in,"[50, 57, 58]",RKLGRGKYSEVFEVVVKILKIKREIKILENLRPNIITLADIALVFEHVN_NTDFKQ__LYCHSMGIMHRDVKPHNVMILIDWGLA,AP not occupied
73,1231,CK2a1,5cx9,8.0,CK2,CMGC,Human,551,A,B,in,in,"[50, 57, 58]",RKLGRGKYSEVFEVVVKILKIKREIKILENLRPNIITLADIALVFEHVN_NTDFKQ__LYCHSMGIMHRDVKPHNVMILIDWGLA,AP not occupied
74,1241,CK2a1,5mmf,8.0,CK2,CMGC,Human,JMB,B,A,in,in,"[50, 57, 58]",RKLGRGKYSEVFEVVVKILKIKREIKILENLRPNIITLADIALVFEHVN_NTDFKQ__LYCHSMGIMHRDVKPHNVMILIDWGLA,AP not occupied
75,1242,CK2a1,5mmr,8.0,CK2,CMGC,Human,H83,B,A,in,in,"[50, 57, 58]",RKLGRGKYSEVFEVVVKILKIKREIKILENLRPNIITLADIALVFEHVN_NTDFKQ__LYCHSMGIMHRDVKPHNVMILIDWGLA,AP not occupied
76,1243,CK2a1,5mo5,8.0,CK2,CMGC,Human,4IH,B,A,in,in,"[50, 57, 58]",RKLGRGKYSEVFEVVVKILKIKREIKILENLRPNIITLADIALVFEHVN_NTDFKQ__LYCHSMGIMHRDVKPHNVMILIDWGLA,AP not occupied
77,1244,CK2a1,5mo6,8.0,CK2,CMGC,Human,KXZ,B,A,in,in,"[50, 57, 58]",RKLGRGKYSEVFEVVVKILKIKREIKILENLRPNIITLADIALVFEHVN_NTDFKQ__LYCHSMGIMHRDVKPHNVMILIDWGLA,AP not occupied
78,1245,CK2a1,5mo7,8.0,CK2,CMGC,Human,YRA,A,A,in,in,"[50, 57, 58]",RKLGRGKYSEVFEVVVKILKIKREIKILENLRPNIITLADIALVFEHVN_NTDFKQ__LYCHSMGIMHRDVKPHNVMILIDWGLA,AP not occupied
79,1254,CK2a1,5n1v,8.0,CK2,CMGC,Human,8GQ,B,B,in,in,"[50, 57, 58]",RKLGRGKYSEVFEVVVKILKIKREIKILENLRPNIITLADIALVFEHVN_NTDFKQ__LYCHSMGIMHRDVKPHNVMILIDWGLA,Large BRICS fragment
80,1255,CK2a1,5n9k,8.0,CK2,CMGC,Human,8QK,A,A,in,in,"[50, 57, 58]",RKLGRGKYSEVFEVVVKILKIKREIKILENLRPNIITLADIALVFEHVN_NTDFKQ__LYCHSMGIMHRDVKPHNVMILIDWGLA,Large BRICS fragment
81,1257,CK2a1,5n9n,8.0,CK2,CMGC,Human,8QK,B,A,in,in,"[50, 57, 58]",RKLGRGKYSEVFEVVVKILKIKREIKILENLRPNIITLADIALVFEHVN_NTDFKQ__LYCHSMGIMHRDVKPHNVMILIDWGLA,Large BRICS fragment
82,1269,CK2a1,5osz,8.0,CK2,CMGC,Human,AHK,A,A,in,in,"[50, 57, 58]",RKLGRGKYSEVFEVVVKILKIKREIKILENLRPNIITLADIALVFEHVN_NTDFKQ__LYCHSMGIMHRDVKPHNVMILIDWGLA,AP not occupied
83,1270,CK2a1,5ot5,8.0,CK2,CMGC,Human,AWK,B,B,in,in,"[50, 57, 58]",RKLGRGKYSEVFEVVVKILKIKREIKILENLRPNIITLADIALVFEHVN_NTDFKQ__LYCHSMGIMHRDVKPHNVMILIDWGLA,AP not occupied
84,1271,CK2a1,5ot6,8.0,CK2,CMGC,Human,AJK,A,A,in,in,"[50, 57, 58]",RKLGRGKYSEVFEVVVKILKIKREIKILENLRPNIITLADIALVFEHVN_NTDFKQ__LYCHSMGIMHRDVKPHNVMILIDWGLA,AP not occupied
85,1272,CK2a1,5otd,8.0,CK2,CMGC,Human,AOW,B,B,in,in,"[50, 57, 58]",RKLGRGKYSEVFEVVVKILKIKREIKILENLRPNIITLADIALVFEHVN_NTDFKQ__LYCHSMGIMHRDVKPHNVMILIDWGLA,AP not occupied
86,1273,CK2a1,5oth,8.0,CK2,CMGC,Human,AQ8,A,A,in,in,"[50, 57, 58]",RKLGRGKYSEVFEVVVKILKIKREIKILENLRPNIITLADIALVFEHVN_NTDFKQ__LYCHSMGIMHRDVKPHNVMILIDWGLA,AP not occupied
87,1274,CK2a1,5oti,8.0,CK2,CMGC,Human,AOK,B,A,in,in,"[50, 57, 58]",RKLGRGKYSEVFEVVVKILKIKREIKILENLRPNIITLADIALVFEHVN_NTDFKQ__LYCHSMGIMHRDVKPHNVMILIDWGLA,AP not occupied
88,1275,CK2a1,5otl,8.0,CK2,CMGC,Human,AQT,B,B,in,in,"[50, 57, 58]",RKLGRGKYSEVFEVVVKILKIKREIKILENLRPNIITLADIALVFEHVN_NTDFKQ__LYCHSMGIMHRDVKPHNVMILIDWGLA,AP not occupied
89,1276,CK2a1,5oto,8.0,CK2,CMGC,Human,AQW,B,B,in,in,"[50, 57, 58]",RKLGRGKYSEVFEVVVKILKIKREIKILENLRPNIITLADIALVFEHVN_NTDFKQ__LYCHSMGIMHRDVKPHNVMILIDWGLA,AP not occupied
90,1277,CK2a1,5otp,8.0,CK2,CMGC,Human,AT8,B,A,in,in,"[50, 57, 58]",RKLGRGKYSEVFEVVVKILKIKREIKILENLRPNIITLADIALVFEHVN_NTDFKQ__LYCHSMGIMHRDVKPHNVMILIDWGLA,AP not occupied
91,1278,CK2a1,5otq,8.0,CK2,CMGC,Human,AUH,A,A,in,in,"[50, 57, 58]",RKLGRGKYSEVFEVVVKILKIKREIKILENLRPNIITLADIALVFEHVN_NTDFKQ__LYCHSMGIMHRDVKPHNVMILIDWGLA,AP not occupied
92,1280,CK2a1,5ots,8.0,CK2,CMGC,Human,AU2,A,A,in,in,"[50, 57, 58]",RKLGRGKYSEVFEVVVKILKIKREIKILENLRPNIITLADIALVFEHVN_NTDFKQ__LYCHSMGIMHRDVKPHNVMILIDWGLA,AP not occupied
93,1281,CK2a1,5oty,8.0,CK2,CMGC,Human,TFA,B,A,in,in,"[50, 57, 58]",RKLGRGKYSEVFEVVVKILKIKREIKILENLRPNIITLADIALVFEHVN_NTDFKQ__LYCHSMGIMHRDVKPHNVMILIDWGLA,AP not occupied
94,1282,CK2a1,5otz,8.0,CK2,CMGC,Human,TFA,B,A,in,in,"[50, 57, 58]",RKLGRGKYSEVFEVVVKILKIKREIKILENLRPNIITLADIALVFEHVN_NTDFKQ__LYCHSMGIMHRDVKPHNVMILIDWGLA,AP not occupied
95,1283,CK2a1,5oue,8.0,CK2,CMGC,Human,AW5,B,A,in,in,"[50, 57, 58]",RKLGRGKYSEVFEVVVKILKIKREIKILENLRPNIITLADIALVFEHVN_NTDFKQ__LYCHSMGIMHRDVKPHNVMILIDWGLA,AP not occupied
96,1285,CK2a1,5oum,8.0,CK2,CMGC,Human,AVK,A,A,in,in,"[50, 57, 58]",RKLGRGKYSEVFEVVVKILKIKREIKILENLRPNIITLADIALVFEHVN_NTDFKQ__LYCHSMGIMHRDVKPHNVMILIDWGLA,AP not occupied
97,1286,CK2a1,5ouu,8.0,CK2,CMGC,Human,AWN,B,B,in,in,"[50, 57, 58]",RKLGRGKYSEVFEVVVKILKIKREIKILENLRPNIITLADIALVFEHVN_NTDFKQ__LYCHSMGIMHRDVKPHNVMILIDWGLA,AP not occupied
98,1287,CK2a1,5owh,8.0,CK2,CMGC,Human,B0K, ,A,in,in,"[50, 57, 58]",RKLGRGKYSEVFEVVVKILKIKREIKILENLRPNIITLADIALVFEHVN_NTDFKQ__LYCHSMGIMHRDVKPHNVMILIDWGLA,AP not occupied
99,1289,CK2a1,5oyf,8.0,CK2,CMGC,Human,B4Q,A,A,in,in,"[50, 57, 58]",RKLGRGKYSEVFEVVVKILKIKREIKILENLRPNIITLADIALVFEHVN_NTDFKQ__LYCHSMGIMHRDVKPHNVMILIDWGLA,AP not occupied
100,1291,CK2a1,6a1c,8.0,CK2,CMGC,Human,9NX,A,A,in,in,"[50, 57, 58]",RKLGRGKYSEVFEVVVKILKIKREIKILENLRPNIITLADIALVFEHVN_NTDFKQ__LYCHSMGIMHRDVKPHNVMILIDWGLA,AP not occupied
101,1292,CK2a1,6ehk,8.0,CK2,CMGC,Human,AUW,A,A,in,in,"[50, 57, 58]",RKLGRGKYSEVFEVVVKILKIKREIKILENLRPNIITLADIALVFEHVN_NTDFKQ__LYCHSMGIMHRDVKPHNVMILIDWGLA,AP not occupied
102,1293,CK2a1,6ehu,8.0,CK2,CMGC,Human,B5E,A,B,in,in,"[50, 57, 58]",RKLGRGKYSEVFEVVVKILKIKREIKILENLRPNIITLADIALVFEHVN_NTDFKQ__LYCHSMGIMHRDVKPHNVMILIDWGLA,AP not occupied
103,1294,CK2a1,6eii,8.0,CK2,CMGC,Human,B5W,B,B,in,in,"[50, 57, 58]",RKLGRGKYSEVFEVVVKILKIKREIKILENLRPNIITLADIALVFEHVN_NTDFKQ__LYCHSMGIMHRDVKPHNVMILIDWGLA,AP not occupied
104,1297,CK2a1,6hbn,8.0,CK2,CMGC,Human,FXB,A,B,in,in,"[50, 57, 58]",RKLGRGKYSEVFEVVVKILKIKREIKILENLRPNIITLADIALVFEHVN_NTDFKQ__LYCHSMGIMHRDVKPHNVMILIDWGLA,AP not occupied
105,1298,CK2a1,6hme,8.0,CK2,CMGC,Human,FXB,A,A,in,in,"[50, 57, 58]",RKLGRGKYSEVFEVVVKILKIKREIKILENLRPNIITLADIALVFEHVN_NTDFKQ__LYCHSMGIMHRDVKPHNVMILIDWGLA,AP not occupied
106,1300,CK2a1,6hny,8.0,CK2,CMGC,Human,GHT,A,A,in,in,"[50, 57, 58]",RKLGRGKYSEVFEVVVKILKIKREIKILENLRPNIITLADIALVFEHVN_NTDFKQ__LYCHSMGIMHRDVKPHNVMILIDWGLA,AP not occupied
107,1305,CK2a1,6hou,8.0,CK2,CMGC,Human,V55,B,A,in,in,"[50, 57, 58]",RKLGRGKYSEVFEVVVKILKIKREIKILENLRPNIITLADIALVFEHVN_NTDFKQ__LYCHSMGIMHRDVKPHNVMILIDWGLA,AP not occupied
108,1307,CK2a1,6l1z,8.0,CK2,CMGC,Human,E3U, ,A,in,in,"[50, 57, 58]",RKLGRGKYSEVFEVVVKILKIKREIKILENLRPNIITLADIALVFEHVN_NTDFKQ__LYCHSMGIMHRDVKPHNVMILIDWGLA,AP not occupied
109,1308,CK2a1,6l21,8.0,CK2,CMGC,Human,E3U, ,A,in,in,"[50, 57, 58]",RKLGRGKYSEVFEVVVKILKIKREIKILENLRPNIITLADIALVFEHVN_NTDFKQ__LYCHSMGIMHRDVKPANVMILIDWGLA,AP not occupied
110,1309,CK2a1,6l22,8.0,CK2,CMGC,Human,E3U,A,A,in,in,"[50, 57, 58]",RKLGRGKYSEVFEVVVKILKIKREIKILENLRPNIITLADIALVFEYVN_NTDFKQ__LYCHSMGIMHRDVKPHNVMILIDWGLA,AP not occupied
111,1310,CK2a1,6l23,8.0,CK2,CMGC,Human,E3U,B,A,in,in,"[50, 57, 58]",RKLGRGKYSEVFEVVVKILKIKREIKILENLRPNIITLADIALVFEHIN_NTDFKQ__LYCHSMGIMHRDVKPHNVMILIDWGLA,AP not occupied
112,1311,CK2a1,6l24,8.0,CK2,CMGC,Human,E3U,B,A,in,in,"[50, 57, 58]",RKLGRGKYSEVFEVVVKILKIKREIKILENLRPNIITLADIALVFEYIN_NTDFKQ__LYCHSMGIMHRDVKPHNVMILIDWGLA,AP not occupied
113,1322,CK2a1,6tlo,8.0,CK2,CMGC,Human,NKB,B,A,in,in,"[50, 57, 58]",RKLGRGKYSEVFEVVVKILKIKREIKILENLRPNIITLADIALVFEHVN_NTDFKQ__LYCHSMGIMHRDVKPHNVMILIDWGLA,AP not occupied
114,1323,CK2a1,6tlp,8.0,CK2,CMGC,Human,7M0,B,A,in,in,"[50, 57, 58]",RKLGRGKYSEVFEVVVKILKIKREIKILENLRPNIITLADIALVFEHVN_NTDFKQ__LYCHSMGIMHRDVKPHNVMILIDWGLA,AP not occupied
115,1324,CK2a1,6tlr,8.0,CK2,CMGC,Human,NKE,B,A,in,in,"[50, 57, 58]",RKLGRGKYSEVFEVVVKILKIKREIKILENLRPNIITLADIALVFEHVN_NTDFKQ__LYCHSMGIMHRDVKPHNVMILIDWGLA,AP not occupied
116,1325,CK2a1,6tls,8.0,CK2,CMGC,Human,NL2,A,A,in,in,"[50, 57, 58]",RKLGRGKYSEVFEVVVKILKIKREIKILENLRPNIITLADIALVFEHVN_NTDFKQ__LYCHSMGIMHRDVKPHNVMILIDWGLA,AP not occupied
117,1326,CK2a1,6tlu,8.0,CK2,CMGC,Human,NKT,B,A,in,in,"[50, 57, 58]",RKLGRGKYSEVFEVVVKILKIKREIKILENLRPNIITLADIALVFEHVN_NTDFKQ__LYCHSMGIMHRDVKPHNVMILIDWGLA,AP not occupied
118,1327,CK2a1,6tlv,8.0,CK2,CMGC,Human,NKW,A,A,in,in,"[50, 57, 58]",RKLGRGKYSEVFEVVVKILKIKREIKILENLRPNIITLADIALVFEHVN_NTDFKQ__LYCHSMGIMHRDVKPHNVMILIDWGLA,AP not occupied
119,1328,CK2a1,6tlw,8.0,CK2,CMGC,Human,NKZ,B,A,in,in,"[50, 57, 58]",RKLGRGKYSEVFEVVVKILKIKREIKILENLRPNIITLADIALVFEHVN_NTDFKQ__LYCHSMGIMHRDVKPHNVMILIDWGLA,AP not occupied
120,1338,CK2a1,7a49,8.0,CK2,CMGC,Human,QWN, ,B,in,in,"[50, 57, 58]",RKLGRGKYSEVFEVVVKILKIKREIKILENLRPNIITLADIALVFEHVN_NTDFKQ__LYCHSMGIMHRDVKPHNVMILIDWGLA,AP not occupied
121,1339,CK2a1,7a4b,8.0,CK2,CMGC,Human,QXW,B,A,in,in,"[50, 57, 58]",RKLGRGKYSEVFEVVVKILKIKREIKILENLRPNIITLADIALVFEHVN_NTDFKQ__LYCHSMGIMHRDVKPHNVMILIDWGLA,AP not occupied
122,1353,CK2a2,5y9m,6.8,CK2,CMGC,Human,NIO, ,A,in,in,"[5, 6, 7, 50]",RKLG___YSEVFEVVVKILKIKREVKILENLRTNIIKLIDTALVFEYIN_NTDFKQLYQYCHSKGIMHRDVKPHNVMILIDWGLA,AP not occupied
123,1354,CK2a2,5yf9,6.0,CK2,CMGC,Human,NIO,B,X,in,in,"[5, 6, 7, 8, 9, 50]",RKLG_____EVFEVVVKILKIKREVKILENLRTNIIKLIDTALVFEYIN_NTDFKQLYQYCHSKGIMHRDVKPHNVMILIDWGLA,AP not occupied
124,1357,CK2a2,6hmc,8.0,CK2,CMGC,Human,FXB,A,A,in,in,[50],RKLGRGKYSEVFEVVVKILKIKREVKILENLRTNIIKLIDTALVFEYIN_NTDFKQLYQYCHSKGIMHRDVKPHNVMILIDWGLA,AP not occupied
125,1358,CK2a2,6hmd,8.0,CK2,CMGC,Human,GDW,A,A,in,in,[50],RKLGRGKYSEVFEVVVKILKIKREVKILENLRTNIIKLIDTALVFEYIN_NTDFKQLYQYCHSKGIMHRDVKPHNVMILIDWGLA,AP not occupied
126,1360,CK2a2,6l20,6.8,CK2,CMGC,Human,E3U, ,G,in,in,"[7, 8, 9, 50]",RKLGRG___EVFEVVVKILKIKREVKILENLRTNIIKLIDTALVFEYIN_NTDFKQLYQYCHSKGIMHRDVKPHNVMILIDWGLA,AP not occupied
127,1366,CK2a2,7a1b,8.0,CK2,CMGC,Human,QXW,B,A,in,in,[50],RKLGRGKYSEVFEVVVKILKIKREVKILENLRTNIIKLIDTALVFEYIN_NTDFKQLYQYCHSKGIMHRDVKPHNVMILIDWGLA,AP not occupied
128,1367,CK2a2,7a1z,8.0,CK2,CMGC,Human,QWN,A,A,in,in,[50],RKLGRGKYSEVFEVVVKILKIKREVKILENLRTNIIKLIDTALVFEYIN_NTDFKQLYQYCHSKGIMHRDVKPHNVMILIDWGLA,AP not occupied
129,1373,CLK1,2vag,8.0,CLK,CMGC,Human,V25,B,A,in,in,[50],DTLGEGAFGKVVEVAVKIVAARSEIQVLEHLNFRCVQMLEWCIVFELLG_LSTYDFIKEFLHSNKLTHTDLKPENILFVVDFGSA,AP not occupied
130,1388,CLK1,6qty,8.0,CLK,CMGC,Human,V25,A,A,in,in,[50],DTLGEGAFGKVVEVAVKIVAARSEIQVLEHLNFRCVQMLEWCIVFELLG_LSTYDFIKEFLHSNKLTHTDLKPENILFVVDFGSA,AP not occupied
131,1394,CLK1,6tw2,8.0,CLK,CMGC,Human,V25,A,E,in,in,[50],DTLGEGAFGKVVEVAVKIVAARSEIQVLEHLNFRCVQMLEWCIVFELLG_LSTYDFIKEFLHSNKLTHTDLKPENILFVVDFGSA,AP not occupied
132,1396,CLK1,6ytd,8.0,CLK,CMGC,Human,EAE,A,A,in,in,[50],DTLGEGAFGKVVEVAVKIVAARSEIQVLEHLNFRCVQMLEWCIVFELLG_LSTYDFIKEFLHSNKLTHTDLKPENILFVADFGSA,AP not occupied
133,1397,CLK1,6yte,8.7,CLK,CMGC,Human,EAE,A,C,in,in,[50],DTLGEGAFGKVVEVAVKIVAARSEIQVLEHLNFRCVQMLEWCIVFELLG_LSTYDFIKEFLHSNKLTHTDLKPENILFVVDFGSA,AP not occupied
134,1398,CLK1,6ytg,9.6,CLK,CMGC,Human,KHC,A,A,in,in,[50],DTLGEGAFGKVVEVAVKIVAARSEIQVLEHLNFRCVQMLEWCIVFELLG_LSTYDFIKEFLHSNKLTHTDLKPENILFVVDFGSA,Large BRICS fragment
135,1401,CLK1,6z50,8.0,CLK,CMGC,Human,Q7K,B,A,in,in,[50],DTLGEGAFGKVVEVAVKIVAARSEIQVLEHLNFRCVQMLEWCIVFELLG_LSTYDFIKEFLHSNKLTHTDLKPENILFVVDFGSA,Large BRICS fragment
136,1414,CLK3,2wu7,9.0,CLK,CMGC,Human,V25,A,A,in,in,[50],GNLGEGTFGKVVEVALKIIAARLEINVLKKIKFLCVLMSDWCIAFELLG_KNTFEFLKEFLHENQLTHTDLKPENILFVADFGSA,AP not occupied
137,1421,CLK3,6ytw,9.6,CLK,CMGC,Human,EAE,B,B,in,in,[50],GNLGEGTFGKVVEVALKIIAARLEINVLKKIKFLCVLMSDWCIAFELLG_KNTFEFLKEFLHENQLTHTDLKPENILFVADFGSA,AP not occupied
138,1422,CLK3,6yty,9.3,CLK,CMGC,Human,EAE,B,A,in,in,[50],GNLGEGTFGKVVEVALKIIAARLEINVLKKIKFLCVLMSDWCIAFELLG_KNTFEFLKEFLHENQLTHTDLKPENILFVVDFGSA,AP not occupied
139,1423,CLK3,6yu1,9.6,CLK,CMGC,Human,KHC,A,c,in,in,[50],GNLGEGTFGKVVEVALKIIAARLEINVLKKIKFLCVLMSDWCIAFELLG_KNTFEFLKEFLHENQLTHTDLKPENILFVADFGSA,Large BRICS fragment
140,1424,CLK3,6z2v,9.7,CLK,CMGC,Human,KHC,B,A,in,in,[50],GNLGEGTFGKVVEVALKIIAARLEINVLKKIKFLCVLMSDWCIAFELLG_KNTFEFLKEFLHENQLTHTDLKPENILFVVDFGSA,Large BRICS fragment
141,1425,CLK3,6z51,8.0,CLK,CMGC,Human,Q8B,A,A,in,in,[50],GNLGEGTFGKVVEVALKIIAARLEINVLKKIKFLCVLMSDWCIAFELLG_KNTFEFLKEFLHENQLTHTDLKPENILFVADFGSA,Large BRICS fragment
142,1426,CLK3,6z52,8.0,CLK,CMGC,Human,Q8T,B,B,in,in,[50],GNLGEGTFGKVVEVALKIIAARLEINVLKKIKFLCVLMSDWCIAFELLG_KNTFEFLKEFLHENQLTHTDLKPENILFVADFGSA,Large BRICS fragment
143,1427,CLK3,6z53,8.0,CLK,CMGC,Human,Q7Z,A,A,in,in,[50],GNLGEGTFGKVVEVALKIIAARLEINVLKKIKFLCVLMSDWCIAFELLG_KNTFEFLKEFLHENQLTHTDLKPENILFVADFGSA,Large BRICS fragment
144,1428,CLK3,6z54,8.0,CLK,CMGC,Human,Q7H,A,A,in,in,[50],GNLGEGTFGKVVEVALKIIAARLEINVLKKIKFLCVLMSDWCIAFELLG_KNTFEFLKEFLHENQLTHTDLKPENILFVADFGSA,Large BRICS fragment
145,1440,CRK7,7nxk,8.2,CDK,CMGC,Human,UUB, ,A,in,in,[50],GIIGEGTYGQVYKVALKKVTAIREIKILRQLIRSVVNMKEIYLVFEYMD_HDLMGLLESYCHKKNFLHRDIKCSNILLLADFGLA,AP not occupied
146,1441,CSK,3d7t,7.2,Csk,TK,Human,STU, ,A,in,in,"[84, 85]",QTIGKGEFGDVMLVAVKCIAFLAEASVMTQLRSNLVQLLGVYIVTEYMAKGSLVDYLRSYLEGNNFVHRDLAARNVLVVSDFG__,Large BRICS fragment
147,1485,DAPK1,1wvy,8.0,DAPK,CAMK,Human,STU, ,A,in,in,[],EELGSGQFAVVKKYAAKFIDIEREVSILKEIQPNVITLHEVILILELVAGGELFDFLAEYLHSLQIAHFDLKPENIMLIIDFGLA,Large BRICS fragment
148,1489,DAPK1,2yak,8.0,DAPK,CAMK,Human,OSV,A,A,in,in,[],EELGSGQFAVVKKYAAKFIDIEREVSILKEIQPNVITLHEVILILELVAGGELFDFLAEYLHSLQIAHFDLKPENIMLIIDFGLA,Large BRICS fragment
149,1521,DAPK3,3bhy,8.1,DAPK,CAMK,Human,7CP,B,A,in,in,[],EELGSGQFAIVRKYAAKFIEIEREVNILREIRPNIITLHDIVLILELVSGGELFDFLAEYLHSKRIAHFDLKPENIMLLIDFGIA,Large BRICS fragment
150,1523,DAPK3,5a6n,8.0,DAPK,CAMK,Human,U7E,A,A,in,in,[],EELGSGQFAIVRKYAAKFIEIEREVNILREIRPNIITLHDIVLILELVSGGELFDFLAEYLHSKRIAHFDLKPENIMLLIDFGIA,AP not occupied
151,1536,DMPK1,2vd5,9.4,DMPK,AGC,Human,BI8, ,A,in,in,[],KVIGRGAFSEVAVYAMKIMCFREERDVLVNGDRWITQLHFAYLVMEYYVGGDLLTLLSKSVHRLGYVHRDIKPDNILLLADFGSC,Large BRICS fragment
152,1548,DYRK1A,3anq,8.0,DYRK,CMGC,Human,EHB, ,B,in,in,[50],SLIGKGSFGQVVKVAIKIIQAQIEVRLLELMNYYIVHLKRHCLVFEMLS_YNLYDLLRNATPELSIIHCDLKPENILLIVDFGSS,AP not occupied
153,1549,DYRK1A,3anr,8.0,DYRK,CMGC,Human,HRM, ,B,in,in,[50],SLIGKGSFGQVVKVAIKIIQAQIEVRLLELMNYYIVHLKRHCLVFEMLS_YNLYDLLRNATPELSIIHCDLKPENILLIVDFGSS,AP not occupied
154,1553,DYRK1A,4nct,8.0,DYRK,CMGC,Human,2K2, ,B,in,in,[50],SLIGKGSFGQVVKVAIKIIQAQIEVRLLELMNYYIVHLKRHCLVFEMLS_YNLYDLLRNATPELSIIHCDLKPENILLIVDFGSS,Large BRICS fragment
155,1554,DYRK1A,4ylj,8.0,DYRK,CMGC,Human,4E1,B,A,in,in,[50],SLIGKGSFGQVVKVAIKIIQAQIEVRLLELMNYYIVHLKRHCLVFEMLS_YNLYDLLRNATPELSIIHCDLKPENILLIVDFGSS,AP not occupied
156,1564,DYRK1A,5aik,9.8,DYRK,CMGC,Human,AWR, ,B,in,in,[50],SLIGKGSFGQVVKVAIKIIQAQIEVRLLELMNYYIVHLKRHCLVFEMLS_YNLYDLLRNATPELSIIHCDLKPENILLIVDFGSS,AP not occupied
157,1566,DYRK1A,6a1g,8.0,DYRK,CMGC,Human,9OL, ,A,in,in,[50],SLIGKGSFGQVVKVAIKIIQAQIEVRLLELMNYYIVHLKRHCLVFEMLS_YNLYDLLRNATPELSIIHCDLKPENILLIVDFGSS,Large BRICS fragment
158,1576,DYRK1A,6ln1,8.0,DYRK,CMGC,Human,EKU, ,A,in,in,[50],SLIGKGSFGQVVKVAIKIIQAQIEVRLLELMNYYIVHLKRHCLVFEMLS_YNLYDLLRNATPELSIIHCDLKPENILLIVDFGSS,AP not occupied
159,1628,DYRK2,6k0j,8.0,DYRK,CMGC,Human,CQO, ,A,in,in,[50],KVIGKGSFGQVVKVALKMVQAAEEIRILEHLRMNVIHMLENCMTFELLS_MNLYELIKKALHKNRIIHCDAKPENILLVIDFGSS,AP not occupied
160,1631,DYRK2,7dg4,8.0,DYRK,CMGC,Human,H5R, ,A,in,in,[50],KVIGKGSFGQVVKVALKMVQAAEEIRILEHLRMNVIHMLENCMTFELLS_MNLYELIKKALHKNRIIHCDLKPENILLVIDFGSS,AP not occupied
161,1632,DYRK2,7dh3,8.0,DYRK,CMGC,Human,H7C, ,A,in,in,[50],KVIGKGSFGQVVKVALKMVQAAEEIRILEHLRMNVIHMLENCMTFELLS_MNLYELIKKALHKNRIIHCDLKPENILLVIDFGSS,AP not occupied
162,1633,DYRK2,7dh9,8.0,DYRK,CMGC,Human,H7F, ,A,in,in,[50],KVIGKGSFGQVVKVALKMVQAAEEIRILEHLRMNVIHMLENCMTFELLS_MNLYELIKKALHKNRIIHCDLKPENILLVIDFGSS,AP not occupied
163,1636,DYRK2,7dhk,8.0,DYRK,CMGC,Human,H7O, ,A,in,in,[50],KVIGKGSFGQVVKVALKMVQAAEEIRILEHLRMNVIHMLENCMTFELLS_MNLYELIKKALHKNRIIHCDLKPENILLVIDFGSS,AP not occupied
164,1638,DYRK2,7dho,8.0,DYRK,CMGC,Human,H7U, ,A,in,in,[50],KVIGKGSFGQVVKVALKMVQAAEEIRILEHLRMNVIHMLENCMTFELLS_MNLYELIKKALHKNRIIHCDLKPENILLVIDFGSS,AP not occupied
165,1640,DYRK2,7djo,8.0,DYRK,CMGC,Human,H80, ,A,in,in,[50],KVIGKGSFGQVVKVALKMVQAAEEIRILEHLRMNVIHMLENCMTFELLS_MNLYELIKKALHKNRIIHCDLKPENILLVIDFGSS,AP not occupied
166,1651,EGFR,2itq,8.0,EGFR,TK,Human,ITQ,A,A,in,in,[],KVLSSGAFGTVYKVAIKELEILDEAYVMASVDPHVCRLLGIQLITQLMPFGCLLDYVREYLEDRRLVHRDLAARNVLVITDFGLA,Large BRICS fragment
167,1653,EGFR,2itu,8.0,EGFR,TK,Human,ITQ,A,A,in,in,[],KVLGSGAFGTVYKVAIKELEILDEAYVMASVDPHVCRLLGIQLITQLMPFGCLLDYVREYLEDRRLVHRDLAARNVLVITDFGRA,Large BRICS fragment
168,1655,EGFR,2itw,8.0,EGFR,TK,Human,ITQ,A,A,in,in,[],KVLGSGAFGTVYKVAIKELEILDEAYVMASVDPHVCRLLGIQLITQLMPFGCLLDYVREYLEDRRLVHRDLAARNVLVITDFGLA,Large BRICS fragment
169,1702,EGFR,4wd5,9.2,EGFR,TK,Human,3LH, ,A,in,in,[],KVLGSGAFGTVYKVAIKELEILDEAYVMASVDPHVCRLLGIQLIMQLMPFGCLLDYVREYLEDRRLVHRDLAARNVLVITDFGLA,AP not occupied
170,1751,EGFR,5xgm,7.7,EGFR,TK,Human,85X, ,A,in,in,"[8, 85]",KVLGSGA_GTVYKVAIKELEILDEAYVMASVDPHVCRLLGIQLIMQLMPFGCLLDYVREYLEDRRLVHRDLAARNVLVITDFGL_,Large BRICS fragment
171,1752,EGFR,5xgn,9.7,EGFR,TK,Human,85X, ,A,in,in,[],KVLGSGAFGTVYKVAIKELEILDEAYVMASVDPHVCRLLGIQLIMQLMPFGSLLDYVREYLEDRRLVHRDLAARNVLVITDFGLA,Large BRICS fragment
172,1757,EGFR,5zwj,8.0,EGFR,TK,Human,9LL, ,A,in,out,[85],KVLGSGAFGTVYKVAIKELEILDEAYVMASVDPHVCRLLGIQLIMQLMPFGSLLDYVREYLEDRRLVHRDLAARNVLVITDFGL_,AP not occupied
173,1777,EGFR,6s9d,8.0,EGFR,TK,Human,L3Z, ,A,in,in,[],KVLGSGAFGTVYKVAIKELEILDEAYVMASVDPHVCRLLGIQLIMQLMPFGCLLDYVREYLEDRRLVHRDLAARNVLVITDFGRA,Large BRICS fragment
174,1785,EGFR,6v5n,8.0,EGFR,TK,Human,QP7,A,A,in,out,[],KVLGSGAFGTVYKVAIKELEILDEAYVMASVDPHVCRLLGIQLIMQLMPFGCLLDYVREYLEDRRLVHRDLAARNVLVITDFGLA,AP not occupied
175,1786,EGFR,6v5p,8.0,EGFR,TK,Human,QP4,B,A,in,out,[],KVLGSGAFGTVYKVAIKELEILDEAYVMASVDPHVCRLLGIQLIMQLMPFGCLLDYVREYLEDRRLVHRDLAARNVLVITDFGLA,Large BRICS fragment
176,1787,EGFR,6v66,8.0,EGFR,TK,Human,QP1,B,A,in,out,[],KVLGSGAFGTVYKVAIKELEILDEAYVMASVDPHVCRLLGIQLIMQLMPFGCLLDYVREYLEDRRLVHRDLAARNVLVITDFGLA,AP not occupied
177,1792,EGFR,6vhp,9.2,EGFR,TK,Human,QP1, ,A,in,in,[],KVLGSGAFGTVYKVAIKELEILDEAYVMASVDPHVCRLLGIQLITQLMPFGCLLDYVREYLEDRRLVHRDLAARNVLVITDFGLA,AP not occupied
178,1815,EGFR,7kxz,8.0,EGFR,TK,Human,XA4, ,A,in,in,[],KVLGSGAFGTVYKVAIKELEILDEAYVMASVDPHVCRLLGIQLITQLMPFGCLLDYVREYLEDRRLVHRDLAARNVLVITDFGLA,Large BRICS fragment
179,1816,EGFR,7ky0,8.0,EGFR,TK,Human,XA4, ,A,in,out,[],KVLGSGAFGTVYKVAIKELEILDEAYVMASVDPHVCRLLGIQLIMQLMPFGCLLDYVREYLEDRRLVHRDLAARNVLVITDFGLA,Large BRICS fragment
180,1821,EGFR,7vra,8.0,EGFR,TK,Human,I0A,A,A,in,in,[],KVLGSGAFGTVYKVAIKELEILDEAYVMASVDPHVCRLLGIQLIMQLMPFGSLLDYVREYLEDRRLVHRDLAARNVLVITDFGLA,Large BRICS fragment
181,1829,EphA2,5ia0,8.0,Eph,TK,Human,A5B,A,B,in,in,[],KVIGAGEFGEVYKVAIKTLDFLGEAGIMGQFSHNIIRLEGVMIITEYMENGALDKFLREYLANMNYVHRDLAARNILVVSDFGLS,Large BRICS fragment
182,1830,EphA2,5ia1,8.0,Eph,TK,Human,ZZL, ,A,in,in,[],KVIGAGEFGEVYKVAIKTLDFLGEAGIMGQFSHNIIRLEGVMIITEYMENGALDKFLREYLANMNYVHRDLAARNILVVSDFGLS,Large BRICS fragment
183,1868,EphA3,6in0,8.0,Eph,TK,Human,O4B,A,A,in,in,[],KVVGAGEFGEVCSVAIKTLDFLGEASIMGQFDPNIIRLEGVMIVTEYMENGSLDSFLRKYLSDMGYVHRDLAARNILIVSDFGLS,AP not occupied
184,1882,EphB4,2yn8,8.4,Eph,TK,Human,STU, ,A,in,in,"[83, 84, 85]",EVIGAGEFGEVCRVAIKTLEFLSEASIMGQFEPNIIRLEGVMILTEFMENGALDSFLRLYLAEMSYVHRDLAARNILVVSDF___,Large BRICS fragment
185,1883,EphB4,3zew,9.4,Eph,TK,Human,STU,A,A,in,in,[],EVIGAGEFGEVCRVAIKTLEFLSEASIMGQFEPNIIRLEGVMILTEFMENGALDSFLRLYLAEMSYVHRDLAARNILVVSDFGLS,Large BRICS fragment
186,1912,Erk2,3w55,8.0,MAPK,CMGC,Human,1FM, ,A,in,in,[50],SYIGEGAYGMVCSVAIKKIRTLREIKILLRFRENIIGINDIYIVQDLME_TDLYKLLKTYIHSANVLHRDLKPSNLLLICDFGLA,AP not occupied
187,1993,Erk2,6qal,6.8,MAPK,CMGC,Human,HV2,B,A,in,in,"[6, 7, 8, 50]",SYIGE___GMVCSVAIKKIRTLREIKILLRFRENIIGINDIYIVQDLME_TDLYKLLKTYIHSANVLHRDLKPSNLLLICDFGLA,AP not occupied
188,1994,Erk2,6qaq,8.0,MAPK,CMGC,Human,HVQ,A,A,in,in,[50],SYIGEGAYGMVCSVAIKKIRTLREIKILLRFRENIIGINDIYIVQDLME_TDLYKLLKTYIHSANVLHRDLKPSNLLLICDFGLA,AP not occupied
189,2012,Erk5,4zsg,9.8,MAPK,CMGC,Human,4QX,B,A,in,in,[50],ETIGNGAYGVVSSVAIKKIRTLRELKILKHFKDNIIAIKDIYVVLDLME_SDLHQIIHSYMHSAQVIHRDLKPSNLLVIGDFGMA,AP not occupied
190,2013,Erk5,4zsj,9.7,MAPK,CMGC,Human,4R0,B,A,in,in,[50],ETIGNGAYGVVSSVAIKKIRTLRELKILKHFKDNIIAIKDIYVVLDLME_SDLHQIIHSYMHSAQVIHRDLKPSNLLVIGDFGMA,AP not occupied
191,2014,Erk5,4zsl,9.8,MAPK,CMGC,Human,4QZ, ,A,in,in,[50],ETIGNGAYGVVSSVAIKKIRTLRELKILKHFKDNIIAIKDIYVVLDLME_SDLHQIIHSYMHSAQVIHRDLKPSNLLVIGDFGMA,AP not occupied
192,2033,FAK,6yr9,8.0,FAK,TK,Human,P9K,A,C,in,in,[],RCIGEGQFGDVHQVAIKTCKFLQEALTMRQFDPHIVKLIGVWIIMELCTLGELRSFLQVYLESKRFVHRDIAARNVLVLGDFGLS,AP not occupied
193,2038,FES,3bkb,9.7,Fer,TK,Human,STU,A,A,in,in,[],EQIGRGNFGEVFSVAVKSCKFLQEARILKQYSPNIVRLIGVYIVMELVQGGDFLTFLRTYLESKCCIHRDLAARNCLVISDFGMS,Large BRICS fragment
194,2039,FES,3cbl,8.0,Fer,TK,Human,STU,A,A,in,in,[],EQIGRGNFGEVFSVAVKSCKFLQEARILKQYSPNIVRLIGVYIVMELVQGGDFLTFLRTYLESKCCIHRDLAARNCLVISDFGMS,Large BRICS fragment
195,2040,FES,3cd3,8.0,Fer,TK,Human,STU,A,A,in,in,[],EQIGRGNFGEVFSVAVKSCKFLQEARILKQYSPNIVRLIGVYIVMELVQGGDFLTFLRTYLESKCCIHRDLAARNCLVISDFGMS,Large BRICS fragment
196,2050,FGFR1,3rhx,9.6,FGFR,TK,Human,3RH, ,A,in,in,[],KPLGEGAFGQVVLVAVKMLDLISEMEMMKMIGKNIINLLGAYVIVEYASKGNLREYLQAYLASKKCIHRDLAARNVLVIADFGLA,AP not occupied
197,2075,FGFR1,5ur1,8.9,FGFR,TK,Human,YY9,A,A,in,in,"[7, 85]",KPLGEG_FGQVVLVAVKMLDLISEMEMMKMIGKNIINLLGAYVIVEYASKGNLREYLQAYLASKKCIHRDLAARNVLVIADFGL_,AP not occupied
198,2153,FYN,2dq7,8.0,Src,TK,Human,STU, ,X,in,in,[],KRLGNGQFGEVWMVAIKTLSFLEEAQIMKKLKDKLVQLYAVYIVTEYMNKGSLLDFLKDYIERMNYIHRDLRSANILVIADFGLA,Large BRICS fragment
199,2159,GCN2,6n3n,4.0,PEK,Other,Human,KA4, ,A,in,out,"[42, 43, 44, 45, 46, 47, 48, 49, 50, 51, 52, 53, 54, 55, 56, 57, 58, 59]",QLLGKGAFGAVIKYAVKRIRIKGEVTLLSRLHENIVRYYNA__________________YIHEKGMIHRNLKPVNIFLIGDFGLA,Missing residues
200,2160,GCN2,6n3o,4.0,PEK,Other,Human,KA7, ,A,in,out,"[42, 43, 44, 45, 46, 47, 48, 49, 50, 51, 52, 53, 54, 55, 56, 57, 58, 59]",QLLGKGAFGAVIKYAVKRIRIKGEVTLLSRLHENIVRYYNA__________________YIHEKGMIHRNLKPVNIFLIGDFGLA,Missing residues
201,2161,GCN2,7qq6,5.0,PEK,Other,Human,38O, ,A,in,in,"[42, 43, 44, 45, 46, 47, 48, 49, 50, 51, 52, 53, 54, 55, 56, 57, 58, 59, 84, 85]",QLLGKGAFGAVIKYAVKRIRIKGEVTLLSRLHENIVRYYNA__________________YIHEKGMIHRNLKPVNIFLIGDFG__,Missing residues
202,2173,GSK3B,1q3d,8.0,GSK,CMGC,Human,STU, ,A,in,in,[50],KVIGNGSFGVVYQVAIKKVFKNRELQIMRKLDCNIVRLRYFNLVLDYVP_ETVYRVARHYIHSFGICHRDIKPQNLLLLCDFGSA,Large BRICS fragment
203,2178,GSK3B,1r0e,8.0,GSK,CMGC,Human,DFN,B,B,in,in,[50],KVIGNGSFGVVYQVAIKKVFKNRELQIMRKLDCNIVRLRYFNLVLDYVP_ETVYRVARHYIHSFGICHRDIKPQNLLLLCDFGSA,Large BRICS fragment
204,2182,GSK3B,2ow3,8.0,GSK,CMGC,Human,BIM, ,B,in,in,[50],KVIGNGSFGVVYQVAIKKVFKNRELQIMRKLDCNIVRLRYFNLVLDYVP_ETVYRVARHYIHSFGICHRDIKPQNLLLLCDFGSA,Large BRICS fragment
205,2193,GSK3B,3sd0,8.0,GSK,CMGC,Human,TSK, ,B,in,in,[50],KVIGNGSFGVVYQVAIKKVFKNRELQIMRKLDCNIVRLRYFNLVLDYVP_ETVYRVARHYIHSFGICHRDIKPQNLLLLCDFGSA,Large BRICS fragment
206,2194,GSK3B,3zdi,8.0,GSK,CMGC,Human,UGJ, ,A,in,in,[50],KVIGNGSFGVVYQVAIKKVFKNRELQIMRKLDCNIVRLRYFNLVLDYVP_ETVYRVARHYIHSFGICHRDIKPQNLLLLCDFGSA,AP not occupied
207,2222,GSK3B,5kpm,9.4,GSK,CMGC,Human,6VM, ,A,in,in,[50],KVIGNGSFGVVYQVAIKKVFKNRELQIMRKLDCNIVRLRYFNLVLDYVP_ETVYRVARHYIHSFGICHRDIKPQNLLLLCDFGSA,AP not occupied
208,2227,GSK3B,6gn1,8.0,GSK,CMGC,Human,F4N, ,B,in,in,[50],KVIGNGSFGVVYQVAIKKVFKNRELQIMRKLDCNIVRLRYFNLVLDYVP_ETVYRVARHYIHSFGICHRDIKPQNLLLLCDFGSA,Large BRICS fragment
209,2314,Haspin,6z56,8.0,Haspin,Other,Human,Q7Q,C,A,in,in,[50],EKIGEGVFGEVFQVAIKIIEILPEIIISKELSEGFIGLNSVVLEFEFGG_IDLEQMRTKAEASLRFEHRDLHWGNVLLIIDYTLS,Large BRICS fragment
210,2316,Haspin,6z58,8.0,Haspin,Other,Human,Q9B,A,A,in,in,[50],EKIGEGVFGEVFQVAIKIIEILPEIIISKELSEGFIGLNSVVLEFEFGG_IDLEQMRTKAEASLRFEHRDLHWGNVLLIIDYTLS,Large BRICS fragment
211,2317,Haspin,6z59,8.0,Haspin,Other,Human,Q98,B,A,in,in,[50],EKIGEGVFGEVFQVAIKIIEILPEIIISKELSEGFIGLNSVVLEFEFGG_IDLEQMRTKAEASLRFEHRDLHWGNVLLIIDYTLS,Large BRICS fragment
212,2318,Haspin,6z5a,8.0,Haspin,Other,Human,Q8B,B,A,in,in,[50],EKIGEGVFGEVFQVAIKIIEILPEIIISKELSEGFIGLNSVVLEFEFGG_IDLEQMRTKAEASLRFEHRDLHWGNVLLIIDYTLS,Large BRICS fragment
213,2319,Haspin,6z5b,8.0,Haspin,Other,Human,Q7Z,A,A,in,in,[50],EKIGEGVFGEVFQVAIKIIEILPEIIISKELSEGFIGLNSVVLEFEFGG_IDLEQMRTKAEASLRFEHRDLHWGNVLLIIDYTLS,Large BRICS fragment
214,2320,Haspin,6z5c,8.0,Haspin,Other,Human,PQ5,B,A,in,in,[50],EKIGEGVFGEVFQVAIKIIEILPEIIISKELSEGFIGLNSVVLEFEFGG_IDLEQMRTKAEASLRFEHRDLHWGNVLLIIDYTLS,AP not occupied
215,2321,Haspin,6z5d,8.0,Haspin,Other,Human,Q8Q,A,A,in,in,[50],EKIGEGVFGEVFQVAIKIIEILPEIIISKELSEGFIGLNSVVLEFEFGG_IDLEQMRTKAEASLRFEHRDLHWGNVLLIIDYTLS,Large BRICS fragment
216,2322,Haspin,6z5e,8.0,Haspin,Other,Human,Q8K,A,A,in,in,[50],EKIGEGVFGEVFQVAIKIIEILPEIIISKELSEGFIGLNSVVLEFEFGG_IDLEQMRTKAEASLRFEHRDLHWGNVLLIIDYTLS,Large BRICS fragment
217,2344,IKKb,4kik,8.0,IKK,Other,Human,KSA,B,B,in,in,[],ERLGTGGFGNVIRIAIKQCRWCLEIQIMRRLTPNVVAARDVLLAMEYCQGGDLRKYLNQYLHENRIIHRDLKPENIVLIIDLGYA,Large BRICS fragment
218,2357,IRAK4,2nry,8.0,IRAK,TKL,Human,STU,B,D,in,in,[],NKMGEGGFGVVYKVAVKKLQFDQEIKVMAKCQENLVELLGFCLVYVYMPNGSLLDRLSCFLHENHHIHRDIKSANILLISDFGLA,Large BRICS fragment
219,2358,IRAK4,2oic,8.0,IRAK,TKL,Human,STU, ,A,in,in,[],NKMGEGGFGVVYKVAVKKLQFDQEIKVMAKCQENLVELLGFCLVYVYMPNGSLLDRLSCFLHENHHIHRDIKSANILLISDFGLA,Large BRICS fragment
220,2361,IRAK4,4u97,8.0,IRAK,TKL,Human,STU, ,A,in,in,[],NKMGEGGFGVVYKVAVKKLQFDQEIKVMAKCQENLVELLGFCLVYVYMPNGSLLDRLSCFLHENHHIHRNIKSANILLISDFGLA,Large BRICS fragment
221,2362,IRAK4,4u9a,8.0,IRAK,TKL,Human,STU, ,A,in,in,[],NKMGEGGFGVVYKVAVKKLQFDQEIKVMAKCQENLVELLGFCLVYVYMPNGSLLDRLSCFLHENHHIHRNIKSANILLISDFGLA,Large BRICS fragment
222,2411,IRAK4,7qg2,8.0,IRAK,TKL,Human,B6I,A,A,in,in,[],NKMGEGGFGVVYKVAVKKLQFDQEIKVMAKCQENLVELLGFCLVYVYMPNGSLLDRLSCFLHENHHIHRDIKSANILLISDFGLA,Large BRICS fragment
223,2413,IRAK4,7qg5,8.0,IRAK,TKL,Human,B7R,A,A,in,in,[],NKMGEGGFGVVYKVAVKKLQFDQEIKVMAKCQENLVELLGFCLVYVYMPNGSLLDRLSCFLHENHHIHRDIKSANILLISDFGLA,Large BRICS fragment
224,2416,IRE1,4yzc,8.5,IRE,Other,Human,STU,A,B,in,in,"[20, 21, 51]",DVLGHGAEGTIVYVAVKRI__DREVQLLRESDPNVIRYFCTYIAIELCAA_TLQEYVEQHLHSLNIVHRDLKPHNILIISDFGLC,Large BRICS fragment
225,2427,ITK,1sm2,7.2,Tec,TK,Human,STU, ,A,in,out,"[84, 85]",QEIGSGQFGLVHLVAIKTIDFIEEAEVMMKLSPKLVQLYGVCLVFEFMEHGCLSDYLRTYLEEACVIHRDLAARNCLVVSDFG__,Large BRICS fragment
226,2428,ITK,1snu,7.2,Tec,TK,Human,STU, ,A,in,out,"[84, 85]",QEIGSGQFGLVHLVAIKTIDFIEEAEVMMKLSPKLVQLYGVCLVFEFMEHGCLSDYLRTYLEEACVIHRDLAARNCLVVSDFG__,Large BRICS fragment
227,2509,JAK2,3jy9,7.2,JakA,TK,Human,JZH,A,A,in,in,"[7, 8]",QQLGKG__GSVEMVAVKKLDFEREIEILKSLQDNIVKYKGVKLIMEYLPYGSLRDYLQKYLGTKRYIHRDLATRNILVIGDFGLT,Large BRICS fragment
228,2510,JAK2,3kck,7.2,JakA,TK,Human,3KC,A,A,in,in,"[7, 8]",QQLGKG__GSVEMVAVKKLDFEREIEILKSLQDNIVKYKGVKLIMEYLPYGSLRDYLQKYLGTKRYIHRDLATRNILVIGDFGLT,Large BRICS fragment
229,2616,JAK3,1yvj,8.0,JakA,TK,Human,4ST,B,A,in,in,[],SQLGKGNFGSVELVAVKQLDFQREIQILKALHDFIVKYRGVRLVMEYLPSGCLRDFLQRYLGSRRCVHRDLAARNILVIADFGLA,Large BRICS fragment
230,2753,LCK,1qpd,8.0,Src,TK,Human,STU, ,A,in,in,[],ERLGAGQAGEVWMVAVKSLAFLAEANLMKQLQQRLVRLYAVYIITEYMENGSLVDFLKTFIEERNYIHRDLRAANILVIADFGLA,Large BRICS fragment
231,2755,LCK,1qpj,8.0,Src,TK,Human,STU, ,A,in,in,[],ERLGAGQFGEVWMVAVKSLAFLAEANLMKQLQQRLVRLYAVYIITEYMENGSLVDFLKTFIEERNYIHRDLRAANILVIADFGLA,Large BRICS fragment
232,2780,LIMK1,3s95,8.9,LISK,TKL,Human,STU,A,B,in,in,[],EVLGKGCFGQAIKMVMKELTFLKEVKVMRCLEPNVLKFIGVNFITEYIKGGTLRGIIKSYLHSMNIIHRDLNSHNCLVVADFGLA,Large BRICS fragment
233,2794,LYN,3a4o,8.0,Src,TK,Human,STU, ,X,in,in,[],KRLGAGQFGEVWMVAVKTLAFLEEANLMKTLQDKLVRLYAVYIITEYMAKGSLLDFLKSYIERKNYIHRDLRAANVLVIADFGLA,Large BRICS fragment
234,2804,MAP2K1,3eqf,8.0,STE7,STE,Human,KSA, ,A,in,out,[],SELGAGNGGVVFKMARKLIQIIRELQVLHECNPYIVGFYGASICMEHMDGGSLDQVLKKLREKHKIMHRDVKPSNILVLCDFGVS,Large BRICS fragment
235,2852,MAP2K1,7mfd,8.0,STE7,STE,Human,CHU, ,B,in,out,[],SELGAGNGGVVFKMARKLIQIIRELQVLHECNPYIVGFYGASICMEHMDGGSLDQVLKKLREKHKIMHRDVKPSNILVLCDFGVS,AP not occupied
236,2869,MAP3K5,4bf2,7.1,STE11,STE,Human,STU, ,B,in,in,"[20, 21, 22]",VVLGKGTYGIVYAIAIKEI___EEIALHKHLKKNIVQYLGSKIFMEQVPGGSLSALLRSYLHDNQIVHRDIKGDNVLIISDFGTS,Large BRICS fragment
237,2886,MAP3K5,6oyw,9.4,STE11,STE,Human,NKJ,B,D,in,in,[],VVLGKGTYGIVYAIAIKEIPLHEEIALHKHLKKNIVQYLGSKIFMEQVPGGSLSALLRSYLHDNQIVHRDIKGDNVLIISDFGTS,Large BRICS fragment
238,2890,MAPKAPK2,1nxk,9.7,MAPKAPK,CAMK,Human,STU, ,A,in,in,[],QVLGLGINGKVLQFALKMLKARREVELHWRASPHIVRIVDVLIVMECLDGGELFSRIQDYLHSINIAHRDVKPENLLYLTDFGFA,Large BRICS fragment
239,2895,MAPKAPK2,2pzy,8.0,MAPKAPK,CAMK,Human,STU, ,C,in,in,[],QVLGLGINGKVLQFALKMLKARREVELHWRASPHIVRIVDVLIVMECLDGGELFSRIQDYLHSINIAHRDVKPENLLYLTDFGFA,Large BRICS fragment
240,2899,MAPKAPK2,3fyk,8.0,MAPKAPK,CAMK,Human,B98, ,X,in,in,[],QVLGLGINGKVLQFALKMLKARREVELHWRASPHIVRIVDVLIVMECLDGGELFSRIQDYLHSINIAHRDVKPENLLYLTDFGFA,AP not occupied
241,2921,MASTL,5loh,4.2,MAST,AGC,Human,STU,B,A,in,na,"[5, 6, 7, 8, 20, 21, 22, 23, 24, 25, 26, 27]",KPIS____GKVYLYAVKVV________LALSKPFIVHLYYSYLVMEYLIGGDVKSLLHIYLHRHGIIHRDLKPDNMLILTDFGLS,Missing residues
242,2936,MELK,5m5a,8.0,CAMKL,CAMK,Human,KSA,B,A,in,in,[],ETIGTGGFAKVKLVAIKIMRIKTEIEALKNLRQHICQLYHVFMVLEYCPGGELFDYIISYVHSQGYAHRDLKPENLLFLIDFGLC,Large BRICS fragment
243,2940,MELK,5mai,6.8,CAMKL,CAMK,Human,5U5,A,A,in,out,"[83, 84, 85]",ETIGTGGFAKVKLVAIKIMRIKTEIEALKNLRQHICQLYHVFMVLEYCPGGELFDYIISYVHSQGYAHRDLKPENLLFLIDF___,Unwanted subpocket connection
244,2955,MER,5k0x,6.0,Axl,TK,Human,K0X,B,A,in,out,"[7, 8, 9, 84, 85]",KILGEG___SVMEVAVKTMEFLSEAACMKDFSPNVIRLLGVMVILPFMKYGDLHTYLLYYLSNRNFLHRDLAARNCMLVADFG__,AP not occupied
245,2956,MER,5tc0,4.0,Axl,TK,Human,79Y, ,A,in,na,"[19, 20, 21, 22, 23, 24, 25, 26, 27, 83, 84, 85]",KILGEGEFGSVMEVAVKT_________MKDFSPNVMRLLGVMVILPFMKYGDLHTYLLYYLSNRNFLHRDLAARNCMLVADF___,Missing residues
246,2958,MER,5u6c,8.0,Axl,TK,Human,7YS,A,A,in,out,[],KILGEGEFGSVMEVAVKTMEFLSEAACMKDFSPNVMRLLGVMVILPFMKYGDLHTYLLYYLSNRNFLHRDLAARNCMLVADFGLS,Large BRICS fragment
247,2975,MET,1r0p,8.0,Met,TK,Human,KSA, ,A,in,out,[],EVIGRGHFGCVYHCAVKSLQFLTEGIIMKDFSPNVLSLLGILVVLPYMKHGDLRNFIRNFLASKKFVHRDLAARNCMLVADFGLA,Large BRICS fragment
248,3028,MET,7b3w,4.8,Met,TK,Human,SVH,B,A,in,na,"[20, 21, 22, 23, 24, 25, 26]",EVIGRGHFGCVYHCAVKSL_______IMKDFSPNVLSLLGILVVLPYMKHGDLRNFIRNYLASKKFVHRDLAARNCMLVADFGLA,Missing residues
249,3035,MLK1,3dtc,8.0,MLK,TKL,Human,VIN, ,A,in,out,[],EIIGIGGFGKVYRVAVKAANVRQEAKLFAMLKPNIIALRGVCLVMEFARGGPLNRVLSGDEAIVPIIHRDLKSSNILIITDFGLG,Large BRICS fragment
250,3039,MNK2,2hw7,6.8,MAPKAPK,CAMK,Human,STU, ,A,in,in,"[83, 84, 85]",DVLGEGAHARVQTYAVKIIRVFREVEMLYQCQRNVLELIEFYLVFEKMRGGSILSHIHKFLHNKGIAHRDLKPENILCICDF___,Large BRICS fragment
251,3067,MST3,3ckx,8.3,STE20,STE,Human,STU, ,A,in,in,[],EKIGKGSFGEVFKVAIKIIDIQQEITVLSQCDPYVTKYYGSWIIMEYLGGGSALDLLEPYLHSEKKIHRDIKAANVLLLADFGVA,Large BRICS fragment
252,3076,MST3,4qmt,8.0,STE20,STE,Human,H1N, ,A,in,in,[],EKIGKGSFGEVFKVAIKIIDIQQEITVLSQCDPYVTKYYGSWIIMEYLGGGSALDLLEPYLHSEKKIHRDIKAANVLLLADFGVA,Large BRICS fragment
253,3081,MST3,4qmy,8.0,STE20,STE,Human,STU, ,A,in,in,[],EKIGKGSFGEVFKVAIKIIDIQQEITVLSQCDPYVTKYYGSWIIMEYLGGGSALDLLEPYLHSEKKIHRDIKAANVLLLADFGVA,Large BRICS fragment
254,3122,PAK1,2hy8,9.6,STE20,STE,Human,1ST, ,1,in,in,[],EKIGQGASGTVYTVAIRQMLIINEILVMRENKPNIVNYLDSWVVMEYLAGGSLTDVVTEFLHSNQVIHRDIKSDNILLLTDFGFC,Large BRICS fragment
255,3127,PAK1,4daw,8.9,STE20,STE,Human,0H2,B,A,in,in,[],EKIGQGASGTVYTVAIRQMLIINEILVMRENKPNIVNYLDSWVVMEYLAGGSLTDVVTEFLHSNQVIHRDIKSDNILLLTDFGFC,Large BRICS fragment
256,3158,PAK4,5ved,8.0,STE20,STE,Human,STU, ,A,in,in,[],IKIGEGSTGIVCIVAVKKMLLFNEVVIMRDYQENVVEMYNSWVVMEFLEGGALTDIVTHVLHAQGVIHRDIKSDSILLLSDFGFC,Large BRICS fragment
257,3174,PDK1,1oky,8.0,PDK1,AGC,Human,STU,A,A,in,in,[],KILGEGSFSTVVLYAIKILYVTRERDVMSRLDPFFVKLYFTYFGLSYAKNGELLKYIRKYLHGKGIIHRDLKPENILLITDFGTA,Large BRICS fragment
258,3175,PDK1,1okz,9.2,PDK1,AGC,Human,UCN, ,A,in,in,[],KILGEGSFSTVVLYAIKILYVTRERDVMSRLDPFFVKLYFTYFGLSYAKNGELLKYIRKYLHGKGIIHRDLKPENILLITDFGTA,Large BRICS fragment
259,3176,PDK1,1uu3,8.0,PDK1,AGC,Human,LY4,A,A,in,in,[],KILGEGSFSTVVLYAIKILYVTRERDVMSRLDPFFVKLYFTYFGLSYAKNGELLKYIRKYLHGKGIIHRDLKPENILLITDFGTA,Large BRICS fragment
260,3177,PDK1,1uu7,8.0,PDK1,AGC,Human,BI2, ,A,in,in,[],KILGEGSFSTVVLYAIKILYVTRERDVMSRLDPFFVKLYFTYFGLSYAKNGELLKYIRKYLHGKGIIHRDLKPENILLITDFGTA,Large BRICS fragment
261,3178,PDK1,1uu8,9.6,PDK1,AGC,Human,BI1,B,A,in,in,[],KILGEGSFSTVVLYAIKILYVTRERDVMSRLDPFFVKLYFTYFGLSYAKNGELLKYIRKYLHGKGIIHRDLKPENILLITDFGTA,Large BRICS fragment
262,3179,PDK1,1uu9,8.0,PDK1,AGC,Human,BI3,B,A,in,in,[],KILGEGSFSTVVLYAIKILYVTRERDVMSRLDPFFVKLYFTYFGLSYAKNGELLKYIRKYLHGKGIIHRDLKPENILLITDFGTA,Large BRICS fragment
263,3180,PDK1,1uvr,8.0,PDK1,AGC,Human,BI8, ,A,in,in,[],KILGEGSFSTVVLYAIKILYVTRERDVMSRLDPFFVKLYFTYFGLSYAKNGELLKYIRKYLHGKGIIHRDLKPENILLITDFGTA,Large BRICS fragment
264,3188,PDK1,2xck,9.4,PDK1,AGC,Human,MH4, ,A,in,in,[],KILGEGSFSTTVLYAIKILYVTRERDVMSRLDPFFVKLYFTYFGLSYAKNGELLKYIRKYLHGKGIIHRDLKPENILLITDFGTA,Unwanted subpocket connection
265,3199,PDK1,3orz,9.0,PDK1,AGC,Human,BI4,A,C,in,in,[],KILGEGSFSTVVLYAIKILYVTRERDVMSRLDPFFVKLYFCYFGLSYAKNGELLKYIRKYLHGKGIIHRDLKPENILLITDFGTA,Large BRICS fragment
266,3200,PDK1,3otu,9.1,PDK1,AGC,Human,BI4, ,A,in,in,[6],KILGE_SFSTVVLYAIKILYVTRERDVMSRLDPFFVKLYFCYFGLSYAKNGELLKYIRKYLHGKGIIHRDLKPENILLITDFGTA,Large BRICS fragment
267,3234,PEK,4g31,7.6,PEK,Other,Human,0WH,B,A,in,out,"[8, 9, 85]",QCLGRGG__VVFEYAIKRIKVMREVKALAKLEPGIVRYFNAYIQMQLCRKENLKDWMNGFLHSKGLMHRDLKPSNIFFVGDFGL_,AP not occupied
268,3238,PEK,7mf0,4.0,PEK,Other,Human,Z6P, ,A,in,na,"[1, 2, 3, 4, 5, 6, 7, 8, 9, 10, 11, 12, 13, 14, 15, 16, 17, 18, 19, 20, 21, 22, 23, 24, 25, 26, 27, 28, 29, 30, 31, 32, 33, 34, 35, 36, 37, 38, 39, 40, 41]",_________________________________________YIQMQLCRKENLKDWMNGFLHSKGLMHRNLKPSNIFFVGDFGLV,Missing residues
269,3241,PIM1,1xws,8.0,PIM,CAMK,Human,BI1,A,A,in,in,[],PLLGSGGFGSVYSVAIKHVRVPMEVVLLKKVSSGVIRLLDWVLILERPEVQDLFDFITEHCHNCGVLHRDIKDENILILIDFGSG,Large BRICS fragment
270,3242,PIM1,1yhs,8.0,PIM,CAMK,Human,STU, ,A,in,in,[],PLLGSGGFGSVYSVAIKHVRVPMEVVLLKKVSSGVIRLLDWVLILERPEVQDLFDFITEHCHNXGVLHRDIKDENILILIDFGSG,Large BRICS fragment
271,3249,PIM1,2bik,8.0,PIM,CAMK,Human,BI1,A,B,in,in,[],PLLGSGGFGSVYSVAIKHVRVPMEVVLLKKVSSGVIRLLDWVLILERPEVQDLFDFITEHCHNCGVLHRDIKDENILILIDFGSG,Large BRICS fragment
272,3250,PIM1,2bil,9.4,PIM,CAMK,Human,BI1, ,B,in,in,[],PLLGSGGFGSVYSVAIKHVRVPMEVVLLKKVSSGVIRLLDWVLILERPEVQDLFDFITEHCHNCGVLHRDIKDENILILIDFGSG,Large BRICS fragment
273,3255,PIM1,2j2i,8.0,PIM,CAMK,Human,LY4,A,B,in,in,[],PLLGSGGFGSVYSVAIKHVRVPMEVVLLKKVSSGVIRLLDWVLILERPEVQDLFDFITEHCHNCGVLHRDIKDENILILIDFGSG,Large BRICS fragment
274,3272,PIM1,3cxw,9.7,PIM,CAMK,Human,7CP,B,A,in,in,[],PLLGSGGFGSVYSVAIKHVRVPMEVVLLKKVSSGVIRLLDWVLILERPEVQDLFDFITEHCHNCGVLHRDIKDENILILIDFGSG,Large BRICS fragment
275,3273,PIM1,3cy2,9.8,PIM,CAMK,Human,MB9,A,A,in,in,[],PLLGSGGFGSVYSVAIKHVRVPMEVVLLKKVSSGVIRLLDWVLILERPEVQDLFDFITEHCHNCGVLHRDIKDENILILIDFGSG,AP not occupied
276,3311,PIM1,4iaa,8.0,PIM,CAMK,Human,RTZ, ,A,in,in,[],PLLGSGGFGSVYSVAIKHVRVPMEVVLLKKVSSGVIRLLDWVLILERPEVQDLFDFITEHCHNCGVLHRDIKDENILILIDFGSG,AP not occupied
277,3341,PIM1,5eol,8.0,PIM,CAMK,Human,5QO, ,A,in,in,[],PLLGSGGFGSVYSVAIKHVRVPMEVVLLKKVSSGVIRLLDWVLILERPEVQDLFDFITEHCHNCGVLHRDIKDENILILIDFGSG,Large BRICS fragment
278,3361,PIM1,5n51,7.1,PIM,CAMK,Human,8N8,B,A,in,in,"[6, 7, 8, 9]",PLLGS____SVYSVAIKHVRVPMEVVLLKKVSSGVIRLLDWVLILERPEVQDLFDFITEHCHNCGVLHRDIKDENILILIDFGSG,AP not occupied
279,3380,PIM1,6kzi,8.0,PIM,CAMK,Human,RTX, ,A,in,in,[],PLLGSGGFGSVYSVAIKHVRVPMEVVLLKKVSSGVIRLLDWVLILERPEVQDLFDFITEHCHNCGVLHRDIKDENILILIDFGSG,AP not occupied
280,3401,PIM1,7xsv,8.0,PIM,CAMK,Human,I4M,A,A,in,in,[],PLLGSGGFGSVYSVAIKHVRVPMEVVLLKKVSSGVIRLLDWVLILERPEVQDLFDFITEHCHNCGVLHRDIKDENILILIDFGSG,Large BRICS fragment
281,3413,PKACa,3ovv,9.2,PKA,AGC,Human,1SB,A,A,in,in,[],KTLGTGSFGRVMLYAMKILHTLNEKRILQAVNPFLVKLEFSYMVMEYVPGGEMFSHLRRYLHSLDLIYRDLKPENLLIVTDFGFA,AP not occupied
282,3414,PKACa,3owp,8.8,PKA,AGC,Human,2SB,A,A,in,in,[],KTLGTGSFGRVMLYAMKILHTLNEKRILQAVNPFLVKLEFSYMVMEYVPGGEMFSHLRRYLHSLDLIYRDLKPENLLIVTDFGFA,AP not occupied
283,3415,PKACa,3oxt,9.2,PKA,AGC,Human,3SB, ,A,in,in,[],KTLGTGSFGRVMLYAMKILHTLNEKRILQAVNPFLVKLEFSYMVMEYVPGGEMFSHLRRYLHSLDLIYRDLKPENLLIVTDFGFA,AP not occupied
284,3416,PKACa,3p0m,8.4,PKA,AGC,Human,4SB,B,A,in,in,[],KTLGTGSFGRVMLYAMKILHTLNEKRILQAVNPFLVKLEFSYMVMEYVPGGEMFSHLRRYLHSLDLIYRDLKPENLLIVTDFGFA,AP not occupied
285,3417,PKACa,3poo,9.2,PKA,AGC,Human,S69,B,A,in,in,[],KTLGTGSFGRVMLYAMKILHTLNEKRILQAVNPFLVKLEFSYMVMEYVPGGEMFSHLRRYLHSLDLIYRDLKPENLLIVTDFGFA,AP not occupied
286,3436,PKCa,3iw4,8.0,PKC,AGC,Human,LW4, ,B,in,in,[],MVLGKGSFGKVMLYAIKILCTMVEKRVLALLDPFLTQLHSCYFVMEYVNGGDLMYHIQQFLHKRGIIYRDLKLDNVMLIADFGMC,Large BRICS fragment
287,3438,PKCb,2i0e,8.0,PKC,AGC,Human,PDS, ,B,in,in,[],MVLGKGSFGKVMLYAVKILCTMVEKRVLALPGPFLTQLHSCYFVMEYVNGGDLMYHIQQFLQSKGIIYRDLKLDNVMLIADFGMC,Large BRICS fragment
288,3440,PKCi,1zrz,9.0,PKC,AGC,Human,BI1, ,A,in,in,[],RVIGRGSYAKVLLYAMKVVWVQTEKHVFEQASPFLVGLHSCFFVIEYVNGGDLMFHMQRYLHERGIIYRDLKLDNVLLLTDYGMC,Large BRICS fragment
289,3447,PKCt,1xjd,8.0,PKC,AGC,Human,STU, ,A,in,in,[],KMLGKGSFGKVFLFAIKALCTMVEKRVLSLAWPFLTHMFCTFFVMEYLNGGDLMYHIQSFLHSKGIVYRDLKLDNILLIADFGMC,Large BRICS fragment
290,3454,PKN1,4otg,8.0,PKN,AGC,Human,2V9,A,A,in,in,[],AVLGRGHFGKVLLFAIKALSLMCEKRILAAVTPFLVNLFGCCFVMEYSAGGDLMLHIHSFLHEHKIVYRDLKLDNLLLIADFGLC,Large BRICS fragment
291,3522,RIPK2,5ng2,8.0,RIPK,TKL,Human,STU,A,A,in,in,[],RYLSRGASGTVSSVAVKHLDVLREAEILHKARSYILPILGIGIVTEYMPNGSLNELLHRHNMTPPLLHHNLKTQNILLIADFGLS,Large BRICS fragment
292,3554,ROCK1,5wne,8.0,DMPK,AGC,Human,B4J, ,D,in,in,[],KVIGRGAFGEVQLYAMKLLFFWEERDIMAFANPWVVQLFYAYMVMEYMPGGDLVNLMSNAIHSMGFIHRDVKPDNMLLLADFGTC,AP not occupied
293,3570,ROS,4uxl,8.0,Sev,TK,Human,5P8, ,A,in,in,[],LLLGSGAFGEVYEVAVKTLEFLKEAHLMSKFNPNILKQLGVYIILELMEGGDLLTYLRKYLERMHFIHRDLAARNCLVIGDFGLA,Large BRICS fragment
294,3582,SGK1,3hdm,5.9,SGK,AGC,Human,MMG, ,A,in,na,"[20, 21, 22, 23, 24, 25, 26]",KVIGKGSFGKVLLYAVKVL_______VLLKNVPFLVGLHFSYFVLDYINGGELFYHLQRYLHSLNIVYRDLKPENILLLTDFGLC,Missing residues
295,3583,SGK1,3hdn,6.2,SGK,AGC,Human,GMG, ,A,in,na,"[20, 21, 22, 23, 24, 25, 26]",KVIGKGSFGKVLLYAVKVL_______VLLKNVPFLVGLHFSYFVLDYINGGELFYHLQRYLHSLNIVYRDLKPENILLLTDFGLC,Missing residues
296,3584,SGK1,7pue,5.1,SGK,AGC,Human,86H, ,A,in,na,"[7, 8, 20, 21, 22, 23, 24, 25, 26]",KVIGKG__GKVLLYAVKVL_______VLLKNVPFLVGLHFSYFVLDYINGGELFYHLQRYLHSLNIVYRDLKPENILLLTDFGLC,Missing residues
297,3615,SYK,1xbc,8.0,Syk,TK,Human,STU,A,A,in,in,[],KELGSGNFGTVKKVAVKILELLAEANVMQQLDPYIVRMIGIMLVMEMAELGPLNKYLQQYLEESNFVHRDLAARNVLLISDFGLS,Large BRICS fragment
298,3684,SYK,6zcx,7.2,Syk,TK,Human,QFQ,B,A,in,in,"[6, 7]",KELGS__FGTVKKVAVKILELLAEANVMQQLDPYIVRMIGIMLVMEMAELGPLNKYLQQYLEESNFVHRDLAARNVLLISDFGLS,Large BRICS fragment
299,3685,SYK,6zcy,7.2,Syk,TK,Human,QF8,A,A,in,in,"[6, 7]",KELGS__FGTVKKVAVKILELLAEANVMQQLDPYIVRMIGIMLVMEMAELGPLNKYLQQYLEESNFVHRDLAARNVLLISDFGLS,AP not occupied
300,3708,TBK1,6bny,7.6,IKK,Other,Human,E0M, ,A,in,out,[85],DILGQGATANVFRFAIKVFVQMREFEVLKKLNKNIVKLFAIVLIMEFCPCGSLYTVLEEHLRENGIVHRDIKPGNIMRLTDFGT_,AP not occupied
301,3734,TGFbR1,5e8w,9.7,STKR,TKL,Human,STU,A,A,in,in,[],ESIGKGRFGEVWRVAVKIFSWFREAEIYQTVMENILGFIAAWLVSDYHEHGSLFDYLNRTQGKPAIAHRDLKSKNILVIADLGLA,Large BRICS fragment
302,3735,TGFbR1,5e8x,8.0,STKR,TKL,Human,STU,A,A,in,in,[],ESVGKGRFGEVWRVAVKIFSWFREAEIFQTVMENILGFIAAWLVTDFHEHGNLFDYLNRTQGKPAIAHRDLKSKNILVICDFGLA,Large BRICS fragment
303,3746,TGFbR2,5e8y,8.8,STKR,TKL,Human,STU, ,A,in,in,[],TLVGKGRFAEVYKVAVKIFSWKTEKDIFSDINENILQFLTAWLITAFHAKGNLQEYLTRGRPKMPIVHRDLKSSNILVLCDFGLS,Large BRICS fragment
304,3751,TIE2,3l8p,7.6,Tie,TK,Human,0CE, ,A,in,out,[20],DVIGEGNFGQVLKAAIKRM_FAGELEVLCKLGPNIINLLGAYLAIEYAPHGNLLDFLRKYLSQKQFIHRDLAARNILVIADFGLS,Large BRICS fragment
305,3765,TRKA,7vkn,7.6,Trk,TK,Human,7GI,B,A,in,in,[85],WELGEGAFGKVFLVAVKALDFQREAELLTMLQQHIVRFFGVLMVFEYMRHRDLNRFLRSYLAGLHFVHRDLATRNCLVIGDFGM_,Large BRICS fragment
306,3766,TRKA,7vko,8.0,Trk,TK,Human,7GI, ,A,in,in,[],WELGEGAFGKVFLVAVKALDFQREAELLTMLQQHIVRFFGVLMVFEYMRHGDLNRFLRSYLAGLHFVHRDLATRNCLVIGDFGMS,Large BRICS fragment
307,3767,TRKA,7xaf,7.2,Trk,TK,Human,FKT, ,A,in,in,[],WELGEGAFGKVFLVAVKALDFQREAELLTMLQQHIVRFFGVLMVFEYMRHGDLNRFLRSYLAGLHFVHRDLATRNCLVIGDFGMS,Large BRICS fragment
308,3773,TTBK1,7jxx,8.6,TTBK,CK1,Human,VP7,B,A,in,in,"[7, 50]",KKIGGG_FGEIYEVALKVEVLKMEVAVLKKLQDHVCRFIGCYVVMQLQG_RNLADLRRSAIHSVGFLHRDIKPSNFAMMLDFGLA,Large BRICS fragment
309,3787,TTK,3hmo,8.0,TTK,Other,Human,STU, ,A,in,in,[50],KQIGSGGSSKVFQYAIKYVSYRNEIAYLNKLQDKIIRLYDYYMVMECGN_IDLNSWLKKTIHQHGIVHSDLKPANFLILIDFGIA,Large BRICS fragment
310,3920,VRK1,6vxu,7.3,VRK,CK1,Human,RTJ, ,B,in,in,"[5, 6, 7, 8, 9, 50]",LPIG_____CIYLCVVKVEPLFTELKFYQRAALGVPKYWGSFMIMDRFG_SDLQKIYEAYIHEHEYVHGDIKASNLLLLVDYGLA,Large BRICS fragment
311,3951,YANK1,4fr4,9.7,YANK,AGC,Human,STU,B,D,in,in,[],RAIGKGSFGKVCIYAMKYMNVFKELQIMQGLEPFLVNLWYSFMVVDLLLGGDLRYHLQQYLQNQRIIHRDMKPDNILLITDFNIA,Large BRICS fragment
312,3955,ZAK,5x5o,8.0,MLK,TKL,Human,7Z0,B,A,in,out,[],ENCGGGSFGSVYRVAVKKLKIEKEAEILSVLSRNIIQFYGVGIVTEYASLGSLYDYINSMEAPVKVIHRDLKSRNVVIICDFGAS,Unwanted subpocket connection
313,3957,ZAK,6juu,9.7,MLK,TKL,Human,C9R,B,A,in,out,[],ENCGGGSFGSVYRVAVKKLKIEKEAEILSVLSRNIIQFYGVGIVTEYASLGSLYDYINSMEAPVKVIHRDLKSRNVVIICDFGAS,Large BRICS fragment
314,3958,ZAP70,1u59,8.0,Syk,TK,Human,STU,B,A,in,in,[],IELGCGNFGSVRQVAIKVLEMMREAQIMHQLDPYIVRLIGVMLVMEMAGGGPLHKFLVGYLEEKNFVHRDLAARNVLLISDFGLS,Large BRICS fragment
315,3968,p38a,1ouy,9.6,MAPK,CMGC,Human,094, ,A,in,in,[50],SPVGSGAYGSVCAVAVKKLRTYRELRLLKHMKENVIGLLDVYLVTHLMG_ADLNNIVKCYIHSADIIHRDLKPSNLAVILDFGLA,Large BRICS fragment
316,3973,p38a,1wbo,8.0,MAPK,CMGC,Human,2CH, ,A,in,in,[50],SPVGSGAYGSVCAVAVKKLRTYRELRLLKHMKENVIGLLDVYLVTHLMG_ADLNNIVKCYIHSADIIHRDLKPSNLAVILDFGLA,AP not occupied
317,4071,p70S6K,3a60,7.2,RSK,AGC,Human,STU, ,A,in,in,"[20, 21]",RVLGKGGYGKVFQFAMKVL__KAERNILEEVKPFIVDLIYAYLILEYLSGGELFMQLERHLHQKGIIYRDLKPENIMLLTDFGLC,Large BRICS fragment
318,4072,p70S6K,3a61,6.0,RSK,AGC,Human,STU, ,A,in,in,"[20, 21, 22, 84, 85]",RVLGKGGYGKVFQFAMKVL___AERNILEEVKPFIVDLIYAYLILEYLSGGELFMQLERHLHQKGIIYRDLKPENIMLLTDFG__,Large BRICS fragment
319,4073,p70S6K,3a62,6.4,RSK,AGC,Human,STU, ,A,in,na,"[20, 21, 22, 23]",RVLGKGGYGKVFQFAMKVL____ERNILEEVKPFIVDLIYAYLILEYLSGGELFMQLERHLHQKGIIYRDLKPENIMLLTDFGLC,Large BRICS fragment
320,4087,p70S6K,4rlo,7.5,RSK,AGC,Human,3T3, ,A,in,in,"[20, 21, 22]",RVLGKGGYGKVFQFAMKVL___AERNILEEVKPFIVDLIYAYLILEYLSGGELFMQLERHLHQKGIIYRDLKPENIMLLTDFGLC,Large BRICS fragment
321,4088,p70S6K,4rlp,6.1,RSK,AGC,Human,72B, ,A,in,na,"[20, 21, 22, 23, 24]",RVLGKGGYGKVFQFAMKVL_____RNILEEVKPFIVDLIYAYLILEYLSGGELFMQLERHLHQKGIIYRDLKPENIMLLTDFGLC,Large BRICS fragment
