,kinase,pdb,qualityscore,family,group,species,pdb_id,alt,chain,dfg,ac_helix,missing_residues,pocket,violation
0,ABL1,2g2i,6.8,Abl,TK,Human,ADP, ,A,in,in,"[7, 8, 9]",HKLGGG___EVYEVAVKTLEFLKEAAVMKEIKPNLVQLLGVYIITEFMTYGNLLDYLREYLEKKNFIHRDLAARNCLVVADFGLS,Substrate
1,ACK,1u54,6.8,Ack,TK,Human,ACP, ,B,in,in,"[7, 8, 9]",EKLGDG___VVRRVAVKCLDFIREVNAMHSLDRNLIRLYGVKMVTELAPLGSLLDRLRKYLESKRFIHRDLAARNLLLIGDFGLM,Substrate
2,ACTR2B,2qlu,8.0,STKR,TKL,Human,ADE, ,A,in,in,[],EIKARGRFGCVWKVAVKIFSWQSEREIFSTPGENLLQFIAAWLITAFHDKGSLTDYLKGEGHKPSIAHRDFKSKNVLLLADFGLA,Substrate
3,AKT1,4ekk,8.0,Akt,AGC,Human,ANP, ,B,in,in,[],KLLGKGTFGKVILYAMKILHTLTENRVLQNSRPFLTALKYSCFVMEYANGGELFFHLSRLHSEKNVVYRDLKLENLMLITDFGLC,Substrate
4,AKT2,1o6k,8.0,Akt,AGC,Human,ANP, ,A,in,in,[],KLLGKGTFGKVILYAMKILHTVTESRVLQNTRPFLTALKYACFVMEYANGGELFFHLSRYLHSRDVVYRDIKLENLMLITDFGLC,Substrate
5,AKT2,1o6l,8.0,Akt,AGC,Human,ANP, ,A,in,in,[],KLLGKGTFGKVILYAMKILHTVTESRVLQNTRPFLTALKYACFVMEYANGGELFFHLSRYLHSRDVVYRDIKLENLMLITDFGLC,Substrate
6,ALK,3lct,8.0,ALK,TK,Human,ADP,A,A,in,in,[],RGLGHGAFGEVYEVAVKTLDFLMEALIISKFNQNIVRCIGVFILLELMAGGDLKSFLREYLEENHFIHRDIAARNCLLIGDFGMA,Substrate
7,ALK2,5s7h,8.2,STKR,TKL,Human,LU8,B,A,in,in,"[60, 61]",ECVGKGRYGEVWRVAVKIFSWFRETELYNTVMENILGFIASWLITHYHEMGSLYDYLQL__GKPAIAHRDLKSKNILVIADLGLA,Unloadable ligand
8,ALK2,6unq,7.2,STKR,TKL,Human,ANP,A,A,in,in,"[60, 61]",ECVGKGRYGEVWRVAVKIFSWFRETELYNTVMENILGFIASWLITHYHEMGSLYDYLQL__GKPAIAHRDLKSKNILVIADLGLA,Substrate
9,ALK2,6unr,8.0,STKR,TKL,Human,ANP, ,A,in,in,[],ECVGKGRYGEVWRVAVKIFSWFRETELYNTVMENILGFIASWLITHYHEMGSLYDYLQLTQGKPAIAHRDLKSKNILVIADLGLA,Substrate
10,AurA,1mq4,9.6,Aur,Other,Human,ADP, ,A,in,in,[],RPLGKGKFGNVYLLALKVLQLRREVEIQSHLRPNILRLYGYYLILEYAPLGTVYRELQKYCHSKRVIHRDIKPENLLLIADFGWS,Substrate
11,AurA,1ol5,8.0,Aur,Other,Human,ADP, ,A,in,in,[],RPLGKGKFGNVYLLALKVLQLRREVEIQSHLRPNILRLYGYYLILEYAPLGTVYRELQKYCHSKRVIHRDIKPENLLLIADFGWS,Substrate
12,AurA,1ol6,7.6,Aur,Other,Human,ATP, ,A,in,in,[6],RPLGK_KFGNVYLLALKVLQLRREVEIQSHLRPNILRLYGYYLILEYAPLGTVYRELQKYCHSKRVIHRDIKPENLLLIANFGWS,Substrate
13,AurA,1ol7,9.0,Aur,Other,Human,ADP, ,A,in,in,[],RPLGKGKFGNVYLLALKVLQLRREVEIQSHLRPNILRLYGYYLILEYAPLGTVYRELQKYCHSKRVIHRDIKPENLLLIADFGWS,Substrate
14,AurA,2c6d,8.0,Aur,Other,Human,ANP,B,A,in,in,[],RPLGKGKFGNVYLLALKVLQLRREVEIQSHLRPNILRLYGYYLILEYAPLGTVYRELQKYCHSKRVIHRDIKPENLLLIADFGWS,Substrate
15,AurA,2dwb,8.0,Aur,Other,Human,ANP, ,A,in,in,[],RPLGKGKFGNVYLLALKVLQLRREVEIQSHLRPNILRLYGYYLILEYAPLGTVYRELQKYCHSKRVIHRDIKPENLLLIADFGWS,Substrate
16,AurA,4bn1,8.6,Aur,Other,Human,ADP,A,A,in,in,[],RPLGKGKFGNVYLLALKVLQLRREVEIQSHLRPNILRLYGYYLILEYAPLGTVYRELQKYCHSKRVIHRDIKPENLLLIADFGWS,Substrate
17,AurA,4c3p,8.0,Aur,Other,Human,ACP, ,A,in,in,[],RPLGKGKFGNVYLLALKVLQLRREVEIQSHLRPNILRLYGYYLILEYAPLGTVYRELQKYCHSKRVIHRDIKPENLLLIADFGWS,Substrate
18,AurA,4ceg,8.6,Aur,Other,Human,ADP, ,A,in,in,[],RPLGKGKFGNVYLLALKVLQLRREVEIQSHLRPNILRLYGYYLILEYAPLGTVYRELQKYCHSKRVIHRDIKPENLLLIADFGWS,Substrate
19,AurA,4dee,8.0,Aur,Other,Human,ADP, ,A,in,in,[],RPLGKGKFGNVYLLALKVLQLRREVEIQSHLRPNILRLYGYYLILEYAPLGTVYRELQKYCHSKRVIHRDIKPENLLLIADFGWS,Substrate
20,AurA,4o0s,8.0,Aur,Other,Human,ADN, ,A,in,in,[],RPLGKGKFGNVYLLALKVLQLRREVEIQSHLRPNILRLYGYYLILEYAPLGTVYRELQKYCHSKRVIHRDIKPENLLLIADFGWS,Substrate
21,AurA,4o0w,8.0,Aur,Other,Human,ADN, ,A,in,in,[],RPLGKGKFGNVYLLALKVLQLRREVEIQSHLRPNILRLYGYYLILEYAPLGTVYRELQKYCHSKRVIYRDIKPENLLLIADFGWS,Substrate
22,AurA,5dn3,8.0,Aur,Other,Human,ATP,A,A,in,in,[],RPLGKGKFGNVYLLALKVLQLRREVEIQSHLRPNILRLYGYYLILEYAPLGTVYRELQKYCHSKRVIHRDIKPENLLLIADFGWS,Substrate
23,AurA,5dnr,8.0,Aur,Other,Human,ATP,B,A,in,in,[],RPLGKGKFGNVYLLALKVLQLRREVEIQSHLRPNILRLYGYYLILEYAPLGTVYRELQKYCHSKRVIHRDIKPENLLLIADFGWS,Substrate
24,AurA,5dos,8.0,Aur,Other,Human,ATP, ,A,in,in,[],RPLGKGKFGNVYLLALKVLQLRREVEIQSHLRPNILRLYGYYLILEYAPLGTVYRELQKYCHSKRVIHRDIKPENLLLIADFGWS,Substrate
25,AurA,5dr2,8.0,Aur,Other,Human,ATP, ,A,in,in,[],RPLGKGKFGNVYLLALKVLQLRREVEIQSHLRPNILRLYGYYLILEYAPLGTVYRELQKYCHSKRVIHRDIKPENLLLIADFGWS,Substrate
26,AurA,5drd,8.0,Aur,Other,Human,ATP, ,A,in,in,[],RPLGKGKFGNVYLLALKVLQLRREVEIQSHLRPNILRLYGYYLILEYAPLGTVYRELQKYCHSKRVIHRDIKPENLLLIADFGWS,Substrate
27,AurA,5dt3,8.0,Aur,Other,Human,ATP, ,A,in,in,[],RPLGKGKFGNVYLLALKVLQLRREVEIQSHLRPNILRLYGYYLILEYAPLGTVYRELQKYCHSKRVIHRDIKPENLLLIADFGWS,Substrate
28,AurA,5dt4,8.0,Aur,Other,Human,ATP, ,A,in,in,[],RPLGKGKFGNVYLLALKVLQLRREVEIQSHLRPNILRLYGYYLILEYAPLGTVYRELQKYCHSKRVIHRDIKPENLLLIADFGWS,Substrate
29,AurA,5g15,8.0,Aur,Other,Human,ACP,A,A,in,in,[],RPLGKGKFGNVYLLALKVLQLRREVEIQSHLRPNILRLYGYYLILEYAPLGTVYRELQKYCHSKRVIHRDIKPENLLLIADFGWS,Substrate
30,AurA,5g1x,8.6,Aur,Other,Human,ADP,B,A,in,in,[],RPLGKGKFGNVYLLALKVLQLRREVEIQSHLRPNILRLYGYYLILEYAPLGTVYRELQKYCHSKRVIHRDIKPENLLLIADFGWS,Substrate
31,AurA,5lxm,8.7,Aur,Other,Human,ADP,A,A,in,in,[],RPLGKGKFGNVYLLALKVLQLRREVEIQSHLRPNILRLYGYYLILEYAPLGTVYRELQKYCHSKRVIHRDIKPENLLLIADFGWS,Substrate
32,AurA,5obj,8.0,Aur,Other,Human,ATP, ,A,in,in,[],RPLGKGKFGNVYLLALKVLQLRREVEIQSHLRPNILRLYGYYLILEYAPLGTVYRELQKYCHSKRVIHRDIKPENLLLIADFGWS,Substrate
33,AurA,5orl,8.6,Aur,Other,Human,ADP, ,A,in,in,[],RPLGKGKFGNVYLLALKVLQLRREVEIQSHLRPNILRLYGYYLILEYAPLGTVYRELQKYCHSKRVIHRDIKPENLLLIADFGWS,Substrate
34,AurA,5orn,8.6,Aur,Other,Human,ADP, ,A,in,in,[],RPLGKGKFGNVYLLALKVLQLRREVEIQSHLRPNILRLYGYYLILEYAPLGTVYRELQKYCHSKRVIHRDIKPENLLLIADFGWS,Substrate
35,AurA,5oro,8.6,Aur,Other,Human,ADP, ,A,in,in,[],RPLGKGKFGNVYLLALKVLQLRREVEIQSHLRPNILRLYGYYLILEYAPLGTVYRELQKYCHSKRVIHRDIKPENLLLIADFGWS,Substrate
36,AurA,5orp,8.6,Aur,Other,Human,ADP, ,A,in,in,[],RPLGKGKFGNVYLLALKVLQLRREVEIQSHLRPNILRLYGYYLILEYAPLGTVYRELQKYCHSKRVIHRDIKPENLLLIADFGWS,Substrate
37,AurA,5orr,8.6,Aur,Other,Human,ADP, ,A,in,in,[],RPLGKGKFGNVYLLALKVLQLRREVEIQSHLRPNILRLYGYYLILEYAPLGTVYRELQKYCHSKRVIHRDIKPENLLLIADFGWS,Substrate
38,AurA,5ors,8.6,Aur,Other,Human,ADP, ,A,in,in,[],RPLGKGKFGNVYLLALKVLQLRREVEIQSHLRPNILRLYGYYLILEYAPLGTVYRELQKYCHSKRVIHRDIKPENLLLIADFGWS,Substrate
39,AurA,5ort,8.6,Aur,Other,Human,ADP, ,A,in,in,[],RPLGKGKFGNVYLLALKVLQLRREVEIQSHLRPNILRLYGYYLILEYAPLGTVYRELQKYCHSKRVIHRDIKPENLLLIADFGWS,Substrate
40,AurA,5orv,8.6,Aur,Other,Human,ADP, ,A,in,in,[],RPLGKGKFGNVYLLALKVLQLRREVEIQSHLRPNILRLYGYYLILEYAPLGTVYRELQKYCHSKRVIHRDIKPENLLLIADFGWS,Substrate
41,AurA,5orw,8.6,Aur,Other,Human,ADP, ,A,in,in,[],RPLGKGKFGNVYLLALKVLQLRREVEIQSHLRPNILRLYGYYLILEYAPLGTVYRELQKYCHSKRVIHRDIKPENLLLIADFGWS,Substrate
42,AurA,5orx,8.6,Aur,Other,Human,ADP, ,A,in,in,[],RPLGKGKFGNVYLLALKVLQLRREVEIQSHLRPNILRLYGYYLILEYAPLGTVYRELQKYCHSKRVIHRDIKPENLLLIADFGWS,Substrate
43,AurA,5ory,8.5,Aur,Other,Human,ADP, ,A,in,in,[],RPLGKGKFGNVYLLALKVLQLRREVEIQSHLRPNILRLYGYYLILEYAPLGTVYRELQKYCHSKRVIHRDIKPENLLLIADFGWS,Substrate
44,AurA,5orz,8.8,Aur,Other,Human,ADP,A,A,in,in,[],RPLGKGKFGNVYLLALKVLQLRREVEIQSHLRPNILRLYGYYLILEYAPLGTVYRELQKYCHSKRVIHRDIKPENLLLIADFGWS,Substrate
45,AurA,5os0,9.2,Aur,Other,Human,ADP, ,A,in,in,[],RPLGKGKFGNVYLLALKVLQLRREVEIQSHLRPNILRLYGYYLILEYAPLGTVYRELQKYCHSKRVIHRDIKPENLLLIADFGWS,Substrate
46,AurA,5os1,9.1,Aur,Other,Human,ADP,A,A,in,in,[],RPLGKGKFGNVYLLALKVLQLRREVEIQSHLRPNILRLYGYYLILEYAPLGTVYRELQKYCHSKRVIHRDIKPENLLLIADFGWS,Substrate
47,AurA,5os2,8.9,Aur,Other,Human,ADP,B,A,in,in,[],RPLGKGKFGNVYLLALKVLQLRREVEIQSHLRPNILRLYGYYLILEYAPLGTVYRELQKYCHSKRVIHRDIKPENLLLIADFGWS,Substrate
48,AurA,5os3,8.6,Aur,Other,Human,ADP, ,A,in,in,[],RPLGKGKFGNVYLLALKVLQLRREVEIQSHLRPNILRLYGYYLILEYAPLGTVYRELQKYCHSKRVIHRDIKPENLLLIADFGWS,Substrate
49,AurA,5os4,8.6,Aur,Other,Human,ADP, ,A,in,in,[],RPLGKGKFGNVYLLALKVLQLRREVEIQSHLRPNILRLYGYYLILEYAPLGTVYRELQKYCHSKRVIHRDIKPENLLLIADFGWS,Substrate
50,AurA,5os5,9.3,Aur,Other,Human,ADP,B,A,in,in,[],RPLGKGKFGNVYLLALKVLQLRREVEIQSHLRPNILRLYGYYLILEYAPLGTVYRELQKYCHSKRVIHRDIKPENLLLIADFGWS,Substrate
51,AurA,5os6,8.6,Aur,Other,Human,ADP, ,A,in,in,[],RPLGKGKFGNVYLLALKVLQLRREVEIQSHLRPNILRLYGYYLILEYAPLGTVYRELQKYCHSKRVIHRDIKPENLLLIADFGWS,Substrate
52,AurA,5osd,8.6,Aur,Other,Human,ADP, ,A,in,in,[],RPLGKGKFGNVYLLALKVLQLRREVEIQSHLRPNILRLYGYYLILEYAPLGTVYRELQKYCHSKRVIHRDIKPENLLLIADFGWS,Substrate
53,AurA,5ose,8.6,Aur,Other,Human,ADP, ,A,in,in,[],RPLGKGKFGNVYLLALKVLQLRREVEIQSHLRPNILRLYGYYLILEYAPLGTVYRELQKYCHSKRVIHRDIKPENLLLIADFGWS,Substrate
54,AurA,5osf,8.6,Aur,Other,Human,ADP, ,A,in,in,[],RPLGKGKFGNVYLLALKVLQLRREVEIQSHLRPNILRLYGYYLILEYAPLGTVYRELQKYCHSKRVIHRDIKPENLLLIADFGWS,Substrate
55,AurA,6cpf,8.0,Aur,Other,Human,ACP, ,A,in,in,[],RPLGKGKFGNVYLLALKVLQLRREVEIQSHLRPNILRLYGYYLILEYAPLGTVYRELQKYCHSKRVIHRDIKPENLLLIADFGWS,Substrate
56,AurA,6r49,8.6,Aur,Other,Human,ADP, ,A,in,in,[],RPLGKGKFGNVYLLALKVLQLRREVEIQSHLRPNILRLYGYYLILEYAPLGTVYRELQKYCHSKRVIHRDIKPENLLLIADFGWS,Substrate
57,AurA,6r4a,9.2,Aur,Other,Human,ADP, ,A,in,in,[],RPLGKGKFGNVYLLALKVLQLRREVEIQSHLRPNILRLYGYYLILEYAPLGTVYRELQKYCHSKRVIHRDIKPENLLLIADFGWS,Substrate
58,AurA,6r4b,8.6,Aur,Other,Human,ADP,B,A,in,in,[],RPLGKGKFGNVYLLALKVLQLRREVEIQSHLRPNILRLYGYYLILEYAPLGTVYRELQKYCHSKRVIHRDIKPENLLLIADFGWS,Substrate
59,AurA,6r4c,9.2,Aur,Other,Human,ADP, ,A,in,in,[],RPLGKGKFGNVYLLALKVLQLRREVEIQSHLRPNILRLYGYYLILEYAPLGTVYRELQKYCHSKRVIHRDIKPENLLLIADFGWS,Substrate
60,AurA,6r4d,8.6,Aur,Other,Human,ADP, ,A,in,in,[],RPLGKGKFGNVYLLALKVLQLRREVEIQSHLRPNILRLYGYYLILEYAPLGTVYRELQKYCHSKRVIHRDIKPENLLLIADFGWS,Substrate
61,AurA,6vpg,8.0,Aur,Other,Human,ANP,A,A,in,in,[],RPLGKGKFGNVYLLALKVLQLRREVEIQSHLRPNILRLYGYYLILEYAPLGTVYRELQKYCHSKRVIHRDIKPENLLLIADFGWS,Substrate
62,AurA,6vpi,8.0,Aur,Other,Human,ANP,A,A,in,in,[],RPLGKGKFGNVYLLALKVLQLRREVEIQSHLRPNILRLYGYYLILEYAPLGTVYRELQKYVHSKRVIHRNIKPENLLLIADFGWS,Substrate
63,AurA,6vpl,8.0,Aur,Other,Human,ANP,A,A,in,in,[],RPLGKGKFGNVYLLALKVLQLRREVEIQSHLRPNILRLYGYYLILEYAPLGTVYRELQKYCHSKRVIHRDIKPENLLLIADFGWS,Substrate
64,AurA,6vpm,8.0,Aur,Other,Human,AMP,B,A,in,in,[],RPLGKGKFGNVYLLALKVLQLRREVEIQSHLRPNILRLYGYYLILEYAPLGTVYRELQKYCHSKRVIHRDIKPENLLLIADFGWS,Substrate
65,BMPR2,3g2f,7.6,STKR,TKL,Human,ADP,A,B,in,in,[54],ELIGRGRYGAVYKVAVKVFNFINEKNIYRVPLDNIARFIVGLLVMEYYPNGSL_KYLSLDHYKPAISHRDLNSRNVLVISDFGLS,Substrate
66,BMPR2,6unp,7.6,STKR,TKL,Human,ADP,B,A,in,in,[54],ELIGRGRYGAVYKVAVKVFNFINEKNIYRVPLDNIARFIVGLLVMEYYPNGSL_KYLSLDHYKPAISHRDLNSRNVLVISDFGLS,Substrate
67,BRAF,5jrq,8.4,RAF,TKL,Human,6N9, ,A,in,out,[],QRIGSGSFGTVYKVAVKMLAFKNEVGVLRKTRVNILLFMGYAIVTQWCEGSSLYHHLHAYLHAKSIIHRDLKSNNIFLIGDFGLA,Unloadable ligand
68,BRAF,6nyb,8.0,RAF,TKL,Human,AGS, ,A,in,out,[],QRIGSGSFGTVYKVAVKMLAFKNEVGVLRKTRVNILLFMGYAIVTQWCEGSSLYHHLHIYLHAKSIIHRDLKSNNIFLIGDFGLA,Contains phosphate
69,BRAF,6pp9,8.0,RAF,TKL,Human,ANP,B,A,in,out,[],QRIGSGSFGTVYKVAVKMLAFKNEVGVLRKTRVNILLFMGYAIVTQWCEGSSLYHHLHIYLHAKSIIHRDLKSNNIFLIGDFGLA,Substrate
70,BRAF,6u2g,8.0,RAF,TKL,Human,ACP, ,B,in,out,[],QRIGSGSFGTVYKVAVKMLAFKNEVGVLRKTRVNILLFMGYAIVTQWCEGSSLYHHLHIYLHAKSIIHRDLKSNNIFLIGDFGLA,Substrate
71,BRAF,6v2w,8.0,RAF,TKL,Human,ANP,A,A,in,out,[],QRIGSGSFGTVYKVAVKMLAFKNEVGVLRKTRVNILLFMGYAIVTQWCEGSSLYHHLHIYLHAKSIIHRDLKSNNIFLIGDFGLA,Substrate
72,BRAF,7m0t,8.0,RAF,TKL,Human,ANP, ,A,in,out,[],QRIGSGSFGTVYKVAVKMLAFKNEVGVLRKTRVNILLFMGYAIVTQWCEGSSLYHHLHIYLHAKSIIHRDLKSNNIFLIGDFGLA,Substrate
73,BRAF,7m0u,8.0,RAF,TKL,Human,ANP, ,A,in,out,[],QRIGSGSFGTVYKVAVKMLAFKNEVGVLRKTRVNILLFMGYAIVTQWCEGSSLYHHLHIYLHAKSIIHRDLKSNNIFLIGDFGLA,Substrate
74,BRAF,7m0v,8.0,RAF,TKL,Human,ANP,B,A,in,out,[],QRIGSGSFGTVYKVAVKMLAFKNEVGVLRKTRVNILLFMGYAIVTQWCEGSSLYHHLHIYLHAKSIIHRDLKSNNIFLIGDFGLA,Substrate
75,BRAF,7m0w,8.0,RAF,TKL,Human,ANP, ,A,in,out,[],QRIGSGSFGTVYKVAVKMLAFKNEVGVLRKTRVNILLFMGYAIVTQWCEGSSLYHHLHIYLHAKSIIHRDLKSNNIFLIGDFGLA,Substrate
76,BRAF,7m0x,8.0,RAF,TKL,Human,ANP,B,A,in,out,[],QRIGSGSFGTVYKVAVKMLAFKNEVGVLRKTRVNILLFMGYAIVTQWCEGSSLYHHLHIYLHAKSIIHRDLKSNNIFLIGDFGLA,Substrate
77,BRAF,7m0y,8.0,RAF,TKL,Human,ANP, ,A,in,out,[],QRIGSGSFGTVYKVAVKMLAFKNEVGVLRKTRVNILLFMGYAIVTQWCEGSSLYHHLHIYLHAKSIIHRDLKSNNIFLIGDFGLA,Substrate
78,BRAF,7m0z,8.0,RAF,TKL,Human,ANP, ,A,in,out,[],QRIGSGSFGTVYKVAVKMLAFKNEVGVLRKTRVNILLFMGYAIVTQWCEGSSLYHHLHIYLHAKSIIHRDLKSNNIFLIGDFGLA,Substrate
79,BTK,4yhf,8.7,Tec,TK,Human,4C9,A,B,in,out,[],KELGTGQFGVVKYVAIKMIEFIEEAKVMMNLSEKLVQLYGVFIITEYMANGCLLNYLREYLESKQFLHRDLAARNCLVVSDFGLS,Covalent ligand
80,BTK,5j87,8.0,Tec,TK,Human,N42,B,D,in,out,[],KELGTGQFGVVKYVAIKMIEFIEEAKVMMNLSEKLVQLYGVFIITEYMANGCLLNYLREYLESKQFLHRDLAARNCLVVSDFGLS,Covalent ligand
81,BTK,5p9j,8.4,Tec,TK,Human,8E8,B,A,in,out,[],KELGTGQFGVVKYVAIKMIEFIEEAKVMMNLSEKLVQLYGVFIITEYMANGCLLNYLREYLESKQFLHRDLAARNCLVVSDFGLS,Covalent ligand
82,BTK,5p9k,8.0,Tec,TK,Human,7G8,A,A,in,out,[],KELGTGQFGVVKYVAIKMIEFIEEAKVMMNLSEKLVQLYGVFIITEYMANGCLLNYLREYLESKQFLHRDLAARNCLVVSDFGLS,Covalent ligand
83,BTK,5p9l,7.7,Tec,TK,Human,7G9,A,A,in,out,"[5, 6, 7, 8]",KELG____GVVKYVAIKMIEFIEEAKVMMNLSEKLVQLYGVFIITEYMANGCLLNYLREYLESKQFLHRDLAARNCLVVSDFGLS,Covalent ligand
84,BTK,5p9m,9.2,Tec,TK,Human,7GB,A,A,in,out,[],KELGTGQFGVVKYVAIKMIEFIEEAKVMMNLSEKLVQLYGVFIITEYMANGCLLNYLREYLESKQFLHRDLAARNCLVVSDFGLS,Covalent ligand
85,BTK,6di1,8.0,Tec,TK,Human,GJD,B,A,in,out,[],KELGTGQFGVVKYVAIKMIEFIEEAKVMMNLSEKLVQLYGVFIITEYMANGCLLNYLREYLESKQFLHRDLAARNCLVVSDFGLS,Covalent ligand
86,BTK,6di5,8.8,Tec,TK,Human,GJ7,A,A,in,out,[],KELGTGQFGVVKYVAIKMIEFIEEAKVMMNLSEKLVQLYGVFIITEYMANGCLLNYLREYLESKQFLHRDLAARNCLVVSDFGLS,Covalent ligand
87,BTK,6di9,6.4,Tec,TK,Human,GJJ,A,A,in,out,"[4, 5, 6, 7, 8, 9]",KEL______VVKYVAIKMIEFIEEAKVMMNLSEKLVQLYGVFIITEYMANGCLLNYLREYLESKQFLHRDLAARNCLVVSDFGLS,Covalent ligand
88,BTK,6j6m,8.0,Tec,TK,Human,BA0,B,A,in,out,[],KELGTGQFGVVKYVAIKMIEFIEEAKVMMNLSEKLVQLYGVFIITEYMANGCLLNYLREYLESKQFLHRDLAARNCLVVSDFGLS,Covalent ligand
89,BTK,6n9p,8.0,Tec,TK,Human,KHD,A,A,in,out,[],KELGTGQFGVVKYVAIKMIEFIEEAKVMMNLSEKLVQLYGVFIITEYMANGCLLNYLREYLESKQFLHRDLAARNCLVVSDFGLS,Covalent ligand
90,BTK,6o8i,8.0,Tec,TK,Human,LTJ,B,A,in,in,[20],KELGTGQFGVVKYVAIKMI_FIEEAKVMMNLSEKLVQLYGVFIITEYMANGCLLNYLREYLESKQFLHRDLAARNCLVVSDFGLS,Covalent ligand
91,BTK,6tfp,9.8,Tec,TK,Human,N6Z, ,B,in,out,[],KELGTGQFGVVKYVAIKMIEFIEEAKVMMNLSEKLVQLYGVFIITEYMANGCLLNYLREYLESKQFLHRDLAARNCLVVSDFGLS,Covalent ligand
92,BTK,7l5p,8.0,Tec,TK,Human,R1L,A,A,in,out,[],KELGTGQFGVVKYVAIKMIEFIEEAKVMMNLSEKLVQLYGVFIITEYMANGCLLNYLREYLESKQFLHRDLAARNCLVVSDFGLS,Covalent ligand
93,BTK,7n5y,8.0,Tec,TK,Human,0CI,B,A,in,out,[],KELGTGQFGVVKYVAIKMIEFIEEAKVMMNLSEKLVQLYGVFIITEYMANGCLLNYLREYLESKQFLHRDLAARNCLVVSDFGLS,Covalent ligand
94,BTK,7r60,9.2,Tec,TK,Human,2IE,A,A,in,out,[],KELGTGQFGVVKYVAIKMIEFIEEAKVMMNLSEKLVQLYGVFIITEYMANGCLLNYLREYLESKQFLHRDLAARNCLVVSDFGLS,Covalent ligand
95,BTK,7r61,7.2,Tec,TK,Human,2IJ,B,A,in,out,"[6, 7]",KELGT__FGVVKYVAIKMIEFIEEAKVMMNLSEKLVQLYGVFIITEYMANGCLLNYLREYLESKQFLHRDLAARNCLVVSDFGLS,Covalent ligand
96,BUB1,4qpm,7.6,BUB,Other,Human,ADP, ,A,in,in,[],HLLGEGAFAQVYEFVLKVQIGTQLMERLKPSMHMFMKFYSAVLVGELYSYGTLLNAINLQVHDCEIIHGDIKPDNFILLIDLGQS,Substrate
97,BUB1,4r8q,7.6,BUB,Other,Human,ADP, ,A,in,in,[],HLLGEGAFAQVYEFVLKVQIGTQLMERLKPSMHMFMKFYSAVLVGELYSYGTLLNAINLQVHDCEIIHGDIKPDNFILLIDLGQS,Substrate
98,BUB1,5dmz,7.6,BUB,Other,Human,ADP, ,B,in,in,[],HLLGEGAFAQVYEFVLKVQIGTQLMERLKPSMHMFMKFYSAVLVGELYSYGTLLNAINLQVHDCEIIHGDIKPDNFILLIDLGQS,Substrate
99,CASK,3c0g,8.0,CASK,CAMK,Human,3AM,A,B,in,out,[],EVIGKGPFSVVRRFAVKIVDLKREASICHMLKPHIVELLETYMVFEFMDGADLCFEIVKYCHDNNIIHRDVKPHCVLLLGGFGVA,Unloadable ligand
100,CASK,3c0h,8.0,CASK,CAMK,Human,AMP, ,B,in,in,[],EVIGKGPFSVVRRFAVKIVDLKREASICHMLKPHIVELLETYMVFEFMDGADLCFEIVKYCHDNNIIHRDVKPHCVLLLGGFGVA,Substrate
101,CASK,3c0i,8.0,CASK,CAMK,Human,3AM,B,A,in,in,[],EVIGKGPFSVVRRFAVKIVDLKREASICHMLKPHIVELLETYMVFEFMDGADLCFEIVKYCHDNNIIHRDVKPHCVLLLGGFGVA,Unloadable ligand
102,CASK,3mfr,8.0,CASK,CAMK,Human,ANP,A,A,in,in,[],EVIGKGAFSVVRRFAVKIVDLKREASICHMLKPHIVELLETYMVFEFMDGADLCFEIVKYCHDNNIIHRDVKPENVLLLGDFGVA,Substrate
103,CASK,3mfs,8.0,CASK,CAMK,Human,ANP,A,A,in,in,[],EVIGKGAFSVVRRFAVKIVDLKREASICHMLKPHIVELLETYMVFEFMDGADLCFEIVKYCHDNNIIHRDVKPENVLLLGDFGVA,Substrate
104,CASK,3mfu,8.0,CASK,CAMK,Human,ANP,A,A,in,in,[],EVIGKGAFSVVRRFAVKIVDLKREASICHMLKPHIVELLETYMVFEFMDGADLCFEIVKYCHDNNIIHRDVKPENVLLLGDFGVA,Substrate
105,CDC7,4f99,7.4,CDC7,Other,Human,ADP, ,A,in,in,"[50, 57, 58]",DKIGEGTFSSVYLIALKHLRIAAELQCLTVAGDNVMGVKYCVIAMPYLE_HESFLD__IRIHQFGIVHRDVKPSNFLYLVDFGLA,Substrate
106,CDC7,4f9a,7.4,CDC7,Other,Human,ADP, ,A,in,in,"[50, 57, 58]",DKIGEGTFSSVYLIALKHLRIAAELQCLTVAGDNVMGVKYCVIAMPYLE_HESFLD__IRIHQFGIVHRDVKPSNFLYLVDFGLA,Substrate
107,CDC7,6ya7,8.0,CDC7,Other,Human,ADP,B,A,in,in,"[50, 57, 58]",DKIGEGTFSSVYLIALKHLRIAAELQCLTVAGDNVMGVKYCVIAMPYLE_HESFLD__IRIHQFGIVHRDVKPSNFLYLVDFGLA,Substrate
108,CDC7,6ya8,8.0,CDC7,Other,Human,ADP,B,A,in,in,"[50, 57, 58]",DKIGEGTFSSVYLIALKHLRIAAELQCLTVAGDNVMGVKYCVIAMPYLE_HESFLD__IRIHQFGIVHRDVKPSNFLYLVDFGLA,Substrate
109,CDK2,1b38,8.0,CDK,CMGC,Human,ATP, ,A,in,out,[50],EKIGEGTYGVVYKVALKKITAIREISLLKELNPNIVKLLDVYLVFEFLH_QDLKKFMDAFCHSHRVLHRDLKPQNLLILADFGLA,Substrate
110,CDK2,1b39,8.0,CDK,CMGC,Human,ATP, ,A,in,out,[50],EKIGEGTYGVVYKVALKKITAIREISLLKELNPNIVKLLDVYLVFEFLH_QDLKKFMDAFCHSHRVLHRDLKPQNLLILADFGLA,Substrate
111,CDK2,1fin,8.0,CDK,CMGC,Human,ATP, ,A,in,in,[50],EKIGEGTYGVVYKVALKKITAIREISLLKELNPNIVKLLDVYLVFEFLH_QDLKKFMDAFCHSHRVLHRDLKPQNLLILADFGLA,Substrate
112,CDK2,1fq1,8.0,CDK,CMGC,Human,ATP, ,B,in,in,[50],EKIGEGTYGVVYKVALKKITAIREISLLKELNPNIVKLLDVYLVFEFLH_QDLKKFMDAFCHSHRVLHRDLKPQNLLILADFGLA,Substrate
113,CDK2,1gy3,8.0,CDK,CMGC,Human,ATP, ,A,in,in,[50],EKIGEGTYGVVYKVALKKITAIREISLLKELNPNIVKLLDVYLVFEFLH_QDLKKFMDAFCHSHRVLHRDLKPQNLLILADFGLA,Substrate
114,CDK2,1h0w,8.0,CDK,CMGC,Human,207,A,A,in,out,[50],EKIGEGTYGVVYKVALKKITAIREISLLKELNPNIVKLLDVYLVFEFLH_QDLKKFMDAFCHSHRVLHRDLKPQNLLILADFGLA,Unloadable pocket
115,CDK2,1hck,8.0,CDK,CMGC,Human,ATP,A,A,in,out,[50],EKIGEGTYGVVYKVALKKITAIREISLLKELNPNIVKLLDVYLVFEFLH_QDLKKFMDAFCHSHRVLHRDLKPQNLLILADFGLA,Substrate
116,CDK2,1jst,8.0,CDK,CMGC,Human,ATP, ,C,in,in,[50],EKIGEGTYGVVYKVALKKITAIREISLLKELNPNIVKLLDVYLVFEFLH_QDLKKFMDAFCHSHRVLHRDLKPQNLLILADFGLA,Substrate
117,CDK2,1qmz,8.0,CDK,CMGC,Human,ATP, ,A,in,in,[50],EKIGEGTYGVVYKVALKKITAIREISLLKELNPNIVKLLDVYLVFEFLH_QDLKKFMDAFCHSHRVLHRDLKPQNLLILADFGLA,Substrate
118,CDK2,2cch,8.0,CDK,CMGC,Human,ATP,A,C,in,in,[50],EKIGEGTYGVVYKVALKKITAIREISLLKELNPNIVKLLDVYLVFEFLH_QDLKKFMDAFCHSHRVLHRDLKPQNLLILADFGLA,Substrate
119,CDK2,2cci,8.0,CDK,CMGC,Human,ATP, ,A,in,in,[50],EKIGEGTYGVVYKVALKKITAIREISLLKELNPNIVKLLDVYLVFEFLH_QDLKKFMDAFCHSHRVLHRDLKPQNLLILADFGLA,Substrate
120,CDK2,2cjm,8.0,CDK,CMGC,Human,ATP, ,C,in,in,[50],EKIGEGTYGVVYKVALKKITAIREISLLKELNPNIVKLLDVYLVFEFLH_QDLKKFMDAFCHSHRVLHRDLKPQNLLILADFGLA,Substrate
121,CDK2,3my5,9.1,CDK,CMGC,Human,RFZ,C,C,in,in,[50],EKIGEGTYGVVYKVALKKITAIREISLLKELNPNIVKLLDVYLVFEFLH_QDLKKFMDAFCHSHRVLHRDLKPQNLLILADFGLA,Contains ribose
122,CDK2,3pxq,8.0,CDK,CMGC,Human,2AN, ,A,in,out,[50],EKIGEGTYGVVYKVALKKITAIREISLLKELNPNIVKLLDVYLVFEFLH_QDLKKFMDAFCHSHRVLHRDLKPQNLLILADFGLA,Multiple ligands present
123,CDK2,3pxz,8.0,CDK,CMGC,Human,2AN, ,A,in,out,[50],EKIGEGTYGVVYKVALKKITAIREISLLKELNPNIVKLLDVYLVFEFLH_QDLKKFMDAFCHSHRVLHRDLKPQNLLILADFGLA,Multiple ligands present
124,CDK2,3py1,8.0,CDK,CMGC,Human,SU9,A,A,in,out,[50],EKIGEGTYGVVYKVALKKITAIREISLLKELNPNIVKLLDVYLVFEFLH_QDLKKFMDAFCHSHRVLHRDLKPQNLLILADFGLA,Multiple ligands present
125,CDK2,3qhr,8.0,CDK,CMGC,Human,ADP, ,C,in,in,[50],EKIGEGTYGVVYKVALKKITAIREISLLKELNPNIVKLLDVYLVFEFLH_QDLKKFMDAFCHSHRVLHRDLKPQNLLILADFGLA,Substrate
126,CDK2,3qhw,8.0,CDK,CMGC,Human,ADP,A,C,in,in,[50],EKIGEGTYGVVYKVALKKITAIREISLLKELNPNIVKLLDVYLVFEFLH_QDLKKFMDAFCHSHRVLHRDLKPQNLLILADFGLA,Substrate
127,CDK2,4eoj,8.0,CDK,CMGC,Human,ATP,B,A,in,in,[50],EKIGEGTYGVVYKVALKKITAIREISLLKELNPNIVKLLDVYLVFEFLS_MDLKDFMDAFCHSHRVLHRDLKPQNLLILADFGLA,Substrate
128,CDK2,4eom,8.0,CDK,CMGC,Human,ATP,B,C,in,in,[50],EKIGEGTYGVVYKVALKKITAIREISLLKELNPNIVKLLDVYLVFEFLS_MDLKKFMDAFCHSHRVLHRDLKPENLLILADFGLA,Substrate
129,CDK2,4eoo,8.0,CDK,CMGC,Human,ATP,B,C,in,in,[50],EKIGEGTYGVVYKVALKKITAIREISLLKELNPNIVKLLDVYLVFEFLH_QDLKKFMDAFCHSHRVLHRDLKPENLLILADFGLA,Substrate
130,CDK2,4eoq,8.0,CDK,CMGC,Human,ATP,B,C,in,in,[50],EKIGEGTYGVVYKVALKKITAIREISLLKELNPNIVKLLDVYLVFEFLH_QDLKKFMDAFCHSHRVLHRDLKPQNLLILADFGLA,Substrate
131,CDK2,4ez7,8.0,CDK,CMGC,Human,STU, ,A,in,out,[50],EKIGEGTYGVVYKVALKKITAIREISLLKELNPNIVKLLDVYLVFEFLH_QDLKKFMDAFCHSHRVLHRDLKPQNLLILADFGLA,Multiple ligands present
132,CDK2,4i3z,8.0,CDK,CMGC,Human,ADP, ,C,in,in,[50],EKIGEGTYGVVYKVALKKITAIREISLLKELNPNIVKLLDVYLVFEFLH_QDLKKFMDAFCHSHRVLHRDLKPQNLLILADFGLA,Substrate
133,CDK2,4ii5,8.0,CDK,CMGC,Human,ADP,A,A,in,in,[50],EKIGEGTYGVVYKVALKKITAIREISLLKELNPNIVKLLDVYLVFEFLH_QDLKKFMDAFCHSHRVLHRDLKPQNLLILADFGLA,Substrate
134,CDK7,1ua2,8.0,CDK,CMGC,Human,ATP, ,A,in,out,[50],DFLGEGQFATVYKVAIKKITALREIKLLQELSPNIIGLLDASLVFDFME_TDLEVIIKDYLHQHWILHRDLKPNNLLLLADFGLA,Substrate
135,CDK7,6xbz,8.0,CDK,CMGC,Human,AGS, ,J,in,in,[50],DFLGEGQFATVYKVAIKKITALREIKLLQELSPNIIGLLDASLVFDFME_TDLEVIIKDYLHQHWILHRDLKPNNLLLLADFGLA,Contains phosphate
136,CDK9,3blq,8.0,CDK,CMGC,Human,ATP, ,A,in,in,[50],AKIGQGTFGEVFKVALKKVTALREIKILQLLKENVVNLIEIYLVFDFCE_HDLAGLLSNYIHRNKILHRDMKAANVLILADFGLA,Substrate
137,CDK9,3mia,8.0,CDK,CMGC,Human,ANP, ,A,in,in,[50],AKIGQGTFGEVFKVALKKVTALREIKILQLLKENVVNLIEIYLVFDFCE_HDLAGLLSNYIHRNKILHRDMKAANVLILADFGLA,Substrate
138,CDK9,3my1,8.0,CDK,CMGC,Human,RFZ, ,A,in,in,[50],AKIGQGTFGEVFKVALKKVTALREIKILQLLKENVVNLIEIYLVFDFCE_HDLAGLLSNYIHRNKILHRDMKAANVLILADFGLA,Contains ribose
139,CDK9,4imy,8.0,CDK,CMGC,Human,AMP,A,A,in,in,[50],AKIGQGTFGEVFKVALKKVTALREIKILQLLKENVVNLIEIYLVFDFCE_HDLAGLLSNYIHRNKILHRDMKAANVLILADFGLA,Substrate
140,CDK9,4ogr,9.7,CDK,CMGC,Human,ADN, ,I,in,in,[50],AKIGQGTFGEVFKVALKKVTALREIKILQLLKENVVNLIEIYLVFDFCE_HDLAGLLSNYIHRNKILHRDMKAANVLILADFGLA,Substrate
141,CHED,5efq,9.2,CDK,CMGC,Human,ADP, ,A,in,in,[50],GIIGEGTYGQVYKVALKKVTAIREIKILRQLTQSIINMKEIYLVFEYMD_HDLMGLLESYCHKKNFLHRDIKCSNILLLADFGLA,Substrate
142,CHK1,5oop,8.9,CAMKL,CAMK,Human,ANP,B,A,in,in,[],QTLGEGAYGEVQLVAVKIVNIKKEICILKMLNENVIKFYGHYLFMELASGGSLFDRIEPYLHGIGITHRDIKPHNLLLIADYSLA,Substrate
143,CHK1,7akm,8.0,CAMKL,CAMK,Human,AGS,A,A,in,in,[],QTLGEGAYGEVQLVAVKIVNIKKEICINKMLNENVVKFYGHYLFLEYCSGGELFDRIEPYLHGIGITHRDIKPENLLLISDFGLA,Contains phosphate
144,CHK1,7bje,8.1,CAMKL,CAMK,Human,ADE,A,A,in,in,[],QTLGEGAYGEVQLVAVKIVNIKKEICILKMLNENVIKFYGHYLFMELASGGSLFDRIEPYLHGIGITHRDIKPHNLLLIADYSLA,Substrate
145,CHK1,7bkn,8.0,CAMKL,CAMK,Human,ADE, ,A,in,in,[],QTLGEGAYGEVQLVAVKIVNIKKEICINKMLNENVVKFYGHYLFLEYCSGGELFDRIEPYLHGIGITHRDIKPENLLLISDFGLA,Substrate
146,CHK2,2cn5,8.0,RAD53,CAMK,Human,ADP, ,A,in,in,[],KTLGSGACGEVKLVAIKIINVETEIEILKKLNPCIIKIKNFYIVLELMEGGELFDKVVGYLHENGIIHRDLKPENVLLITDFGHS,Substrate
147,CK1d,4tw9,8.0,CK1,CK1,Human,HSJ,A,A,in,in,[50],NKIGSGSFGDIYLVAIKLEQLHIESKIYKMMQVGIPTIRWCVMVMELLG_PSLEDLFNFYIHSKNFIHRDVKPDNFLMIIDFGLA,Multiple ligands present
148,CK1d,6ru6,6.4,CK1,CK1,Human,ACP,B,A,in,in,"[6, 7, 8, 9, 50]",RKIGS____DIYLVAIKLEQLHIESKIYKMMQVGIPTIRWCVMVMELLG_PSLEDLFNFYIHSKNFIHRDVKPDNFLMIIDFGLA,Substrate
149,CK1d,6ru7,8.0,CK1,CK1,Human,ADP,A,B,in,in,[50],RKIGSGSFGDIYLVAIKLEQLHIESKIYKMMQVGIPTIRWCVMVMELLG_PSLEDLFNFYIHSKNFIHRDVKPDNFLMIIDFGLA,Substrate
150,CK1d,6ru8,8.0,CK1,CK1,Human,ADP,B,C,in,in,[50],RKIGSGSFGDIYLVAIKLEQLHIESKIYKMMQVGIPTIRWCVMVMELLG_PSLEDLFNFYIHSKNFIHRDVKPDNFLMIIDFGLA,Substrate
151,CK1d,7p7f,9.7,CK1,CK1,Human,AMP,B,A,in,in,[50],RKIGSGSFGDIYLVAIKLEQLHIESKIYKMMQVGIPTIRWCVMVMELLG_PSLEDLFNFYIHSKNFIHRDVKPDNFLMIIDFGLA,Substrate
152,CK1d,7p7g,8.0,CK1,CK1,Human,AMP,B,A,in,in,[50],RKIGSGSFGDIYLVAIKLEQLHIESKIYKMMQVGIPTIRWCVMVMELLG_PSLEDLFNFYIHSKNFIHRDVKPDNFLMIIDFGLA,Substrate
153,CK1d,7p7h,8.0,CK1,CK1,Human,AMP, ,A,in,in,[50],RKIGSGSFGDIYLVAIKLEQLHIESKIYKMMQVGIPTIRWCVMVMELLG_PSLEDLFNFYIHSKNFIHRDVKPDNFLMIIDFGLA,Substrate
154,CK1g2,2c47,7.0,CK1,CK1,Human,5ID,B,B,in,in,"[5, 6, 7, 8, 9, 50]",KKIG_____ELRLVAIKLEQLHLEYRFYKQLSEGVPQVYYFAMVLELLG_PSLEDLFDLYVHTKSLIYRDVKPENFLVIIDFGLA,Contains ribose
155,CK2a1,1jwh,8.0,CK2,CMGC,Human,ANP, ,A,in,in,"[50, 57, 58]",RKLGRGKYSEVFEVVVKILKIKREIKILENLRPNIITLADIALVFEHVN_NTDFKQ__LYCHSMGIMHRDVKPHNVMILIDWGLA,Substrate
156,CK2a1,1pjk,8.0,CK2,CMGC,Human,ANP,B,A,in,in,"[50, 57, 58]",RKLGRGKYSEVFEVVVKILKIKREIKILENLRPNIITLADIALVFEHVN_NTDFKQ__LYCHSMGIMHRDVKPHNVMILIDWGLA,Substrate
157,CK2a1,2pvr,8.0,CK2,CMGC,Human,ANP,B,A,in,in,"[50, 57, 58]",RKLGRGKYSEVFEVVVKILKIKREIKILENLRPNIITLADIALVFEHVN_NTDFKQ__LYCHSMGIMHRDVKPHNVMILIDWGLA,Substrate
158,CK2a1,3h30,8.0,CK2,CMGC,Human,RFZ,B,A,in,in,"[50, 57, 58]",RKLGRGKYSEVFEVVVKILKIKREIKILENLRPNIITLADIALVFEHVN_NTDFKQ__LYCHSMGIMHRDVKPHNVMILIDWGLA,Contains ribose
159,CK2a1,3juh,8.0,CK2,CMGC,Human,ANP,B,B,in,in,"[50, 57, 58]",RKLGRGKYSEVFEVAVKILKIKREIKILENLRPNIITLADIALVFEHVN_NTDFKQ__LYCHSMGIMHRDVKPHNVLILIDWGLA,Substrate
160,CK2a1,3nsz,8.0,CK2,CMGC,Human,ANP,B,A,in,in,"[50, 57, 58]",RKLGRGKYSEVFEVVVKILKIKREIKILENLRPNIITLADIALVFEHVN_NTDFKQ__LYCHSMGIMHRDVKPHNVMILIDWGLA,Substrate
161,CK2a1,3u87,8.0,CK2,CMGC,Human,ANP, ,A,in,in,"[50, 57, 58]",RKLGRGKYSEVFEVVVKILKIKREIKILENLRPNIITLADIALVFEHVN_NTDFKQ__LYCHSMGIMHRDVKPHNVMILIDWGLA,Substrate
162,CK2a1,3wow,8.0,CK2,CMGC,Human,ANP, ,A,in,in,"[50, 57, 58]",RKLGRGKYSEVFEVVVKILKIKREIKILENLRPNIITLADIALVFEHVN_NTDFKQ__LYCHSMGIMHRDVKPHNVMILIDWGLA,Substrate
163,CK2a1,4nh1,8.0,CK2,CMGC,Human,ACP, ,A,in,in,"[50, 57, 58]",RKLGRGKYSEVFEVVVKILKIKREIKILENLRPNIITLADIALVFEHVN_NTDFKQ__LYCHSMGIMHRDVKPHNVMILIDWGLA,Substrate
164,CK2a1,5clp,8.0,CK2,CMGC,Human,42J,A,B,in,in,"[50, 57, 58]",RKLGRGKYSEVFEVVVKILKIKREIKILENLRPNIITLADIALVFEHVN_NTDFKQ__LYCHSMGIMHRDVKPHNVMILIDWGLA,Multiple ligands present
165,CK2a1,5csh,8.0,CK2,CMGC,Human,ATP,A,A,in,in,"[50, 57, 58]",RKLGRGKYSEVFEVVVKILKIKREIKILENLRPNIITLADIALVFEHVN_NTDFKQ__LYCHSMGIMHRDVKPHNVMILIDWGLA,Substrate
166,CK2a1,5cu6,8.0,CK2,CMGC,Human,ATP,A,A,in,in,"[50, 57, 58]",RKLGRGKYSEVFEVVVKILKIKREIKILENLRPNIITLADIALVFEHVN_NTDFKQ__LYCHSMGIMHRDVKPHNVMILIDWGLA,Substrate
167,CK2a1,5cvf,7.6,CK2,CMGC,Human,ATP,B,A,in,in,"[20, 50, 57, 58]",RKLGRGKYSEVFEVVVKIL_IKREIKILENLRPNIITLADIALVFEHVN_NTDFKQ__LYCHSMGIMHRDVKPHNVMILIDWGLA,Substrate
168,CK2a1,5cvh,8.0,CK2,CMGC,Human,ADP,A,A,in,in,"[50, 57, 58]",RKLGRGKYSEVFEVVVKILKIKREIKILENLRPNIITLADIALVFEHVN_NTDFKQ__LYCHSMGIMHRDVKPHNVMILIDWGLA,Substrate
169,CK2a1,5moe,8.0,CK2,CMGC,Human,ADP,A,A,in,in,"[50, 57, 58]",RKLGRGKYSEVFEVVVKILKIKREIKILENLRPNIITLADIALVFEHVN_NTDFKQ__LYCHSMGIMHRDVKPHNVMILIDWGLA,Substrate
170,CK2a1,5mot,8.0,CK2,CMGC,Human,HBD,A,A,in,in,"[50, 57, 58]",RKLGRGKYSEVFEVVVKILKIKREIKILENLRPNIITLADIALVFEHVN_NTDFKQ__LYCHSMGIMHRDVKPHNVMILIDWGLA,Multiple ligands present
171,CK2a1,5mp8,8.0,CK2,CMGC,Human,ADP,B,A,in,in,"[50, 57, 58]",RKLGRGKYSEVFEVVVKILKIKREIKILENLRPNIITLADIALVFEHVN_NTDFKQ__LYCHSMGIMHRDVKPHNVMILIDWGLA,Substrate
172,CK2a1,5mpj,8.0,CK2,CMGC,Human,ADP,B,A,in,in,"[50, 57, 58]",RKLGRGKYSEVFEVVVKILKIKREIKILENLRPNIITLADIALVFEHVN_NTDFKQ__LYCHSMGIMHRDVKPHNVMILIDWGLA,Substrate
173,CK2a1,5oqu,8.0,CK2,CMGC,Human,ADP,A,A,in,in,"[50, 57, 58]",RKLGRGKYSEVFEVVVKILKIKREIKILENLRPNIITLADIALVFEHVN_NTDFKQ__LYCHSMGIMHRDVKPHNVMILIDWGLA,Substrate
174,CK2a1,5orj,8.0,CK2,CMGC,Human,ADP,A,B,in,in,"[50, 57, 58]",RKLGRGKYSEVFEVVVKILKIKREIKILENLRPNIITLADIALVFEHVN_NTDFKQ__LYCHSMGIMHRDVKPHNVMILIDWGLA,Substrate
175,CK2a1,5ork,8.0,CK2,CMGC,Human,ADP,B,B,in,in,"[50, 57, 58]",RKLGRGKYSEVFEVVVKILKIKREIKILENLRPNIITLADIALVFEHVN_NTDFKQ__LYCHSMGIMHRDVKPHNVMILIDWGLA,Substrate
176,CK2a1,5os7,8.0,CK2,CMGC,Human,ATP,B,A,in,in,"[50, 57, 58]",RKLGRGKYSEVFEVVVKILKIKREIKILENLRPNIITLADIALVFEHVN_NTDFKQ__LYCHSMGIMHRDVKPHNVMILIDWGLA,Substrate
177,CK2a1,5os8,8.0,CK2,CMGC,Human,ATP,A,A,in,in,"[50, 57, 58]",RKLGRGKYSEVFEVVVKILKIKREIKILENLRPNIITLADIALVFEHVN_NTDFKQ__LYCHSMGIMHRDVKPHNVMILIDWGLA,Substrate
178,CK2a1,5osl,8.0,CK2,CMGC,Human,ADP,B,A,in,in,"[50, 57, 58]",RKLGRGKYSEVFEVVVKILKIKREIKILENLRPNIITLADIALVFEHVN_NTDFKQ__LYCHSMGIMHRDVKPHNVMILIDWGLA,Substrate
179,CK2a1,5osp,8.0,CK2,CMGC,Human,ATP,A,A,in,in,"[50, 57, 58]",RKLGRGKYSEVFEVVVKILKIKREIKILENLRPNIITLADIALVFEHVN_NTDFKQ__LYCHSMGIMHRDVKPHNVMILIDWGLA,Substrate
180,CK2a1,5osr,8.0,CK2,CMGC,Human,ATP,B,A,in,in,"[50, 57, 58]",RKLGRGKYSEVFEVVVKILKIKREIKILENLRPNIITLADIALVFEHVN_NTDFKQ__LYCHSMGIMHRDVKPHNVMILIDWGLA,Substrate
181,CK2a1,5otr,8.0,CK2,CMGC,Human,ATP,B,A,in,in,"[50, 57, 58]",RKLGRGKYSEVFEVVVKILKIKREIKILENLRPNIITLADIALVFEHVN_NTDFKQ__LYCHSMGIMHRDVKPHNVMILIDWGLA,Substrate
182,CK2a1,5oul,8.0,CK2,CMGC,Human,AWE,A,A,in,in,"[50, 57, 58]",RKLGRGKYSEVFEVVVKILKIKREIKILENLRPNIITLADIALVFEHVN_NTDFKQ__LYCHSMGIMHRDVKPHNVMILIDWGLA,Multiple ligands present
183,CK2a1,6fvg,8.0,CK2,CMGC,Human,ATP,B,A,in,in,"[50, 57, 58]",RKLGRGKYSEVFEVVVKILKIKREIKILENLRPNIITLADIALVFEHVN_NTDFKQ__LYCHSMGIMHRDVKPHNVMILIDWGLA,Substrate
184,CK2a1,6gmd,8.0,CK2,CMGC,Human,ATP,A,B,in,in,"[50, 57, 58]",RKLGRGKYSEVFEVVVKILKIKREIKILENLRPNIITLADIALVFEHVN_NTDFKQ__LYCHSMGIMHRDVKPHNVMILIDWGLA,Substrate
185,CK2a1,6jwa,8.0,CK2,CMGC,Human,5ID, ,A,in,in,"[50, 57, 58]",RKLGRGKYSEVFEVVVKILKIKREIKILENLRPNIITLADIALVFEHVN_NTDFKQ__LYCHSMGIMHRDVKPHNVMILIDWGLA,Contains ribose
186,CK2a1,6ypn,8.0,CK2,CMGC,Human,ADP,A,B,in,in,"[50, 57, 58]",RKLGRGKYSEVFEVVVKILKIKREIKILENLRPNIITLADIALVFEHVN_NTDFKQ__LYCHSMGIMHRDVKPHNVMILIDWGLA,Substrate
187,CK2a1,6yzh,8.0,CK2,CMGC,Human,ADP,A,A,in,in,"[50, 57, 58]",RKLGRGKYSEVFEVVVKILKIKREIKILENLRPNIITLADIALVFEHVN_NTDFKQ__LYCHSMGIMHRDVKPHNVMILIDWGLA,Substrate
188,CK2a2,7at9,8.0,CK2,CMGC,Human,4B0,B,A,in,in,[50],RKLGRGKYSEVFEVVVKILKIKREVKILENLRTNIIKLIDTALVFEYIN_NTDFKQLYQYCHSKGIMHRDVKPHNVMILIDWGLA,Unloadable pocket
189,CLK1,6g33,8.0,CLK,CMGC,Human,5ID,A,A,in,in,[50],DTLGEGAFGKVVEVAVKIVAARSEIQVLEHLNFRCVQMLEWCIVFELLG_LSTYDFIKEFLHSNKLTHTDLKPENILFVVDFGSA,Contains ribose
190,CRK7,4cxa,8.1,CDK,CMGC,Human,ANP, ,A,in,in,[50],GIIGEGTYGQVYKVALKKVTAIREIKILRQLIRSVVNMKEIYLVFEYMD_HDLMGLLESYCHKKNFLHRDIKCSNILLLADFGLA,Substrate
191,CRK7,4nst,9.6,CDK,CMGC,Human,ADP, ,C,in,in,[50],GIIGEGTYGQVYKVALKKVTAIREIKILRQLIRSVVNMKEIYLVFEYMD_HDLMGLLESYCHKKNFLHRDIKCSNILLLADFGLA,Substrate
192,CaMK1a,4fg7,8.0,CAMK1,CAMK,Human,ATP, ,A,in,in,[],DVLGTGAFSEVILVAIKCISMENEIAVLHKIKPNIVALDDIYLIMQLVSGGELFDRIVEYLHDLGIVHRDLKPENLLYISDFGLS,Substrate
193,CaMK1a,4fg8,6.0,CAMK1,CAMK,Human,ATP, ,B,in,out,"[20, 21, 22, 84, 85]",DVLGTGAFSEVILVAIKCI___NEIAVLHKIKPNIVALDDIYLIMQLVSGGELFDRIVEYLHDLGIVHRDLKPENLLYISDFG__,Substrate
194,CaMK1a,4fg9,6.0,CAMK1,CAMK,Human,ATP, ,A,in,out,"[20, 21, 83, 84, 85]",DVLGTGAFSEVILVAIKCI__ENEIAVLHKIKPNIVALDDIYLIMQLVSGGELFDRIVEYLHDLGIVHRDLKPENLLYISDF___,Substrate
195,CaMK2a,7kl1,9.0,CAMK2,CAMK,Human,ATP, ,A,in,in,[],EELGKGAFSVVRRYAAKIIKLEREARICRLLKPNIVRLHDSYLIFDLVTGGELFEDIVAHCHQMGVVHRNLKPENLLLLADFGLA,Substrate
196,CaMK2a,7uir,9.5,CAMK2,CAMK,Human,ATP, ,A,in,in,[],EELGKGAFSVVRRYAAKIIKLEREARICRLLKPNIVRLHDSYLIFDLVTGGELFEDIVAHCHQMGVVHRNLKPENLLLLADFGLA,Substrate
197,CaMK2a,7ujp,8.0,CAMK2,CAMK,Human,ADP, ,A,in,in,[],EELGKGAFSVVRRYAAKIIKLEREARICRLLKPNIVRLHDSYLIFDLVTGGELFEDIVAHCHQMGVVHRNLKPENLLLLADFGLA,Substrate
198,CaMK2a,7ujs,9.8,CAMK2,CAMK,Human,ADP, ,A,in,in,[],EELGKGAFSVVRRYAAKIIKLEREARICRLLKPNIVRLHDSYLIFDLVTGGELFEDIVAHCHQMGVVHRDLKPENLLLLADFGLA,Substrate
199,CaMK2a,7ujt,9.2,CAMK2,CAMK,Human,ATP, ,A,in,in,[],EELGKGAFSVVRRYAAKIIKLEREARICRLLKPNIVRLHDSYLIFDLVTGGELFEDIVAHCHQMGVVHRNLKPENLLLLADFGLA,Substrate
200,DAPK1,1ig1,8.0,DAPK,CAMK,Human,ANP, ,A,in,in,[],EELGSGQFAVVKKYAAKFIDIEREVSILKEIQPNVITLHEVILILELVAGGELFDFLAEYLHSLQIAHFDLKPENIMLIIDFGLA,Substrate
201,DAPK1,1jkk,8.0,DAPK,CAMK,Human,ANP, ,A,in,in,[],EELGSGQFAVVKKYAAKFIDIEREVSILKEIQPNVITLHEVILILELVAGGELFDFLAEYLHSLQIAHFDLKPENIMLIIDFGLA,Substrate
202,DAPK1,1jkl,8.0,DAPK,CAMK,Human,ANP,B,A,in,in,[],EELGSGQFAVVKKYAAKFIDIEREVSILKEIQPNVITLHEVILILELVAGGELFDFLAEYLHSLQIAHFDLKPENIMLIIDFGLA,Substrate
203,DAPK1,2w4j,8.0,DAPK,CAMK,Human,ADP,A,A,in,in,[],EELGSGQFAVVKKYAAKFIDIEREVSILKEIQPNVITLHEVILILELVAGGELFDFLAEYLHSLQIAHFDLKPENIMLIIDFGLA,Substrate
204,DAPK1,2w4k,8.0,DAPK,CAMK,Human,ADP,A,A,in,in,[],EELGSGQFAVVKKYAAKFIDIEREVSILKEIQPNVITLHEVILILELVAGGELFDFLAEYLHSLQIAHFDLKPENIMLIIDFGLA,Substrate
205,DAPK1,2xuu,8.0,DAPK,CAMK,Human,ADP, ,A,in,in,[],EELGSGQFAVVKKYAAKFIDIEREVSILKEIQPNVITLHEVILILELVAGGELFDFLAEYLHSLQIAHFDLKPENIMLIIDFGLA,Substrate
206,DAPK1,3dfc,8.0,DAPK,CAMK,Human,ANP,B,B,in,in,[],EELGSGKFAVVKKYAAKFIDIEREVSILKEIQPNVITLHEVILILELVAGGELFDFLAEYLHSLQIAHFDLKPENIMLIIDFGLA,Substrate
207,DAPK1,3eh9,8.0,DAPK,CAMK,Human,ADP,A,A,in,in,[],EELGSGQFAVVKKYAAKFIDIEREVSILKEIQPNVITLHEVILILELVAGGELFDFLAEYLHSLQIAHFDLKPENIMLIIDFGLA,Substrate
208,DAPK1,3eha,8.0,DAPK,CAMK,Human,ANP,A,A,in,in,[],EELGSGQFAVVKKYAAKFIDIEREVSILKEIQPNVITLHEVILILELVAGGELFDFLAEYLHSLQIAHFDLKPENIMLIIDFGLA,Substrate
209,DAPK1,3f5g,8.0,DAPK,CAMK,Human,ADP,A,A,in,in,[],EELGSGQFAVVKKYAAKFIDIEREVSILKEIQPNVITLHEVILILELVAGGELFDFLAEYLHSLQIAHFDLKPENIMLIIDFGLA,Substrate
210,DAPK1,3f5u,8.0,DAPK,CAMK,Human,ANP,B,A,in,in,[],EELGSGQFAVVKKYAAKFIDIEREVSILKEIQPNVITLHEVILILELVAGGELFDFLAEYLHSLQIAHFDLKPENIMLIIDFGLA,Substrate
211,DAPK1,3gu4,8.0,DAPK,CAMK,Human,ANP,A,A,in,in,[],EELGSGVFAVVKKYAAKFIDIEREVSILKEIQPNVITLHEVILILELVAGGELFDFLAEYLHSLQIAHFDLKPENIMLIIDFGLA,Substrate
212,DAPK1,3gu5,8.0,DAPK,CAMK,Human,ANP,B,A,in,in,[],EELGSGVFAVVKKYAAKFIDIEREVSILKEIQPNVITLHEVILILELVAGGELFDFLAEYLHSLQIAHFDLKPENIMLIIDFGLA,Substrate
213,DAPK1,3gu6,8.0,DAPK,CAMK,Human,ADP,A,A,in,in,[],EELGSGVFAVVKKYAAKFIDIEREVSILKEIQPNVITLHEVILILELVAGGELFDFLAEYLHSLQIAHFDLKPENIMLIIDFGLA,Substrate
214,DAPK1,3gu7,8.0,DAPK,CAMK,Human,ADP,A,A,in,in,[],EELGSGVFAVVKKYAAKFIDIEREVSILKEIQPNVITLHEVILILELVAGGELFDFLAEYLHSLQIAHFDLKPENIMLIIDFGLA,Substrate
215,DAPK1,3gu8,8.0,DAPK,CAMK,Human,3GU,A,A,in,in,[],EELGSGQFAVVKKYAAKFIDIEREVSILKEIQPNVITLHEVILIGELVAGGELFDFLAEYLHSLQIAHFDLKPENIMLIIDFGLA,Contains ribose
216,DAPK1,3gub,8.0,DAPK,CAMK,Human,GUB,A,A,in,in,[],EELGSGQFAVVKKYAAKFIDIEREVSILKEIQPNVITLHEVILIGELVAGGELFDFLAEYLHSLQIAHFDLKPENIMLIIDFGLA,Contains ribose
217,DAPK1,3zxt,9.6,DAPK,CAMK,Human,ACP, ,B,in,in,[],EELGSGQFAVVKKYAAKFIDIEREVSILKEIQPNVITLHEVILILELVAGGELFDFLAEYLHSLQIAHFDLKPENIMLIIDFGLA,Substrate
218,DCLK1,5jzj,9.4,DCAMKL,CAMK,Human,AN2,A,A,in,in,[],RTIGDGNFAVVKEYALKIIMIQNEVSILRRVKPNIVLLIEEYLVMELVKGGDLFDAITSYLHSLNIVHRDIKPENLLVLGDFGLA,Contains phosphate
219,DRAK2,6qf4,8.0,DAPK,CAMK,Human,ADP,B,A,in,in,[],KELGRGKFAVVRQYAAKFLEILHEIAVLELAKPRVINLHEVILILEYAAGGEIFSLCLPYLHQNNIVHLDLKPQNILLIVDFGMS,Substrate
220,DYRK1A,7a4o,8.0,DYRK,CMGC,Human,ANP, ,A,in,in,[50],SLIGKGSFGQVVKVAIKIIQAQIEVRLLELMNYYIVHLKRHCLVFEMLS_YNLYDLLRNATPELSIIHCDLKPENILLIVDFGSS,Substrate
221,DYRK2,7akh,8.0,DYRK,CMGC,Human,RK8, ,A,in,in,[50],KVIGKGSFGQVVKVALKMVQAAEEIRILEHLRMNVIHMLENCMTFELLS_MNLYELIKKALHKNRIIHCDLKPENILLVIDFGSS,Unloadable pocket
222,EGFR,2eb3,7.6,EGFR,TK,Human,ANP, ,A,in,in,[6],KVLGS_AFGTVYKVAIKELEILDEAYVMASVDPHVCRLLGIQLITQLMPFGCLLDYVREYLEDRRLVHRDLAARNVLVITDFGRA,Substrate
223,EGFR,2gs7,8.0,EGFR,TK,Human,ANP, ,B,in,out,[],KVLGSGAFGTVYKVAIKELEILDEAYVMASVDPHVCRLLGIQLITQLMPFGCLLDYVREYLEDRRLVHRDLAARNVLVITDFGLA,Substrate
224,EGFR,2itn,8.0,EGFR,TK,Human,ANP,B,A,in,in,[],KVLSSGAFGTVYKVAIKELEILDEAYVMASVDPHVCRLLGIQLITQLMPFGCLLDYVREYLEDRRLVHRDLAARNVLVITDFGLA,Substrate
225,EGFR,2itv,8.0,EGFR,TK,Human,ANP,B,A,in,in,[],KVLGSGAFGTVYKVAIKELEILDEAYVMASVDPHVCRLLGIQLITQLMPFGCLLDYVREYLEDRRLVHRDLAARNVLVITDFGRA,Substrate
226,EGFR,2itx,8.0,EGFR,TK,Human,ANP, ,A,in,in,[],KVLGSGAFGTVYKVAIKELEILDEAYVMASVDPHVCRLLGIQLITQLMPFGCLLDYVREYLEDRRLVHRDLAARNVLVITDFGLA,Substrate
227,EGFR,3gt8,8.0,EGFR,TK,Human,ANP, ,B,in,out,[],KVLGSGAFGTVYKVAIKELEILDEAYVMASVDPHVCRLLGIQLITQLMPFGCLLDYVREYLEDRRLVHRDLAARNVLVITDFGLA,Substrate
228,EGFR,3vjn,6.8,EGFR,TK,Human,ANP, ,A,in,in,"[7, 8, 9]",KVLSSG___TVYKVAIKELEILDEAYVMASVDPHVCRLLGIQLIMQLMPFGCLLDYVREYLEDRRLVHRDLAARNVLVITDFGLA,Substrate
229,EGFR,3vjo,6.8,EGFR,TK,Human,ANP, ,A,in,in,"[6, 7, 19]",KVLGS__FGTVYKVAIKE_EILDEAYVMASVDPHVCRLLGIQLITQLMPFGCLLDYVREYLEDRRLVHRDLAARNVLVITDFGLA,Substrate
230,EGFR,4riw,8.0,EGFR,TK,Human,ADP, ,D,in,in,[],KVLGSGAFGTVYKVAIKELEILDEAYVMASVDPHVCRLLGIQLITQLMPFGCLLDYVREYLEDRRLVHRDLAARNVLVITDFGLA,Substrate
231,EGFR,4rix,8.0,EGFR,TK,Human,ADP, ,B,in,in,[],KVLGSGAFGTVYKVAIKELEILDEAYVMASVDPHVCRLLGIQLITQLMPFGCLLDYVREYLEDRRLVHRDLAARNVLVITDFGLA,Substrate
232,EGFR,4riy,8.0,EGFR,TK,Human,ADP, ,B,in,in,[],KVLGSGAFGTVYKVAIKELEILDEAYVMASVDPHVCRLLGIQLITQLMPFGCLLDYVREYLEDRRLVHRDLAARNVLVITDFGLA,Substrate
233,EGFR,4zse,9.7,EGFR,TK,Human,ANP,A,B,in,out,[],KVLGSGAFGTVYKVAIKELEILDEAYVMASVDPHVCRLLGIQLIMQLMPFGCLLDYVREYLEDRRLVHRDLAARNVLVITDFGLA,Substrate
234,EGFR,5cnn,8.0,EGFR,TK,Human,ANP,A,A,in,out,[],KVLGSGAFGTVYKVAIKELEILDEAYVMASVDPHVCRLLGIQLITQLMPFGCLLDYVREYLEDRRLVHRDLAARNVLVITDFGLA,Substrate
235,EGFR,5cno,8.0,EGFR,TK,Human,ANP,B,B,in,out,[],KVLGSGAFGTVYKVAIKELEILDEAYVMASVDPHVCRLLGIQLITQLMPFGCLLDYVREYLEDRRLVHRDLAARNVLVITDFGLA,Substrate
236,EGFR,5d41,9.9,EGFR,TK,Human,ANP,B,B,in,out,[],KVLGSGAFGTVYKVAIKELEILDEAYVMASVDPHVCRLLGIQLIMQLMPFGCLLDYVREYLEDRRLVHRDLAARNVLVITDFGLA,Substrate
237,EGFR,5x2a,9.6,EGFR,TK,Human,7XO,B,A,in,out,[],KVLGSGAFGTVYKVAIKELEILDEAYVMASVDPHVCRLLGIQLIMQLMPFGCLLDYVREYLEDRRLVHRDLAARNVLVITDFGLA,Contains phosphate
238,EGFR,6duk,9.6,EGFR,TK,Human,ANP,A,C,in,out,[],KVLGSGAFGTVYKVAIKELEILDEAYVMASVDPHVCRLLGIQLIMQLMPFGCLLDYVREYLEDRRLVHRDLAARNVLVITDFGLA,Substrate
239,EGFR,6p1d,8.0,EGFR,TK,Human,ANP,B,A,in,out,[],KVLGSGAFGTVYKVAIKELEILDEAYVMASVDPHVCRLLGIQLIMQLMPFGCLLDYVREYLEDRRLVHRDLAARNVLVITDFGLA,Substrate
240,EGFR,6p1l,8.0,EGFR,TK,Human,ANP, ,B,in,out,[],KVLGSGAFGTVYKVAIKELEILDEAYVMASVDPHVCRLLGIQLIMQLMPFGCLLDYVREYLEDRRLVHRDLAARNVLVITDFGLA,Substrate
241,EGFR,6p8q,8.0,EGFR,TK,Human,AMP,A,B,in,out,[],KVLGSGAFGTVYKVAIKELEILDEAYVMASVDPHVCRLLGIQLIMQLMPFGCLLDYVREYLEDRRLVHRDLAARNVLVITDFGLA,Substrate
242,EGFR,6xl4,8.0,EGFR,TK,Human,Q6K, ,A,in,out,[],KVLGSGAFGTVYKVAIKELEILDEAYVMASVDPHVCRLLGIQLIMQLMPFGCLLDYVREYLEDRRLVHRDLAARNVLVITDFGLA,Multiple ligands present
243,EGFR,6z4b,8.0,EGFR,TK,Human,Q6K,B,A,in,out,[],KVLGSGAFGTVYKVAIKELEILDEAYVMASVDPHVCRLLGIQLIMQLMPFGCLLDYVREYLEDRRLVHRDLAARNVLVITDFGLA,Multiple ligands present
244,EGFR,7a2a,7.6,EGFR,TK,Human,57N,A,B,in,out,"[84, 85]",KVLGSGAFGTVYKVAIKELEILDEAYVMASVDPHVCRLLGIQLIMQLMPFGCLLDYVREYLEDRRLVHRDLAARNVLVITDFG__,Multiple ligands present
245,EGFR,7jxk,8.0,EGFR,TK,Human,8BS,B,A,in,out,[],KVLGSGAFGTVYKVAIKELEILDEAYVMASVDPHVCRLLGIQLIMQLMPFGCLLDYVREYLEDRRLVHRDLAARNVLVITDFGLA,Multiple ligands present
246,EGFR,7jxm,8.0,EGFR,TK,Human,ANP, ,A,in,out,[],KVLGSGAFGTVYKVAIKELEILDEAYVMASVDPHVCRLLGIQLIMQLMPFGCLLDYVREYLEDRRLVHRDLAARNVLVITDFGLA,Substrate
247,EGFR,7jxp,8.0,EGFR,TK,Human,ANP,B,A,in,out,[],KVLGSGAFGTVYKVAIKELEILDEAYVMASVDPHVCRLLGIQLIMQLMPFGCLLDYVREYLEDRRLVHRDLAARNVLVITDFGLA,Substrate
248,EGFR,7jxq,8.0,EGFR,TK,Human,VNS,B,A,in,out,[],KVLGSGAFGTVYKVAIKELEILDEAYVMASVDPHVCRLLGIQLIMQLMPFGCLLDYVREYLEDRRLVHRDLAARNVLVITDFGLA,Unloadable ligand
249,EGFR,7jxw,8.0,EGFR,TK,Human,YY3,A,A,in,out,[],KVLGSGAFGTVYKVAIKELEILDEAYVMASVDPHVCRLLGIQLIMQLMPFGCLLDYVREYLEDRRLVHRDLAARNVLVITDFGLA,Multiple ligands present
250,EGFR,7k1h,8.0,EGFR,TK,Human,VNS, ,A,in,out,[],KVLGSGAFGTVYKVAIKELEILDEAYVMASVDPHVCRLLGIQLITQLMPFGCLLDYVREYLEDRRLVHRDLAARNVLVITDFGRA,Multiple ligands present
251,EGFR,7k1i,7.6,EGFR,TK,Human,ANP,B,A,in,out,[85],KVLGSGAFGTVYKVAIKELEILDEAYVMASVDPHVCRLLGIQLITQLMPFGCLLDYVREYLEDRRLVHRDLAARNVLVITDFGR_,Substrate
252,EGFR,7lg8,8.0,EGFR,TK,Human,8RC, ,A,in,out,[],KVLGSGAFGTVYKVAIKELEILDEAYVMASVDPHVCRLLGIQLIMQLMPFGCLLDYVREYLEDRRLVHRDLAARNVLVITDFGLA,Multiple ligands present
253,EGFR,7ltx,8.0,EGFR,TK,Human,ANP, ,A,in,out,[],KVLGSGAFGTVYKVAIKELEILDEAYVMASVDPHVCRLLGIQLIMQLMPFGCLLDYVREYLEDRRLVHRDLAARNVLVITDFGLA,Substrate
254,EphA2,1mqb,8.0,Eph,TK,Human,ANP, ,B,in,in,[],KVIGAGEFGEVYKVAIKTLDFLGEAGIMGQFSHNIIRLEGVMIITEYMENGALDKFLREYLANMNYVHRDLAARNILVVSDFGLS,Substrate
255,EphA2,5i9v,8.0,Eph,TK,Human,AGS,B,A,in,in,[],KVIGAGEFGEVYKVAIKTLDFLGEAGIMGQFSHNIIRLEGVMIITEYMENGALDKFLREYLANMNYVHRDLAARNILVVSDFGLS,Contains phosphate
256,EphA2,5i9w,7.6,Eph,TK,Human,ANP,B,A,in,in,[85],KVIGAGEFGEVYKVAIKTLDFLGEAGIMGQFSHNIIRLEGVMIITEYMENGALDKFLREYLANMNYVHRDLAARNILVVSDFGL_,Substrate
257,EphA2,7kja,7.2,Eph,TK,Human,ACP,A,B,in,in,"[84, 85]",KVIGAGEFGEVYKVAIKTLDFLGEAGIMGQFSHNIIRLEGVMIITEYMENGALDKFLREYLANMNYVHRDLAARNILVVSDFG__,Substrate
258,EphA2,7kjc,8.0,Eph,TK,Human,ACP,B,A,in,in,[],KVIGAGEFGEVYKVAIKTLDFLGEAGIMGQFSHNIIRLEGVMIITEYMENGALDKFLREYLANMNYVHRDLAARNILVVSDFGLS,Substrate
259,EphA3,2qo7,6.8,Eph,TK,Human,ANP,B,A,in,in,"[47, 84, 85]",KVVGAGEFGEVCSVAIKTLDFLGEASIMGQFDPNIIRLEGVMIVTE_MENGSLDSFLRKYLSDMGYVHRDLAARNILIVSDFG__,Substrate
260,EphA3,2qo9,8.0,Eph,TK,Human,ANP,A,A,in,in,[],KVVGAGEFGEVCSVAIKTLDFLGEASIMGQFDPNIIRLEGVMIVTEYMENGSLDSFLRKYLSDMGYVHRDLAARNILIVSDFGLS,Substrate
261,EphA3,2qoc,8.0,Eph,TK,Human,ANP,A,A,in,in,[],KVVGAGEFGEVCSVAIKTLDFLGEASIMGQFDPNIIRLEGVMIVTEYMENGSLDSFLRKYLSDMGYVHRDLAARNILIVSDFGLS,Substrate
262,EphA3,2qoq,8.5,Eph,TK,Human,ANP,B,A,in,in,"[47, 84, 85]",KVVGAGEFGEVCSVAIKTLDFLGEASIMGQFDPNIIRLEGVMIVTE_MENGSLDSFLRKYLSDMGYVHRDLAARNILIVSDFG__,Substrate
263,EphA3,3fxx,8.0,Eph,TK,Human,ANP,B,A,in,in,[],KVVGAGEFGEVCSVAIKTLDFLGEASIMGQFDPNIIRLEGVMIVTEYMENGSLDSFLRKYLSDMGYVHRDLAARNILIVSDFGLS,Substrate
264,EphB1,7kpm,6.8,Eph,TK,Human,ADP,B,A,in,in,"[83, 84, 85]",EVIGAGEFGEVYKVAIKTLDFLSEASIMGQFDPNIIRLEGVMIITEFMENGALDSFLRQYLAEMNYVHRDLAARNILVVSDF___,Substrate
265,ErbB3,3kex,8.0,EGFR,TK,Human,ANP, ,B,in,out,[],KVLGSGVFGTVHKVCIKVIAVTDHMLAIGSLDAHIVRLLGLQLVTQYLPLGSLLDHVRQYLEEHGMVHRNLAARNVLLVADFGVA,Substrate
266,ErbB3,3lmg,9.7,EGFR,TK,Human,ANP, ,B,in,out,[],KVLGSGVFGTVHKVCIKVIAVTDHMLAIGSLDAHIVRLLGLQLVTQYLPLGSLLDHVRQYLEEHGMVHRNLAARNVLLVADFGVA,Substrate
267,ErbB3,4riw,8.0,EGFR,TK,Human,ANP, ,A,in,out,[],KVLGSGVFGTVHKVCIKVIAVTDHMLAIGSLDAHIVRLLGLQLVTQYLPLGSLLDHVRQYLEEHGMVHRNLAARNVLLVADFGVA,Substrate
268,ErbB3,4rix,8.0,EGFR,TK,Human,ANP, ,A,in,out,[],KVLGSGVFGTVHKVCIKVIAVTDHMLAIGSLDAHIVRLLGLQLVTQYLPLGSLLDHVRQYLEEHGMVHRNLAARNVLLVADFGVA,Substrate
269,ErbB3,4riy,8.0,EGFR,TK,Human,ANP, ,A,in,out,[],KVLGSGVFGTVHKVCIKVIAVTDHMLAIGSLDAHIVRLLGLQLVTQYLPLGSLLDHVRQYLEEHGMVHRNLAARNVLLVADFGVA,Substrate
270,Erk1,2zoq,8.0,MAPK,CMGC,Human,5ID, ,B,in,in,[50],QYIGEGAYGMVSSVAIKKIRTLREIQILLRFRENVIGIRDIYIVQDLME_TDLYKLLKSYIHSANVLHRDLKPSNLLIICDFGLA,Contains ribose
271,Erk2,2y9q,9.5,MAPK,CMGC,Human,ANP,B,A,in,in,[50],SYIGEGAYGMVCSVAIKKIRTLREIKILLRFRENIIGINDIYIVQDLME_TDLYKLLKTYIHSANVLHRDLKPSNLLLICDFGLA,Substrate
272,Erk2,3tei,8.0,MAPK,CMGC,Human,ANP, ,A,in,in,[50],SYIGEGAYGMVCSVAIKKIRTLREIKILLAFRENIIGINDIYIVQDLME_TDLYKLLKTYIHSANVLHRDLKPSNLLLICDFGLA,Substrate
273,Erk2,4fmq,9.4,MAPK,CMGC,Human,ANP,A,A,in,in,[50],SYIGEGAYGMVCSVAIKKIRTLREIKILLRFRENIIGINDIYIVQDLME_TDLYKLLKTYIHSANVLHRDLKPSNLLLICDFGLA,Substrate
274,Erk2,4h3p,8.0,MAPK,CMGC,Human,ANP, ,D,in,in,[50],SYIGEGAYGMVCSVAIKKIRTLREIKILLAFRENIIGINDIYIVQDLME_TDLYKLLKTYIHSANVLHRDLKPSNLLLICDFGLA,Substrate
275,Erk2,4h3q,8.0,MAPK,CMGC,Human,ANP, ,A,in,in,[50],SYIGEGAYGMVCSVAIKKIRTLREIKILLAFRENIIGINDIYIVQDLME_TDLYKLLKTYIHSANVLHRDLKPSNLLLICDFGLA,Substrate
276,Erk2,4iz5,8.0,MAPK,CMGC,Human,ADP, ,A,in,in,[50],SYIGEGAYGMVCSVAIKKIRTLREIKILLRFRENIIGINDIYIVQDLME_TDLYKLLKTYIHSANVLHRDLKPSNLLLICDFGLA,Substrate
277,Erk2,4nif,8.0,MAPK,CMGC,Human,ANP,B,B,in,in,[50],SYIGEGAYGMVCSVAIKKIRTLREIKILLRFRENIIGINDIYIVQDLME_TDLYKLLKTYIHSANVLHRDLKPSNLLLICDFGLA,Substrate
278,Erk2,5ax3,7.2,MAPK,CMGC,Human,5ID, ,A,in,in,"[6, 7, 50]",SYIGE__YGMVCSVAIKKIRTLREIKILLRFRENIIGINDIYIVQDLME_TDLYKLLKTYIHSANVLHRDLKPSNLLLICDFGLA,Contains ribose
279,Erk2,5v60,8.0,MAPK,CMGC,Human,ACP,A,A,in,in,[50],SYIGEGAYGMVCSVAIKKIRTLREIKILLRFRENIIGINDIYIVQDLME_TDLYKLLKTYIHSANVLHRDLKPSNLLLICDFGLA,Substrate
280,Erk2,6g8x,8.0,MAPK,CMGC,Human,EQT,B,A,in,in,[50],SYIGEGAYGMVCSVAIKKIRTLREIKILLRFRENIIGINDIYIVQDLME_TDLYKLLKTYIHSANVLHRDLKPSNLLLICDFGLA,Multiple ligands present
281,Erk2,6opg,8.0,MAPK,CMGC,Human,ANP, ,A,in,in,[50],SYIGEGAYGMVCSVAIKKIRTLREIKILLRFRENIIGINDIYIVQDLME_TDLYKLLKTYIHSANVLHRDLKPSNLLLICDFGLA,Substrate
282,Erk2,6q7t,8.0,MAPK,CMGC,Human,HOW,B,A,in,in,[50],SYIGEGAYGMVCSVAIKKIRTLREIKILLRFRENIIGINDIYIVQDLME_TDLYKLLKTYIHSANVLHRDLKPSNLLLICDFGLA,Multiple ligands present
283,Erk2,6qa1,8.0,MAPK,CMGC,Human,HVK,B,A,in,in,[50],SYIGEGAYGMVCSVAIKKIRTLREIKILLRFRENIIGINDIYIVQDLME_TDLYKLLKTYIHSANVLHRDLKPSNLLLICDFGLA,Multiple ligands present
284,Erk2,6qa3,8.0,MAPK,CMGC,Human,PZO,B,A,in,in,[50],SYIGEGAYGMVCSVAIKKIRTLREIKILLRFRENIIGINDIYIVQDLME_TDLYKLLKTYIHSANVLHRDLKPSNLLLICDFGLA,Multiple ligands present
285,Erk2,6qa4,7.2,MAPK,CMGC,Human,HRZ,A,A,in,in,"[7, 8, 50]",SYIGEG__GMVCSVAIKKIRTLREIKILLRFRENIIGINDIYIVQDLME_TDLYKLLKTYIHSANVLHRDLKPSNLLLICDFGLA,Multiple ligands present
286,Erk2,6qag,8.0,MAPK,CMGC,Human,HUH,B,A,in,in,[50],SYIGEGAYGMVCSVAIKKIRTLREIKILLRFRENIIGINDIYIVQDLME_TDLYKLLKTYIHSANVLHRDLKPSNLLLICDFGLA,Multiple ligands present
287,Erk2,6qah,7.6,MAPK,CMGC,Human,HVB,B,A,in,in,"[8, 50]",SYIGEGA_GMVCSVAIKKIRTLREIKILLRFRENIIGINDIYIVQDLME_TDLYKLLKTYIHSANVLHRDLKPSNLLLICDFGLA,Unloadable ligand
288,Erk2,7w5o,8.0,MAPK,CMGC,Human,5ID, ,A,in,in,[50],SYIGEGAYGMVCSVAIKKIRTLREIKILLRFRENIIGINDIYIVQDLME_TDLYKLLKTYIHSANVLHRDLKPSNLLLICDFGLA,Contains ribose
289,Erk5,4ic7,9.6,MAPK,CMGC,Human,ANP, ,A,in,in,[50],ETIGNGAYGVVSSVAIKKIRTLRELKILKHFKDNIIAIKDIYVVLDLME_SDLHQIIHSYMHSAQVIHRDLKPSNLLVIGDFGMA,Substrate
290,FAK,2ijm,8.0,FAK,TK,Human,ATP,A,A,in,in,[],RCIGEGQFGDVHQVAIKTCKFLQEALTMRQFDPHIVKLIGVWIIMELCTLGELRSFLQVYLESKRFVHRDIAARNVLVLGDFGLS,Substrate
291,FGFR1,3gqi,8.0,FGFR,TK,Human,ACP, ,A,in,in,[],KPLGEGAFGQVVLVAVKMLDLISEMEMMKMIGKNIINLLGAYVIVEYASKGNLREYLQAYLASKKCIHRDLAARNVLVIADFGLA,Substrate
292,FGFR1,5o49,8.4,FGFR,TK,Human,9K5,B,B,in,in,[85],KPLGEGAFGQVVLVAVKMLDLISEMEMMKMIGKNIINLLGAYVIVEYASKGNLREYLQAYLASKKCIHRDLAARNVLVIADFGL_,Contains ribose
293,FGFR1,5o4a,8.4,FGFR,TK,Human,9K8,A,A,in,in,[],KPLGEGAFGQVVLVAVKMLDLISEMEMMKMIGKNIINLLGAYVIVEYASKGNLREYLQAYLASKKCIHRDLAARNVLVIADFGLA,Unloadable ligand
294,FGFR2,2pvf,9.0,FGFR,TK,Human,ACP, ,A,in,in,[],KPLGEGAFGQVVMVAVKMLDLVSEMEMMKMIGKNIINLLGAYVIVEYASKGNLREYLRAYLASQKCIHRDLAARNVLVIADFGLA,Substrate
295,FGFR2,2pvy,7.2,FGFR,TK,Human,ACP, ,A,in,in,"[4, 5, 6, 7, 8, 9]",KPL______QVVMVAVKMLDLVSEMEMMKMIGKNIINLLGAYVIVEYASKGNLREYLRAYLASQKCIHRDLAARNVLVIADFGLA,Substrate
296,FGFR2,2pwl,9.2,FGFR,TK,Human,ACP, ,A,in,in,[],KPLGEGAFGQVVMVAVKMLDLVSEMEMMKMIGKNIIHLLGAYVIVEYASKGNLREYLRAYLASQKCIHRDLAARNVLVIADFGLA,Substrate
297,FGFR2,2py3,7.6,FGFR,TK,Human,ACP, ,B,in,in,"[5, 6, 7, 8]",KPLG____GQVVMVAVKMLDLVSEMEMMKMIGKNIINLLGAYVIVGYASKGNLREYLRAYLASQKCIHRDLAARNVLVIADFGLA,Substrate
298,FGFR2,2pz5,7.3,FGFR,TK,Human,ACP, ,B,in,in,"[4, 5, 6, 7, 8, 9]",KPL______QVVMVAVKMLDLVSEMEMMKMIGKNIITLLGAYVIVEYASKGNLREYLRAYLASQKCIHRDLAARNVLVIADFGLA,Substrate
299,FGFR2,2pzp,7.3,FGFR,TK,Human,ACP, ,B,in,in,"[4, 5, 6, 7, 8, 9]",KPL______QVVMVAVKMLDLVSEMEMMKMIGKNIINLLGAYVIVEYASKGNLREYLRAYLASQKCIHRDLAARNVLVIADFGLA,Substrate
300,FGFR2,2pzr,7.2,FGFR,TK,Human,ACP, ,B,in,in,"[4, 5, 6, 7, 8, 9]",KPL______QVVMVAVKMLDLVSEMEMMKMIGKNIINLLGAYVIVEYASKGNLREYLRAYLASQKCIHRDLAARNVLVIADFGLA,Substrate
301,FGFR2,2q0b,7.2,FGFR,TK,Human,ACP, ,B,in,in,"[5, 6, 7, 8, 9]",KPLG_____QVVMVAVKMLDLVSEMEMMKMIGKNIINLLGAYVIVAYASKGNLREYLRAYLASQKCIHRDLAARNVLVIADFGLA,Substrate
302,FGFR2,3b2t,9.1,FGFR,TK,Human,M33, ,A,in,in,[],KPLGEGCFGQVVMVAVKMLDLVSEMEMMKMIGKNIINLLGAYVIVEYASKGNLREYLRAYLASQKCIHRDLTARNVLVIADFGLA,Contains phosphate
303,FGFR2,3cly,8.0,FGFR,TK,Human,ACP, ,A,in,in,[],KPLGEGAFGQVVMVAVKMLDLVSEMEMMKMIGKNIINLLGAYVIVEYASKGNLREYLRAYLASQKCIHRDLAARNVLVIADFGLA,Substrate
304,FGFR2,4j95,9.6,FGFR,TK,Human,ACP,A,D,in,in,[],KPLGEGAFGQVVMVAVKMLDLVSEMEMMKMIGKNIINLLGAYVIVEYASKGNLREYLRAYLASQKCIHRDLAARNVLVIADFGLA,Substrate
305,FGFR2,4j96,9.6,FGFR,TK,Human,ACP,A,B,in,in,[],KPLGEGAFGQVVMVAVKMLDLVSEMEMMKMIGKNIINLLGAYVIVEYASKGNLREYLRAYLASQKCIHRDLAARNVLVIADFGLA,Substrate
306,FGFR2,4j97,8.0,FGFR,TK,Human,ACP,A,B,in,in,"[7, 8, 9]",KPLGEG___QVVMVAVKMLDLVSEMEMMKMIGKNIINLLGAYVIVEYASKGNLREYLRAYLASQKCIHRDLAARNVLVIADFGLA,Substrate
307,FGFR2,4j98,9.7,FGFR,TK,Human,ACP,B,B,in,in,[],KPLGEGAFGQVVMVAVKMLDLVSEMEMMKMIGKNIINLLGAYVIVEYASKGNLREYLRAYLASQKCIHRDLAARNVLVIADFGLA,Substrate
308,FGFR2,4j99,9.6,FGFR,TK,Human,ACP,A,A,in,in,[],KPLGEGAFGQVVMVAVKMLDLVSEMEMMKMIGKNIINLLGAYVIVEYASKGNLREYLRAYLASQKCIHRDLAARNVLVIADFGLA,Substrate
309,FGFR2,5eg3,9.4,FGFR,TK,Human,ACP, ,A,in,in,[],KPLGEGAFGQVVMVAVKMLDLVSEMEMMKMIGKNIINLLGAYVIVAYASKGNLREYLRAYLASQKCIHRDLAARNVLVIADFGLA,Substrate
310,FGFR2,5ugl,9.6,FGFR,TK,Human,ANP,B,B,in,in,[],KPLGEGAFGQVVMVAVKMLDLVSEMEMMKMIGKNIINLLGAYVIVEYASKGNLREYLRAYLASQKCIHRDLAARNVLVIADFGLA,Substrate
311,FGFR2,5ugx,9.4,FGFR,TK,Human,ACP,A,A,in,in,[],KPLGEGAFGQVVMVAVKMLDLVSEMEMMKMIGKNIINLLGAYVIVAYASKGNLREYLRAYLASQKCIHRDLAARNVLVIADFGLA,Substrate
312,FGFR2,5uhn,9.4,FGFR,TK,Human,ACP,B,A,in,in,[],KPLGEGAFGQVVMVAVKMLDLVSEMEMMKMIGKNIIHLLGAYVIVAYASKGNLREYLRAYLASQKCIHRDLAARNVLVIADFGLA,Substrate
313,FGFR2,5ui0,8.0,FGFR,TK,Human,ACP,B,B,in,in,[],KPLGEGAFGQVVMVAVKMLDLVSEMEMMKMIGKNIINLLGAYVIVAYASKGNLREYLRAYLASQKCIHRDLAARNVLVIADFGLA,Substrate
314,FGFR2,6lvk,8.0,FGFR,TK,Human,EVC, ,B,in,in,[],KPLGEGCFGQVVMVAVKMLDLVSEMEMMKMIGKNIINLLGAYVIVEYASKGNLREYLRAYLASQKCIHRDLAARNVLVIADFGLA,Unloadable pocket
315,FGFR2,6v6q,8.0,FGFR,TK,Human,ACP, ,B,in,in,[],KPLGEGCFGQVVMVAVKMLDLVSEMEMMKMIGKNIINLLGAFVIVEFASKGNLREFLRAFLASQKCIHRDLAARNVLVIADFGLA,Substrate
316,FGFR3,4k33,8.0,FGFR,TK,Human,ACP,B,A,in,in,[],KPLGEGAFGQVVMVAVKMLDLVSEMEMMKMIGKNIINLLGAYVLVEYAAKGNLREFLRAYLASQKCIHRDLAARNVLVIADFGLA,Substrate
317,FGFR3,6pnx,8.0,FGFR,TK,Human,ACP,B,A,in,in,[],KPLGEGAFGQVVMVAVKMLDLVSEMEMMKMIGKNIINLLGAYVLVEYAAKGNLREFLRAYLASQKCIHRDLAARNVLVIADFGLA,Substrate
318,GPRK4,4yhj,8.0,GRK,AGC,Human,AN2, ,A,in,in,[],RVLGKGGFGEVCAYACKKLMALNEKRILEKVQRFVVSLAYACLVLTIMNGGDLKFHIYNDLQRERIVYRDLKPENILLISDLGLA,Contains phosphate
319,GPRK5,4tnb,8.0,GRK,AGC,Human,SGV, ,A,in,in,[],RVLGKGGFGEVCAYACKRLMALNEKQILEKVNQFVVNLAYACLVLTIMNGGDLKFHIYNDLHHENTVYRDLKPENILLISDLGLA,Contains ribose
320,GPRK5,4tnd,8.0,GRK,AGC,Human,ANP, ,A,in,in,[],RVLGKGGFGEVCAYACKRLMALNEKQILEKVNQFVVNLAYACLVLTIMNGGDLKFHIYNDLHHENTVYRDLKPENILLISDLGLA,Substrate
321,GPRK5,6pjx,8.0,GRK,AGC,Human,SGV,B,A,in,in,[],RVLGKGGFGEVCAYACKRLMALNEKQILEKVNQFVVNLAYACLVLTIMNGGDLKFHIYNDLHHENTVYRDLKPENILLISDLGLA,Contains ribose
322,GPRK6,2acx,8.0,GRK,AGC,Human,ANP, ,B,in,in,[],RVLGKGGFGEVCAYACKKLMALNEKQILEKVNRFVVSLAYACLVLTLMNGGDLKFHIYHDLHRERIVYRDLKPENILLISDLGLA,Substrate
323,GPRK6,3nyn,8.0,GRK,AGC,Human,SGV, ,B,in,in,[],RVLGKGGFGEVCAYACKKLMALNEKQILEKVNRFVVSLAYACLVLTLMNGGDLKFHIYHDLHRERIVYRDLKPENILLISDLGLA,Contains ribose
324,GPRK6,3nyo,8.0,GRK,AGC,Human,AMP, ,A,in,in,[],RVLGKGGFGEVCAYACKKLMALNEKQILEKVNRFVVSLAYACLVLTLMNGGDLKFHIYHDLHRERIVYRDLKPENILLISDLGLA,Substrate
325,GSK3B,1j1b,8.0,GSK,CMGC,Human,ANP, ,B,in,in,[50],KVIGNGSFGVVYQVAIKKVFKNRELQIMRKLDCNIVRLRYFNLVLDYVP_ETVYRVARHYIHSFGICHRDIKPQNLLLLCDFGSA,Substrate
326,GSK3B,1j1c,8.0,GSK,CMGC,Human,ADP, ,B,in,in,[50],KVIGNGSFGVVYQVAIKKVFKNRELQIMRKLDCNIVRLRYFNLVLDYVP_ETVYRVARHYIHSFGICHRDIKPQNLLLLCDFGSA,Substrate
327,GSK3B,1pyx,8.0,GSK,CMGC,Human,ANP, ,A,in,in,[50],KVIGNGSFGVVYQVAIKKVFKNRELQIMRKLDCNIVRLRYFNLVLDYVP_ETVYRVARHYIHSFGICHRDIKPQNLLLLCDFGSA,Substrate
328,GSK3B,2jld,9.1,GSK,CMGC,Human,AG1,A,B,in,in,[50],KVIGNGSFGVVYQVAIKKVFKNRELQIMRKLDCNIVRLRYFNLVLDYVP_ETVYRVARHYIHSFGICHRDIKPQNLLLLCDFGSA,Unloadable ligand
329,GSK3B,3m1s,9.1,GSK,CMGC,Human,DW1,B,A,in,in,[50],KVIGNGSFGVVYQVAIKKVFKNRELQIMRKLDCNIVRLRYFNLVLDYVP_ETVYRVARHYIHSFGICHRDIKPQNLLLLCDFGSA,Unloadable ligand
330,GSK3B,3pup,9.1,GSK,CMGC,Human,OS1, ,A,in,in,[50],KVIGNGSFGVVYQVAIKKVFKNRELQIMRKLDCNIVRLRYFNLVLDYVP_ETVYRVARHYIHSFGICHRDIKPQNLLLLCDFGSA,Unloadable ligand
331,GSK3B,4nm0,9.6,GSK,CMGC,Human,ADP,B,A,in,in,[50],KVIGNGSFGVVYQVAIKKVFKNRELQIMRKLDCNIVRLRYFNLVLDYVP_ETVYRVARHYIHSFGICHRDIKPQNLLLLCDFGSA,Substrate
332,GSK3B,4nm3,9.6,GSK,CMGC,Human,ADP,A,A,in,in,[50],KVIGNGSFGVVYQVAIKKVFKNRELQIMRKLDCNIVRLRYFNLVLDYVP_ETVYRVARHYIHSFGICHRDIKPQNLLLLCDFGSA,Substrate
333,GSK3B,4nm5,8.0,GSK,CMGC,Human,ADP,A,A,in,in,[50],KVIGNGSFGVVYQVAIKKVFKNRELQIMRKLDCNIVRLRYFNLVLDYVP_ETVYRVARHYIHSFGICHRDIKPQNLLLLCDFGSA,Substrate
334,GSK3B,4nm7,8.5,GSK,CMGC,Human,ADP,B,A,in,in,"[7, 8, 9, 50]",KVIGNG___VVYQVAIKKVFKNRELQIMRKLDCNIVRLRYFNLVLDYVP_ETVYRVARHYIHSFGICHRDIKPQNLLLLCDFGSA,Substrate
335,HCK,1ad5,9.6,Src,TK,Human,ANP, ,A,in,out,[],KKLGAGQFGEVWMVAVKTMAFLAEANVMKTLQDKLVKLHAVYIITEFMAKGSLLDFLKSFIEQRNYIHRDLRAANILVIADFGLA,Substrate
336,HGK,4u40,8.0,STE20,STE,Human,ANP,B,A,in,out,[],EVVGNGTYGQVYKAAIKVMEIKLEINMLKKYSRNIATYYGAWLVMEFCGAGSITDLVKNHLHIHHVIHRDIKGQNVLLLVDFGVS,Substrate
337,HPK1,6cqd,8.0,STE20,STE,Human,ANP, ,B,in,in,[],QRLGGGTYGEVFKVALKMVTLQKEILILKTCRANIVAYHGSWICMEFCGAGSLQDIYQVYLHSQKKIHRDIKGANILILADFGIS,Substrate
338,Haspin,2vuw,7.6,Haspin,Other,Human,5ID,B,A,in,in,"[50, 56]",EKIGEGVFGEVFQVAIKIIEILPEIIISKELSEGFIGLNSVVLEFEFGG_IDLEQ_RTKAEASLRFEHRDLHWGNVLLIIDYTLS,Contains ribose
339,Haspin,3dlz,8.0,Haspin,Other,Human,AMP,A,A,in,in,[50],EKIGEGVFGEVFQVAIKIIEILPEIIISKELSEGFIGLNSVVLEFEFGG_IDLEQMRTKAEASLRFEHRDLHWGNVLLIIDYTLS,Substrate
340,Haspin,3iq7,9.7,Haspin,Other,Human,5ID,A,A,in,in,[50],EKIGEGVFGEVFQVAIKIIEILPEIIISKELSEGFIGLNSVVLEFEFGG_IDLEQMRTKAEASLRFEHRDLHWGNVLLIIDYTLS,Contains ribose
341,Haspin,4ouc,8.0,Haspin,Other,Human,5ID,A,A,in,in,[50],EKIGEGVFGEVFQVAIKIIEILPEIIISKELSEGFIGLNSVVLEFEFGG_IDLEQMRTKAEASLRFEHRDLHWGNVLLIIDYTLS,Contains ribose
342,Haspin,6g34,8.0,Haspin,Other,Human,5ID,A,A,in,in,[50],EKIGEGVFGEVFQVAIKIIEILPEIIISKELSEGFIGLNSVVLEFEFGG_IDLEQMRTKAEASLRFEHRDLHWGNVLLIIDYTLS,Contains ribose
343,Haspin,6g35,8.0,Haspin,Other,Human,EKK,B,A,in,in,[50],EKIGEGVFGEVFQVAIKIIEILPEIIISKELSEGFIGLNSVVLEFEFGG_IDLEQMRTKAEASLRFEHRDLHWGNVLLIIDYTLS,Contains ribose
344,Haspin,6g36,8.0,Haspin,Other,Human,EKH,A,A,in,in,[50],EKIGEGVFGEVFQVAIKIIEILPEIIISKELSEGFIGLNSVVLEFEFGG_IDLEQMRTKAEASLRFEHRDLHWGNVLLIIDYTLS,Contains ribose
345,Haspin,6g37,8.0,Haspin,Other,Human,FTU,A,A,in,in,[50],EKIGEGVFGEVFQVAIKIIEILPEIIISKELSEGFIGLNSVVLEFEFGG_IDLEQMRTKAEASLRFEHRDLHWGNVLLIIDYTLS,Contains ribose
346,Haspin,6g38,9.8,Haspin,Other,Human,TBN,A,A,in,in,[50],EKIGEGVFGEVFQVAIKIIEILPEIIISKELSEGFIGLNSVVLEFEFGG_IDLEQMRTKAEASLRFEHRDLHWGNVLLIIDYTLS,Contains ribose
347,Haspin,6g39,8.0,Haspin,Other,Human,5ID,B,A,in,in,[50],EKIGEGVFGEVFQVAIKIIEILPEIIISKELSEGFIGLNSVVLEYEFGG_IDLEQMRTKAEASLRFEHRDLHWGNVLLIIDYTLS,Contains ribose
348,Haspin,6g3a,9.8,Haspin,Other,Human,5ID,B,A,in,in,[50],EKIGEGVFGEVFQVAIKIIEILPEIIISKELSEGFIGLNSVVLETEFGG_IDLEQMRTKAEASLRFEHRDLHWGNVLLIIDYTLS,Contains ribose
349,IGF1R,1jqh,8.0,InsR,TK,Human,ANP, ,B,in,in,[33],RELGQGSFGMVYEVAIKTVEFLNEASVMKEFN_HVVRLLGVLVIMELMTRGDLKSYLRSYLNANKFVHRDLAARNCMVIGDFGMT,Substrate
350,IGF1R,1k3a,8.0,InsR,TK,Human,ACP, ,A,in,in,[33],RELGQGSFGMVYEVAIKTVEFLNEASVMKEFN_HVVRLLGVLVIMELMTRGDLKSYLRSYLNANKFVHRDLAARNCMVIGDFGMT,Substrate
351,IKKa,5ebz,8.0,IKK,Other,Human,5TL, ,D,in,in,[],ERLGTGGFGNVCLIAIKSCRWCHEIQIMKKLNANVVKACDVLLAMEYCSGGDLRKLLNKYLHENKIIHRDLKPENIVLIIDLGYA,Multiple ligands present
352,INSR,1ir3,8.0,InsR,TK,Human,ANP, ,A,in,in,[33],RELGQGSFGMVYEVAVKTVEFLNEASVMKGFT_HVVRLLGVLVVMELMAHGDLKSYLRSYLNAKKFVHRDLAARNCMVIGDFGMT,Substrate
353,INSR,1rqq,8.0,InsR,TK,Human,112, ,B,in,in,[33],RELGQGSFGMVYEVAVKTVEFLNEASVMKGFT_HVVRLLGVLVVMELMAHGDLKSYLRSYLNAKKFVHRDLAARNCMVIGDFGMT,Contains phosphate
354,INSR,3bu5,6.8,InsR,TK,Human,ATP, ,A,in,in,"[7, 8, 9, 33]",RELGQG___MVYEVAVKTVEFLNEASVMKGFT_HVVRLLGVLVVMELMAHGDLKSYLRSYLNAKKFVHRDLAARNCMVIGDFGMT,Substrate
355,INSR,4xlv,8.0,InsR,TK,Human,ACP, ,A,in,in,[33],RELGQGSFGMVYEVAVKTVEFLNEASVMKGFT_HVVRLLGVLVVMELMAHGDLKSYLRSYLNAKKFVHRDLAARNCMVIGDFGMT,Substrate
356,IRAK3,6ziw,8.0,IRAK,TKL,Human,AGS, ,I,in,in,[],FLIGEGEIFEVYRYAVKLFRFLSELEVLLLFHPNILELAAYCLIYPYMRNGTLFDRLQCNVQPCSVICGSISSANILLLTDFAMA,Contains phosphate
357,IRAK4,2oid,6.8,IRAK,TKL,Human,ANP, ,D,in,in,"[7, 20, 21]",NKMGEG_FGVVYKVAVKKL__DQEIKVMAKCQENLVELLGFCLVYVYMPNGSLLDRLSCFLHENHHIHRDIKSANILLISDFGLA,Substrate
358,IRAK4,6egf,9.2,IRAK,TKL,Human,ANP, ,B,in,out,[],NKMGEGGFGVVYKVAVKKLQFDQEIKVMAKCQENLVELLGFCLVYVYMPNGSLLDRLSCFLHENHHIHRNIKSANILLISDFGLA,Substrate
359,IRE1,3p23,8.8,IRE,Other,Human,ADP, ,B,in,in,[51],DVLGHGAEGTIVYVAVKRIFADREVQLLRESDPNVIRYFCTYIAIELCAA_TLQEYVEQHLHSLNIVHRDLKPHNILIISDFGLC,Substrate
360,IRE1,4yzd,9.3,IRE,Other,Human,ADP,B,B,in,in,[51],DVLGHGAEGTIVYVAVKRIFADREVQLLRESDPNVIRYFCTYIAIELCAA_TLQEYVEQHLHSLNIVHRDLKPHNILIISDFGLC,Substrate
361,ITK,4hct,8.0,Tec,TK,Human,18R, ,A,in,out,[],QEIGSGQFGLVHLVAIKTIDFIEEAEVMMKLSPKLVQLYGVCLVFEFMEHGCLSDYLRTYLEEACVIHRDLAARNCLVVSDFGMT,Covalent ligand
362,ITK,4kio,9.0,Tec,TK,Human,G5K,B,C,in,in,[],QEIGSGQFGLVHLVAIKTIDFIEEAEVMMKLSPKLVQLYGVCLVFEFMEHGCLSDYLRTYLEEACVIHRDLAARNCLVVSDFGMT,Covalent ligand
363,ITK,4m15,8.0,Tec,TK,Human,ADP, ,A,in,out,[],QEIGSGQFGLVHLVAIKTIDFIEEAEVMMKLSPKLVQLYGVCLVFEFMEHGCLSDYLRTYLEEACVIHRDLAARNCLVVSDFGMT,Substrate
364,JAK1,5khw,8.0,JakA,TK,Human,ADP, ,A,in,in,[],RDLGEGHFGKVELVAVKSLDLKKEIEILRNLYENIVKYKGIKLIMEFLPSGSLKEYLPKYLGSRQYVHRDLAARNVLVIGDFGLT,Substrate
365,JAK1,6c7y,8.0,JakA,TK,Human,ADP,A,A,in,in,[],RDLGEGHFGKVELVAVKSLDLKKEIEILRNLYENIVKYKGIKLIMEFLPSGSLKEYLPKYLGSRQYVHRDLAARNVLVIGDFGLT,Substrate
366,JAK2-b,4fvq,8.4,JakB,TK,Human,ATP, ,A,in,in,[],ESLGQGTFTKIFKVLLKVLESFFEAASMSKLSKHLVLNYGVILVQEFVKFGSLDTYLKKFLEENTLIHGNVCAKNILLLSDPGIS,Substrate
367,JAK2-b,4fvr,8.0,JakB,TK,Human,ATP, ,A,in,in,[],ESLGQGTFTKIFKVLLKVLESFFEAASMSKLSKHLVLNYGVILVQEFVKFGSLDTYLKKFLEENTLIHGNVCAKNILLLSDPGIS,Substrate
368,JAK2-b,5i4n,8.0,JakB,TK,Human,ATP,B,A,in,in,[],ESLGQGTFTKIFKVLLKVLESFFAAASMSKLSKHLVLNYGVILVQEFVKFGSLDTYLKKFLEENTLIHGNVCAKNILLLSDPGIS,Substrate
369,JNK1,2xrw,9.3,MAPK,CMGC,Human,ANP,B,A,in,in,"[50, 85]",KPIGSGAQGIVCAVAIKKLRAYRELVLMKCVNKNIIGLLNVYIVMELMD_ANLCQVIQMHLHSAGIIHRDLKPSNIVVILDFGL_,Substrate
370,JNK1,2xs0,8.0,MAPK,CMGC,Human,ANP, ,A,in,in,[50],KPIGSGAQGIVCAVAIKKLRAYRELVLMKCVNKNIIGLLNVYIVMELMD_ANLCQVIQMHLHSAGIIHRDLKPSNIVVILDFGLA,Substrate
371,JNK1,4ux9,9.2,MAPK,CMGC,Human,ANP,A,C,in,in,"[7, 50]",KPIGSG_QGIVCAVAIKKLRAYRELVLMKCVNKNIIGLLNVYIVMELMD_ANLCQVIQMHLHSAGIIHRDLKPSNIVVILDFGLA,Substrate
372,JNK1,5lw1,8.0,MAPK,CMGC,Human,ADN, ,E,in,in,[50],KPIGSGAQGIVCAVAIKKLRAYRELVLMKCVNKNIIGLLNVYIVMELMD_ANLCQVIQMHLHSAGIIHRDLKPSNIVVILDFGLA,Substrate
373,JNK1,6zr5,8.6,MAPK,CMGC,Human,ANP, ,A,in,in,[50],KPIGSGAQGIVCAVAIKKLRAYRELVLMKCVNKNIIGLLNVYIVMELMD_ANLCQVIQMHLHSAGIIHRDLKPSNIVVILDFGLA,Substrate
374,JNK2,7n8t,8.0,MAPK,CMGC,Human,AMP,A,A,in,in,[50],KPIGSGAQGIVCAVAVKKLRAYRELVLLKCVNKNIISLLNVYLVMELMD_ANLCQVIHMHLHSAGIIHRDLKPSNIVVILDFGLA,Substrate
375,JNK3,1jnk,8.0,MAPK,CMGC,Human,ANP, ,A,in,in,[50],KPIGSGAQGIVCAVAIKKLRAYRELVLMKCVNKNIISLLNVYLVMELMD_ANLCQVIQMHLHSAGIIHRDLKPSNIVVILDFGLA,Substrate
376,JNK3,4kke,8.0,MAPK,CMGC,Human,AMP, ,A,in,in,[50],KPIGSGAQGIVCAVAIKKLRAYRELVLMKCVNKNIISLLNVYLVMELMD_ANLCQVIQMHLHSAGIIHRDLKPSNIVVILDFGLA,Substrate
377,JNK3,4z9l,8.9,MAPK,CMGC,Human,ANP,A,A,in,in,"[50, 85]",KPIGSGAQGIVCAVAIKKLRAYRELVLMKCVNKNIISLLNVYLVMELMD_ANLCQVIQMHLHSAGIIHRDLKPSNIVVILDFGL_,Substrate
378,JNK3,6eq9,9.5,MAPK,CMGC,Human,ACP,A,A,in,in,[50],KPIGSGAQGIVCAVAIKKLRAYRELVLMKCVNKNIISLLNVYLVMELMD_ANLCQVIQMHLHSAGIIHRDLKPSNIVVILDFGLA,Substrate
379,KIT,1pkg,8.0,PDGFR,TK,Human,ADP, ,A,in,in,[],KTLGAGAFGKVVEVAVKMLALMSELKVLSYLGMNIVNLLGALVITEYCCYGDLLNFLRRFLASKNCIHRDLAARNILLICDFGLA,Substrate
380,KSR1,7juw,8.0,RAF,TKL,Human,ANP, ,B,in,out,[],EPIGQGRWGRVHRVAIRLLLFKKEVMNYRQTRENVVLFMGAAIITSFCKGRTLHSFVRDYLHAKGIVHKDLKSKNVFYITDFGLF,Substrate
381,KSR1,7jux,8.0,RAF,TKL,Human,ANP, ,A,in,out,[],EPIGQGRWGRVHRVAIRLLLFKKEVMNYRQTRENVVLFMGAAIITSFCKGRTLHSFVRDYLHAKGIVHKDLKSKNVFYITDFGLF,Substrate
382,KSR1,7juy,8.0,RAF,TKL,Human,ANP, ,B,in,out,[],EPIGQGRWGRVHRVAIRLLLFKKEVMNYRQTRENVVLFMGAAIITSFCKGRTLHSFVRDYLHAKGIVHKDLKSKNVFYITDFGLF,Substrate
383,KSR1,7juz,4.0,RAF,TKL,Human,ANP, ,B,in,out,"[1, 2, 3, 4, 5, 6, 7, 8, 9, 10, 11, 12, 13]",_____________VAIRLLLFKKEVMNYRQTRENVVLFMGAAIITSFCKGRTLHSFVRDYLHAKGIVHKDLKSKNVFYITDFGLF,Substrate
384,KSR1,7jv0,4.0,RAF,TKL,Human,ANP, ,B,in,out,"[1, 2, 3, 4, 5, 6, 7, 8, 9, 10, 11, 12, 13]",_____________VAIRLLLFKKEVMNYRQTRENVVLFMGAAIITSFCKGRTLHSFVRDYLHAKGIVHKDLKSKNVFYITDFGLF,Substrate
385,KSR1,7jv1,4.0,RAF,TKL,Human,ANP, ,B,in,out,"[1, 2, 3, 4, 5, 6, 7, 8, 9, 10, 11, 12, 13]",_____________VAIRLLLFKKEVMNYRQTRENVVLFMGAAIITSFCKGRTLHSFVRDYLHAKGIVHKDLKSKNVFYITDFGLF,Substrate
386,KSR2,2y4i,9.4,RAF,TKL,Human,ATP, ,B,in,out,[],ELIGKGRFGQVYHVAIRLIAFKREVMAYRQTRENVVLFMGAAIITSLCKGRTLYSVVRDYLHAKGILHKDLKSKNVFYITDFGLF,Substrate
387,KSR2,7juq,8.0,RAF,TKL,Human,ADP, ,B,in,out,[],ELIGKGRFGQVYHVAIRLIAFKREVMAYRQTRENVVLFMGAAIITSLCKGRTLYSVVRDYLHAKGILHKDLKSKNVFYITDFGLF,Substrate
388,KSR2,7jur,8.0,RAF,TKL,Human,ANP, ,B,in,out,[],ELIGKGRFGQVYHVAIRLIAFKREVMAYRQTRENVVLFMGAAIITSLCKGRTLYSVVRDYLHAKGILHKDLKSKNVFYITDFGLF,Substrate
389,KSR2,7jus,8.0,RAF,TKL,Human,ANP, ,B,in,out,[],ELIGKGRFGQVYHVAIRLIAFKREVMAYRQTRENVVLFMGAAIITSLCKGRTLYSVVRDYLHAKGILHKDLKSKNVFYITDFGLF,Substrate
390,KSR2,7jut,8.0,RAF,TKL,Human,ANP, ,B,in,out,[],ELIGKGRFGQVYHVAIRLIAFKREVMAYRQTRENVVLFMGAAIITSLCKGRTLYSVVRDYLHAKGILHKDLKSKNVFYITDFGLF,Substrate
391,KSR2,7juu,8.0,RAF,TKL,Human,ANP, ,B,in,out,[],ELIGKGRFGQVYHVAIRLIAFKREVMAYRQTRENVVLFMGAAIITSLCKGRTLYSVVRDYLHAKGILHKDLKSKNVFYITDFGLF,Substrate
392,KSR2,7juv,8.0,RAF,TKL,Human,ANP, ,B,in,out,[],ELIGKGRFGQVYHVAIRLIAFKREVMAYRQTRENVVLFMGAAIITSLCKGRTLYSVVRDYLHAKGILHKDLKSKNVFYITDFGLF,Substrate
393,LCK,1qpc,8.0,Src,TK,Human,ANP, ,A,in,in,[],ERLGAGQFGEVWMVAVKSLAFLAEANLMKQLQQRLVRLYAVYIITEYMENGSLVDFLKTFIEERNYIHRDLRAANILVIADFGLA,Substrate
394,LIMK1,5hvj,8.0,LISK,TKL,Human,ANP,B,A,in,in,[],EVLGKGCFGQAIKMVMKELTFLKEVKVMRCLEPNVLKFIGVNFITEYIKGGTLRGIIKSYLHSMNIIHRNLNSHNCLVVADFGLA,Substrate
395,LIMK1,5hvk,8.0,LISK,TKL,Human,ANP, ,C,in,in,[],EVLGKGCFGQAIKMVMKELTFLKEVKVMRCLEPNVLKFIGVNFITEYIKGGTLRGIIKSYLHSMNIIHRNLNSHNCLVVADFGLA,Substrate
396,LIMK1,5l6w,8.0,LISK,TKL,Human,AGS, ,L,in,in,[],EVLGKGCFGQAIKMVMKELTFLKEVKVMRCLEPNVLKFIGVNFITEYIKGGTLRGIIKSYLHSMNIIHRDLNSHNCLVVADFGLA,Contains phosphate
397,LKB1,2wtk,8.0,CAMKL,CAMK,Human,ANP, ,C,in,in,[],DLLGEGSYGKVKERAVKILNVKKEIQLLRRLRKNVIQLVDVYMVMEYCVCGMQEMLDSVYLHSQGIVHKDIKPGNLLLISALGVA,Substrate
398,MAP2K1,1s9j,8.0,STE7,STE,Human,ATP, ,A,in,out,[],SELGAGNGGVVFKMARKLIQIIRELQVLHECNPYIVGFYGASICMEHMDGGSLDQVLKKLREKHKIMHRDVKPSNILVLCDFGVS,Substrate
399,MAP2K1,2p55,8.0,STE7,STE,Human,MRA, ,A,in,out,[],SELGAGNGGVVFKMARKLIQIIRELQVLHECNPYIVGFYGASICMEHMDGGSLDQVLKKLREKHKIMHRDVKPSNILVLCDFGVS,Unloadable ligand
400,MAP2K1,3dv3,8.0,STE7,STE,Human,ATP,B,A,in,out,[],SELGAGNGGVVFKMARKLIQIIRELQVLHECNPYIVGFYGASICMEHMDGGSLDQVLKKLREKHKIMHRDVKPSNILVLCDFGVS,Substrate
401,MAP2K1,3dy7,8.0,STE7,STE,Human,ATP, ,A,in,out,[],SELGAGNGGVVFKMARKLIQIIRELQVLHECNPYIVGFYGASICMEHMDGGSLDQVLKKLREKHKIMHRDVKPSNILVLCDFGVS,Substrate
402,MAP2K1,3e8n,8.0,STE7,STE,Human,ATP, ,A,in,out,[],SELGAGNGGVVFKMARKLIQIIRELQVLHECNPYIVGFYGASICMEHMDGGSLDQVLKKLREKHKIMHRDVKPSNILVLCDFGVS,Substrate
403,MAP2K1,3eqb,8.0,STE7,STE,Human,ATP,B,A,in,out,[],SELGAGNGGVVFKMARKLIQIIRELQVLHECNPYIVGFYGASICMEHMDGGSLDQVLKKLREKHKIMHRDVKPSNILVLCDFGVS,Substrate
404,MAP2K1,3eqc,8.0,STE7,STE,Human,3BM,A,A,in,out,[],SELGAGNGGVVFKMARKLIQIIRELQVLHECNPYIVGFYGASICMEHMDGGSLDQVLKKLREKHKIMHRDVKPSNILVLCDFGVS,Contains phosphate
405,MAP2K1,3eqd,8.0,STE7,STE,Human,AGS, ,A,in,out,[],SELGAGNGGVVFKMARKLIQIIRELQVLHECNPYIVGFYGASICMEHMDGGSLDQVLKKLREKHKIMHRDVKPSNILVLCDFGVS,Contains phosphate
406,MAP2K1,3eqg,8.0,STE7,STE,Human,ADP, ,A,in,out,[],SELGAGNGGVVFKMARKLIQIIRELQVLHECNPYIVGFYGASICMEHMDGGSLDQVLKKLREKHKIMHRDVKPSNILVLCDFGVS,Substrate
407,MAP2K1,3eqh,8.0,STE7,STE,Human,5BM, ,A,in,out,[],SELGAGNGGVVFKMARKLIQIIRELQVLHECNPYIVGFYGASICMEHMDGGSLDQVLKKLREKHKIMHRDVKPSNILVLCDFGVS,Unloadable ligand
408,MAP2K1,3eqi,8.0,STE7,STE,Human,ADP, ,A,in,out,[],SELGAGNGGVVFKMARKLIQIIRELQVLHECNPYIVGFYGASICMEHMDGGSLDQVLKKLREKHKIMHRDVKPSNILVLCDFGVS,Substrate
409,MAP2K1,3mbl,8.0,STE7,STE,Human,ADP,A,A,in,out,[],SELGAGNGGVVFKMARKLIQIIRELQVLHECNPYIVGFYGASICMEHMDGGSLDQVLKKLREKHKIMHRDVKPSNILVLCDFGVS,Substrate
410,MAP2K1,3orn,8.0,STE7,STE,Human,ANP, ,A,in,out,[],SELGAGNGGVVFKMARKLIQIIRELQVLHECNPYIVGFYGASICMEHMDGGSLDQVLKKLREKHKIMHRDVKPSNILVLCDFGVS,Substrate
411,MAP2K1,3os3,8.0,STE7,STE,Human,ATP, ,A,in,out,[],SELGAGNGGVVFKMARKLIQIIRELQVLHECNPYIVGFYGASICMEHMDGGSLDQVLKKLREKHKIMHRDVKPSNILVLCDFGVS,Substrate
412,MAP2K1,3pp1,8.0,STE7,STE,Human,ATP,B,A,in,out,[],SELGAGNGGVVFKMARKLIQIIRELQVLHECNPYIVGFYGASICMEHMDGGSLDQVLKKLREKHKIMHRDVKPSNILVLCDFGVS,Substrate
413,MAP2K1,3sls,9.7,STE7,STE,Human,ANP,B,A,in,out,[],SELGAGNGGVVFKMARKLIQIIRELQVLHECNPYIVGFYGASICMEHMDGGSLDQVLKKLREKHKIMHRDVKPSNILVLCDFGVS,Substrate
414,MAP2K1,3v01,8.0,STE7,STE,Human,3V0, ,A,in,out,[],SELGAGNGGVVFKMARKLIQIIRELQVLHECNPYIVGFYGASICMEHMDGGSLDQVLKKLREKHKIMHRDVKPSNILVLCDFGVS,Unloadable ligand
415,MAP2K1,3v04,8.0,STE7,STE,Human,V04, ,A,in,out,[],SELGAGNGGVVFKMARKLIQIIRELQVLHECNPYIVGFYGASICMEHMDGGSLDQVLKKLREKHKIMHRDVKPSNILVLCDFGVS,Unloadable ligand
416,MAP2K1,3vvh,8.0,STE7,STE,Human,ATP,B,C,in,out,[],SELGAGNGGVVFKMARKLIQIIRELQVLHECNPYIVGFYGASICMEHMDGGSLDQVLKKLREKHKIMHRDVKPSNILVLCDFGVS,Substrate
417,MAP2K1,3wig,6.8,STE7,STE,Human,ANP, ,A,in,out,"[7, 8, 9]",SELGAG___VVFKMARKLIQIIRELQVLHECNPYIVGFYGASICMEHMDGGSLDQVLKKLREKHKIMHRDVKPSNILVLCDFGVS,Substrate
418,MAP2K1,4an2,8.0,STE7,STE,Human,EUI,A,A,in,out,[],SELGAGNGGVVFKMARKLIQIIRELQVLHECNPYIVGFYGASICMEHMDGGSLDQVLKKLREKHKIMHRDVKPSNILVLCDFGVS,Contains phosphate
419,MAP2K1,4an3,8.0,STE7,STE,Human,ATP, ,A,in,out,[],SELGAGNGGVVFKMARKLIQIIRELQVLHECNPYIVGFYGASICMEHMDGGSLDQVLKKLREKHKIMHRDVKPSNILVLCDFGVS,Substrate
420,MAP2K1,4an9,8.0,STE7,STE,Human,ACP, ,A,in,out,[],SELGAGNGGVVFKMARKLIQIIRELQVLHECNPYIVGFYGASICMEHMDGGSLDQVLKKLREKHKIMHRDVKPSNILVLCDFGVS,Substrate
421,MAP2K1,4anb,8.0,STE7,STE,Human,YQY, ,A,in,out,[],SELGAGNGGVVFKMARKLIQIIRELQVLHECNPYIVGFYGASICMEHMDGGSLDQVLKKLREKHKIMHRDVKPSNILVLCDFGVS,Contains phosphate
422,MAP2K1,4ark,8.0,STE7,STE,Human,ADP, ,A,in,out,[],SELGAGNGGVVFKMARKLIQIIRELQVLHECNPYIVGFYGASICMEHMDGGSLDQVLKKLREKHKIMHRDVKPSNILVLCDFGVS,Substrate
423,MAP2K1,4lmn,8.0,STE7,STE,Human,ANP, ,A,in,out,[],SELGAGNGGVVFKMARKLIQIIRELQVLHECNPYIVGFYGASICMEHMDGGSLDQVLKKLREKHKIMHRDVKPSNILVLCDFGVS,Substrate
424,MAP2K1,4mne,8.0,STE7,STE,Human,ACP,B,E,in,out,[],SELGAGNGGVVFKMARKLIQIIRELQVLHECNPYIVGFYGASICMEHMDGGSLDQVLKKLREKHKIMHRDVKPSNILVLCDFGVS,Substrate
425,MAP2K1,4u7z,8.0,STE7,STE,Human,3EW, ,A,in,out,[],SELGAGNGGVVFKMARKLIQIIRELQVLHECNPYIVGFYGASICMEHMDGGSLDQVLKKLREKHKIMHRDVKPSNILVLCDFGVS,Contains phosphate
426,MAP2K1,4u80,8.0,STE7,STE,Human,ANP, ,A,in,out,[],SELGAGNGGVVFKMARKLIQIIRELQVLHECNPYIVGFYGASICMEHMDGGSLDQVLKKLREKHKIMHRDVKPSNILVLCDFGVS,Substrate
427,MAP2K1,4u81,8.0,STE7,STE,Human,3EY, ,A,in,out,[],SELGAGNGGVVFKMARKLIQIIRELQVLHECNPYIVGFYGASICMEHMDGGSLDQVLKKLREKHKIMHRDVKPSNILVLCDFGVS,Contains phosphate
428,MAP2K1,5yt3,9.4,STE7,STE,Human,ANP, ,B,in,out,[],SELGAGNGGVVFKMARKLIQIIRELQVLHECNPYIVGFYGASICMEHMDGGSLDQVLKKLREKHKIMHRDVKPSNILVLCDFGVS,Substrate
429,MAP2K1,6nyb,8.0,STE7,STE,Human,ADP, ,B,in,out,[],SELGAGNGGVVFKMARKLIQIIRELQVLHECNPYIVGFYGASICMEHMDGGSLDQVLKKLREKHKIMHRDVKPSNILVLCDFGVS,Substrate
430,MAP2K1,6pp9,8.0,STE7,STE,Human,ANP,A,B,in,out,[],SELGAGNGGVVFKMARKLIQIIRELQVLHECNPYIVGFYGASICMEHMDGGSLDQVLKKLREKHKIMHRDVKPSNILVLCDFGVS,Substrate
431,MAP2K1,6q0j,8.0,STE7,STE,Human,LCJ,B,C,in,out,[],SELGAGNGGVVFKMARKLIQIIRELQVLHECNPYIVGFYGASICMEHMDGGSLDQVLKKLREKHKIMHRDVKPSNILVLCDFGVS,Contains phosphate
432,MAP2K1,6q0t,8.0,STE7,STE,Human,LCJ,A,C,in,out,[],SELGAGNGGVVFKMARKLIQIIRELQVLHECNPYIVGFYGASICMEHMDGGSLDQVLKKLREKHKIMHRDVKPSNILVLCDFGVS,Contains phosphate
433,MAP2K1,6u2g,8.0,STE7,STE,Human,ACP, ,A,in,out,[],SELGAGNGGVVFKMARKLIQIIRELQVLHECNPYIVGFYGASICMEHMDGGSLDQVLKKLREKHKIMHRDVKPSNILVLCDFGVS,Substrate
434,MAP2K1,6v2w,8.0,STE7,STE,Human,ANP,A,B,in,out,[],SELGAGNGGVVFKMARKLIQIIRELQVLHECNPYIVGFYGASICMEHMDGGSLDQVLKKLREKHKIMHRDVKPSNILVLCDFGVS,Substrate
435,MAP2K1,7b3m,8.0,STE7,STE,Human,ANP, ,B,in,out,[],SELGAGNGGVVFKMARKLIQIIRELQVLHECNPYIVGFYGASICMEHMDGGSLDQVLKKLREKHKIMHRDVKPSNILVLCDFGVS,Substrate
436,MAP2K1,7b7r,8.0,STE7,STE,Human,ANP, ,A,in,out,[],SELGAGNGGVVFKMARKLIQIIRELQVLHECNPYIVGFYGASICMEHMDGGSLDQVLKKLREKHKIMHRDVKPSNILVLCDFGVS,Substrate
437,MAP2K1,7b94,8.0,STE7,STE,Human,ANP, ,B,in,out,[],SELGAGNGGVVFKMARKLIQIIRELQVLHECNPYIVGFYGASICMEHMDGGSLDQVLKKLREKHKIMHRDVKPSNILVLCDFGVS,Substrate
438,MAP2K1,7b9l,8.0,STE7,STE,Human,ANP,B,A,in,out,[],SELGAGNGGVVFKMARKLIQIIRELQVLHECNPYIVGFYGASICMEHMDGGSLDQVLKKLREKHKIMHRDVKPSNILVLCDFGVS,Substrate
439,MAP2K1,7m0t,8.0,STE7,STE,Human,3EW, ,B,in,out,[],SELGAGNGGVVFKMARKLIQIIRELQVLHECNPYIVGFYGASICMEHMDGGSLDQVLKKLREKHKIMHRDVKPSNILVLCDFGVS,Contains phosphate
440,MAP2K1,7m0u,8.0,STE7,STE,Human,QO7, ,B,in,out,[],SELGAGNGGVVFKMARKLIQIIRELQVLHECNPYIVGFYGASICMEHMDGGSLDQVLKKLREKHKIMHRDVKPSNILVLCDFGVS,Contains phosphate
441,MAP2K1,7m0v,8.0,STE7,STE,Human,ANP,B,B,in,out,[],SELGAGNGGVVFKMARKLIQIIRELQVLHECNPYIVGFYGASICMEHMDGGSLDQVLKKLREKHKIMHRDVKPSNILVLCDFGVS,Substrate
442,MAP2K1,7m0w,8.0,STE7,STE,Human,ANP, ,B,in,out,[],SELGAGNGGVVFKMARKLIQIIRELQVLHECNPYIVGFYGASICMEHMDGGSLDQVLKKLREKHKIMHRDVKPSNILVLCDFGVS,Substrate
443,MAP2K1,7m0x,8.0,STE7,STE,Human,ANP,A,B,in,out,[],SELGAGNGGVVFKMARKLIQIIRELQVLHECNPYIVGFYGASICMEHMDGGSLDQVLKKLREKHKIMHRDVKPSNILVLCDFGVS,Substrate
444,MAP2K1,7m0y,8.0,STE7,STE,Human,ANP, ,B,in,out,[],SELGAGNGGVVFKMARKLIQIIRELQVLHECNPYIVGFYGASICMEHMDGGSLDQVLKKLREKHKIMHRDVKPSNILVLCDFGVS,Substrate
445,MAP2K1,7m0z,8.0,STE7,STE,Human,ANP, ,B,in,out,[],SELGAGNGGVVFKMARKLIQIIRELQVLHECNPYIVGFYGASICMEHMDGGSLDQVLKKLREKHKIMHRDVKPSNILVLCDFGVS,Substrate
446,MAP2K2,1s9i,8.0,STE7,STE,Human,ATP, ,B,in,out,[],SELGAGNGGVVTKMARKLIQIIRELQVLHECNPYIVGFYGASICMEHMDGGSLDQVLKELREKHQIMHRDVKPSNILVLCDFGVS,Substrate
447,MAP2K4,3aln,9.7,STE7,STE,Human,ANP, ,A,in,out,[50],GEIGRGAYGSVNKMAVKRIQLLMDLDVVMRSSPYIVQFYGAWICMELMS_TSFDKFYKYLKENLKIIHRDIKPSNILLLCDFGIS,Substrate
448,MAP2K4,3alo,8.0,STE7,STE,Human,ANP, ,A,in,out,[50],GEIGRGAYGSVNKMAVKRIQLLMDLDVVMRSSPYIVQFYGAWICMELMS_TSFDKFYKYLKENLKIIHRDIKPSNILLLCDFGIS,Substrate
449,MAP2K6,3vn9,9.5,STE7,STE,Human,ANK, ,A,in,out,[50],MELGRGAYGVVEKMAVKRIRLLMDLDISMRTVPFTVTFYGAWICMELMD_TSLDKFYKQLHSKLSVIHRDVKPSNVLIMCDFGIS,Contains phosphate
450,MAP2K6,8a8m,8.0,STE7,STE,Human,AP2, ,B,in,in,[50],MELGRGAYGVVEKMAVKRIRLLMDLDISMRTVPFTVTFYGAWICMELMD_TSLDKFYKQLHSKLSVIHRDVKPSNVLIMCDFGIS,Contains ribose
451,MAPKAPK2,1ny3,8.6,MAPKAPK,CAMK,Human,ADP, ,A,in,in,[],QVLGLGINGKVLQFALKMLKARREVELHWRASPHIVRIVDVLIVMECLDGGELFSRIQDYLHSINIAHRDVKPENLLYLTDFGFA,Substrate
452,MELK,4bl1,8.0,CAMKL,CAMK,Human,ANP,A,A,in,in,[],ETIGTGGFAKVKLVAIKIMRIKTEIEALKNLRQHICQLYHVFMVLEYCPGGELFDYIISYVHSQGYAHRDLKPENLLFLIDFGLC,Substrate
453,MER,2p0c,8.6,Axl,TK,Human,ANP,A,A,in,out,"[6, 7, 85]",KILGE__FGSVMEVAVKTMEFLSEAACMKDFSPNVIRLLGVMVILPFMKYGDLHTYLLYYLSNRNFLHRDLAARNCMLVADFGL_,Substrate
454,MER,3brb,8.6,Axl,TK,Human,ADP,A,A,in,out,[6],KILGE_EFGSVMEVAVKTMEFLSEAACMKDFSPNVIRLLGVMVILPFMKYGDLHTYLLYYLSNRNFLHRDLAARNCMLVADFGLS,Substrate
455,MET,3dkc,8.0,Met,TK,Human,ATP,B,A,in,out,[],EVIGRGHFGCVYHCAVKSLQFLTEGIIMKDFSPNVLSLLGILVVLPYMKHGDLRNFIRNFLASKKFVHRDLAARNCMLVADFGLA,Substrate
456,MLK4,4uya,5.2,MLK,TKL,Human,AGS, ,A,in,out,"[7, 8, 9, 18, 19, 59, 84]",ELIGAG___QVYRVAVK__SVRREARLFAMLRPNIIELRGVCLVLEFARGGALNRALA_EEAFVPILHRDLKSSNILLITDFG_A,Contains phosphate
457,MPSK1,2buj,9.2,NAK,Other,Human,STU, ,B,in,in,[],QKLGEGGFSYVDLYALKRIEAQREADMHRLFNPNILRLVAYWLLLPFFKRGTLWNEIERAIHAKGYAHRDLKPTNILLLMDLGSM,Multiple ligands present
458,MRCKb,4uak,8.0,DMPK,AGC,Human,ADP,B,A,in,in,[],KVIGRGAFGEVAVYAMKILCFREERDVLVNGDQWITALHYAYLVMDYYVGGDLLTLLSKSIHQLHYVHRDIKPDNVLLLADFGSC,Substrate
459,MSK1-b,3kn5,8.0,RSKb,CAMK,Human,ANP, ,B,in,in,[],KPLGEGSFSICRKFAVKIINTQKEITALKLCEPNIVKLHEVFLVMELLNGGELFERIKKHMHDVGVVHRDLKPENLLFIIDFGFA,Substrate
460,MST2,4lgd,8.0,STE20,STE,Human,ANP, ,B,in,in,[],EKLGEGSYGSVFKVAIKQVEIIKEISIMQQCDPYVVKYYGSWIVMEYCGAGSVSDIIRLYLHFMRKIHRNIKAGNILLLADFGVA,Substrate
461,MST2,6ao5,7.6,STE20,STE,Human,ANP, ,A,in,out,[19],EKLGEGSYGSVFKVAIKQ_EIIKEISIMQQCDPYVVKYYGSWIVMEYCGAGSVSDIIRLYLHFMRKIHRNIKAGNILLLADFGVA,Substrate
462,MST3,3a7h,8.0,STE20,STE,Human,ATP, ,B,in,in,[],EKIGKGSFGEVFKVAIKIIDIQQEITVLSQCDPYVTKYYGSWIIMEYLGGGSALDLLEPYLHSEKKIHRDIKAANVLLLADFGVA,Substrate
463,MST3,3a7i,8.0,STE20,STE,Human,ADE, ,A,in,in,[],EKIGKGSFGEVFKVAIKIIDIQQEITVLSQCDPYVTKYYGSWIIMEYLGGGSALDLLEPYLHSEKKIHRDIKAANVLLLADFGVA,Substrate
464,MST3,3a7j,8.0,STE20,STE,Human,ADP, ,A,in,in,[],EKIGKGSFGEVFKVAIKIIDIQQEITVLSQCDPYVTKYYGSWIIMEYLGGGSALDLLEPYLHSEKKIHRDIKAANVLLLADFGVA,Substrate
465,MST3,4o27,8.0,STE20,STE,Human,ADP, ,B,in,in,[],EKIGKGSFGEVFKVAIKIIDIQQEITVLSQCDPYVTKYYGSWIIMEYLGGGSALDLLEPYLHSEKKIHRDIKAANVLLLADFGVA,Substrate
466,MST3,4qml,8.0,STE20,STE,Human,ANP, ,A,in,in,[],EKIGKGSFGEVFKVAIKIIDIQQEITVLSQCDPYVTKYYGSWIIMEYLGGGSALDLLEPYLHSEKKIHRDIKAANVLLLADFGVA,Substrate
467,NEK2,2w5a,5.6,NEK,Other,Human,ADP,A,A,in,out,"[61, 62, 63, 64, 65, 66]",YTIGTGSYGRCQKLVWKELMLVSEVNLLRELKPNIVRYYDRYIVMEYCEGGDLASVITKS______LHRDLKPANVFLLGDFGLA,Substrate
468,NEK7,2wqn,6.8,NEK,Other,Human,ADP,A,A,in,out,"[83, 84, 85]",KKIGRGQFSEVYRVALKKVDCIKEIDLLKQLNPNVIKYYASNIVLELADAGDLSRMIKHHMHSRRVMHRDIKPANVFILGDL___,Substrate
469,NIK,4dn5,8.0,STE-Unique,STE,Human,AGS, ,B,in,in,[],LRLGRGSFGEVHRCAVKKVFRAEELMACAGLTPRIVPLYGANIFMELLEGGSLGQLVKEYLHSRRILHGDVKADNVLLLCDFGHA,Contains phosphate
470,OSR1,2vwi,9.8,STE20,STE,Human,ANP,B,D,in,out,[],EVIGSGATAVVQAVAIKRIELLKEIQAMSQCHPNIVSYYTSWLVMKLLSGGSVLDIIKHYLHKNGQIHRDVKAGNILLIADFGVS,Substrate
471,OSR1,3dak,8.0,STE20,STE,Human,ANP, ,A,in,out,[],EVIGSGATAVVQAVAIKRIELLKEIQAMSQCHPNIVSYYTSWLVMKLLSGGSVLDIIKHYLHKNGQIHRDVKAGNILLIADFGVS,Substrate
472,PAK1,3fxz,8.9,STE20,STE,Human,FLL,A,A,in,in,[],EKIGQGASGTVYTVAIRQMLIINEILVMRENKPNIVNYLDSWVVMEYLAGGSLTDVVTEFLHSNQVIHRDIKSDNILLLTDFGFC,Unloadable ligand
473,PAK1,3fy0,8.0,STE20,STE,Human,DW1, ,A,in,in,[],EKIGQGASGTVYTVAIRQMLIINEILVMRENKPNIVNYLDSWVVMEYLAGGSLTDVVTEFLHSNQVIHRDIKSDNILLLTDFGFC,Unloadable ligand
474,PAK1,3q4z,8.0,STE20,STE,Human,ANP,A,A,in,in,[],EKIGQGASGTVYTVAIRQMLIINEILVMRENKPNIVNYLDSWVVMEYLAGGSLTDVVTEFLHSNQVIHRNIKSDNILLLTDFGFC,Substrate
475,PAK1,3q53,8.0,STE20,STE,Human,ATP, ,A,in,in,[],EKIGQGASGTVYTVAIRQMLIINEILVMRENKPNIVNYLDSWVVMEYLAGGSLTDVVTEFLHSNQVIHRDIKSDNILLLTDFGFC,Substrate
476,PAK3,6fd3,8.0,STE20,STE,Human,ADP,A,A,in,in,[],EKIGQGASGTVYTVAIKQMLIINEILVMRENKPNIVNYLDSWVVMEYLAGGSLTDVVTEFLHSNQVIHRDIKSDNILLLTDFGFC,Substrate
477,PAK4,4fie,8.0,STE20,STE,Human,ANP, ,B,in,in,[],IKIGEGSTGIVCIVAVKKMLLFNEVVIMRDYQENVVEMYNSWVVMEFLEGGALTDIVTHVLHAQGVIHRDIKSDSILLLSDFGFC,Substrate
478,PAK4,4fif,8.0,STE20,STE,Human,ANP,B,A,in,in,[],IKIGEGSTGIVCIVAVKKMLLFNEVVIMRDYQENVVEMYNSWVVMEFLEGGALTDIVTHVLHAQGVIHRDIKSDSILLLSDFGFC,Substrate
479,PAK4,4fig,8.0,STE20,STE,Human,ANP, ,B,in,in,[],IKIGEGSTGIVCIVAVKKMLLFNEVVIMRDYQENVVEMYNSWVVMEFLEGGALTDIVTHVLHAQGVIHRDIKSDSILLLSDFGFC,Substrate
480,PAK4,4jdi,8.0,STE20,STE,Human,ANP,B,A,in,in,[],IKIGEGSTGIVCIVAVKKMLLFNEVVIMRDYQENVVEMYNSWVVMEFLEGGALTDIVTHVLHAQGVIHRDIKSDSILLLSDFGFC,Substrate
481,PAK4,4xbr,8.0,STE20,STE,Human,ATP, ,A,in,in,[],IKIGEGSTGIVCIVAVKKMLLFNEVVIMRDYQENVVEMYNSWVVMEFLEGGALTDIVTHVLHAQGVIHRDIKSDSILLLSDFGFC,Substrate
482,PAK4,5upk,8.0,STE20,STE,Human,ANP, ,B,in,in,[],IKIGEGSTGIVCIVAVKKMLLFNEVVIMRDYQENVVEMYNSWVVMEFLEGGALTDIVTHVLHAQGVIHRDIKSDSILLLSDFGFC,Substrate
483,PASK,3dls,8.0,CAMKL,CAMK,Human,ADP, ,C,in,in,[],SPLGSGAFGFVWTVVVKFIKVTLEIAILSRVEANIIKVLDIQLVMEKHGSGLDLFAFIDYLRLKDIIHRDIKDENIVILIDFGSA,Substrate
484,PDK1,1h1w,8.0,PDK1,AGC,Human,ATP,A,A,in,in,[],KILGEGSFSTVVLYAIKILYVTRERDVMSRLDPFFVKLYFTYFGLSYAKNGELLKYIRKYLHGKGIIHRDLKPENILLITDFGTA,Substrate
485,PDK1,2biy,8.0,PDK1,AGC,Human,ATP,B,A,in,in,[],KILGEGSFSTVVLYAIKILYVTRERDVMSRLDPFFVKLYFTYFGLSYAKNGELLKYIRKYLHGKGIIHRDLKPENILLITDFGTA,Substrate
486,PDK1,3hrc,9.7,PDK1,AGC,Human,ATP,A,A,in,in,[],KILGEGSFSTVVLYAIKILYVTRERDVMSRLDPFFVKLYFTYFGLSYAKNGELLKYIRKYLHGKGIIHRDLKPENILLITDFGTA,Substrate
487,PDK1,3hrf,9.4,PDK1,AGC,Human,ATP,A,A,in,in,[],KILGEGSFSTVVLYAIKILYVTRERDVMSRLDPFFVKLYFTYFGLSYAKNGELLKYIRKYLHGKGIIHRDLKPENILLITDFGTA,Substrate
488,PDK1,3pwy,8.0,PDK1,AGC,Human,SYP, ,A,in,in,[],KILGEGSFSTVVLYAIKILYVTRERDVMSRLDPFFVKLYFTYFGLSYAKNGCLLKYIRKYLHGKGIIHRDLKPENILLITDFGTA,Covalent ligand
489,PDK1,4a06,8.3,PDK1,AGC,Human,ATP,A,A,in,in,[],KILGEGSFSTVVLYAIKILYVTRERDVMSRLDPFFVKLYFTYFGLSYAKNGELLKYIRKYLHGKGIIHRDLKPENILLITDFGTA,Substrate
490,PDK1,4a07,8.6,PDK1,AGC,Human,ATP,A,A,in,in,[],KILGEGSFSTVVLYAIKILYVTRERDVMSRLDPFFVKLYFTYFGLSYAKNGELLKYIRKYLHGKGIIHRDLKPENILLITDFGTA,Substrate
491,PDK1,4aw0,8.7,PDK1,AGC,Human,ATP,A,A,in,in,[],KILGEGSFSTVVLYAIKILYVTRERDVMSRLDPFFVKLYFTYFGLSYAKNGELLKYIRKYLHGKGIIHRDLKPENILLITDFGTA,Substrate
492,PDK1,4aw1,8.6,PDK1,AGC,Human,ATP,B,A,in,in,[],KILGEGSFSTVVLYAIKILYVTRERDVMSRLDPFFVKLYFTYFGLSYAKNGELLKYIRKYLHGKGIIHRDLKPENILLITDFGTA,Substrate
493,PDK1,4ct1,8.0,PDK1,AGC,Human,ATP,A,A,in,in,[],KILGEGSFSTVVLYAIKIVYVQREKDVMSRLDPFFVKLYFCYLGLSYAKNGELLKYIRKYLHGKGIIHRDLKPENILLITDFGTA,Substrate
494,PDK1,4ct2,8.0,PDK1,AGC,Human,ATP,A,A,in,in,[],KILGEGSFSTVVLYAIKIVYVQREKDVMSRLDPFFVKLYFCYLGLSYAKNGELLKYIRKYLHGKGIIHRDLKPENILLITDFGTA,Substrate
495,PDK1,4rqk,8.0,PDK1,AGC,Human,ATP,B,A,in,na,[],KILGEGSFSTVVLYAIKILYVTRERDVMSRLDPFFVKLYFTYFGLSYAKNGELLKYIRKYLHGKGIIHRDLKPENILLITDFGTA,Substrate
496,PDK1,4rqv,9.2,PDK1,AGC,Human,ATP,B,A,in,in,[],KILGEGSFSTVVLYAIKILYVTRERDVMSRLDPFFVKLYFTYFGLSYAKNGELLKYIRKYLHGKGIIHRDLKPENILLITDFGTA,Substrate
497,PDK1,4rrv,8.0,PDK1,AGC,Human,ATP,C,A,in,na,[],KILGEGSFSTVVLYAIKILYVTRERDVMSRLDPFFVKLYFTYFGLSYAKNGELLKYIRKYLHGKGIIHRDLKPENILLITDFGTA,Substrate
498,PDK1,4xx9,8.2,PDK1,AGC,Human,ATP,B,A,in,na,[],KILGEGSFSTVVLYAIKILYVTRERDVMSRLDPFFVKLYFTYFGLSYAKNGELLKYIRKYLHGKGIIHRDLKPENILLITDFGTA,Substrate
499,PDK1,5ack,8.0,PDK1,AGC,Human,ATP,A,A,in,in,[],KILGEGSFSTVVLYAIKILYVTRERDVMSRLDPFFVKLYFTYFGLSYAKNGELLKYIRKYLHGKGIIHRDLKPENILLITDFGTA,Substrate
500,PDK1,5lvm,9.9,PDK1,AGC,Human,ADE,B,A,in,in,[],KILGEGSFSTVVLYAIKILYVTRERDVMSRLDPFFVKLYFTYFGLSYAKNGELLKYIRKYLHGKGIIHRDLKPENILLITDFGTA,Substrate
501,PDK1,5lvn,8.0,PDK1,AGC,Human,ADN,A,A,in,in,[],KILGEGSFSTVVLYAIKILYVTRERDVMSRLDPFFVKLYFTYFGLSYAKNGELLKYIRKYLHGKGIIHRDLKPENILLITDFGTA,Substrate
502,PDK1,5lvo,8.0,PDK1,AGC,Human,ATP,A,A,in,in,[],KILGEGSFSTVVLYAIKILYVTRERDVMSRLDPFFVKLYFTYFGLSYAKNGELLKYIRKYLHGKGIIHRDLKPENILLITDFGTA,Substrate
503,PDK1,5lvp,9.4,PDK1,AGC,Human,ATP, ,A,in,in,[],KILGEGSFSTVVLYAIKILYVTRERDVMSRLDPFFVKLYFTYFGLSYAKNGELLKYIRKYLHGKGIIHRDLKPENILLITDFGTA,Substrate
504,PDK1,5mrd,9.6,PDK1,AGC,Human,ATP,B,A,in,in,[],KILGEGSFSTVVLYAIKIVYVQREKDVMSRLDPFFVKLYFCYFGLSYAKNGELLKYIRKYLHGKGIIHRDLKPENILLITDFGTA,Substrate
505,PIM1,1xr1,8.0,PIM,CAMK,Human,ANP, ,A,in,in,[],PLLGSGGFGSVYSVAIKHVRVPMEVVLLKKVSSGVIRLLDWVLILERPEVQDLFDFITEHCHNCGVLHRDIKDENILILIDFGSG,Substrate
506,PIM1,1yi4,8.0,PIM,CAMK,Human,ADN, ,A,in,in,[],PLLGSGGFGSVYSVAIKHVRVPMEVVLLKKVSSGVIRLLDWVLILERPEVQDLFDFITEHCHNXGVLHRDIKDENILILIDFGSG,Substrate
507,PIM1,1yxt,8.0,PIM,CAMK,Human,ANP,B,A,in,in,[],PLLGSGGFGSVYSVAIKHVRVPMEVVLLKKVSSGVIRLLDWVLILERPEVQDLFDFITEHCHNCGVLHRDIKDENILILIDFGSG,Substrate
508,PIM1,1yxu,8.0,PIM,CAMK,Human,AMP, ,D,in,in,[],PLLGSGGFGSVYSVAIKHVRVPMEVVLLKKVSSGVIRLLDWVLILERPEVQDLFDFITEHCHNCGVLHRDIKDENILILIDFGSG,Substrate
509,PIM1,2bzh,8.0,PIM,CAMK,Human,HB1,A,B,in,in,[],PLLGSGGFGSVYSVAIKHVRVPMEVVLLKKVSSGVIRLLDWVLILERPEVQDLFDFITEHCHNCGVLHRDIKDENILILIDFGSG,Unloadable ligand
510,PIM1,2bzj,8.0,PIM,CAMK,Human,ME3,A,A,in,in,[],PLLGSGGFGSVYSVAIKHVRVPMEVVLLKKVSSGVIRLLDWVLILERPEVQDLFDFITEHCHNCGVLHRDIKDENILILIDFGSG,Unloadable ligand
511,PIM1,2bzk,7.7,PIM,CAMK,Human,ANP, ,B,in,in,"[6, 7, 8, 9, 10]",PLLGS_____VYSVAIKHVRVPMEVVLLKKVSSGVIRLLDWVLILERPEVQDLFDFITEHCHNCGVLHRDIKDENILILIDFGSG,Substrate
512,PIM1,3a99,8.0,PIM,CAMK,Human,ANP, ,A,in,in,[],PLLGSGGFGSVYSVAIKHVRVPMEVVLLKKVSSGVIRLLDWVLILERPEVQDLFDFITEHCHNCGVLHRDIKDENILILIDFGSG,Substrate
513,PIM1,3we8,8.0,PIM,CAMK,Human,RUI,B,A,in,in,[],PLLGSGGFGSVYSVAIKHVRVPMEVVLLKKVSSGVIRLLDWVLILERPEVQDLFDFITEHCHNCGVLHRDIKDENILILIDFGSG,Unloadable ligand
514,PIM1,4as0,8.0,PIM,CAMK,Human,RPS,A,A,in,in,[],PLLGSGGFGSVYSVAIKHVRVPMEVVLLKKVSSGVIRLLDWVLILERPEVQDLFDFITEHCHNCGVLHRDIKDENILILIDFGSG,Unloadable ligand
515,PIM2,2iwi,8.0,PIM,CAMK,Human,HB1, ,B,in,in,[],PLLGKGGFGTVFAVAIKVITCPLEVALLWKVGPGVIRLLDWMLVLERPLAQDLFDYITEHCHSRGVVHRDIKDENILILIDFGSG,Unloadable ligand
516,PKACa,3agl,8.0,PKA,AGC,Human,A03, ,A,in,in,[],KTLGTGSFGRVMLYAMKILHTLNEKRILQAVNPFLVKLEFSYMVMEYVPGGEMFSHLRRYLHSLDLIYRDLKPENLLIVTDFGFA,Contains ribose
517,PKACa,4wb5,8.0,PKA,AGC,Human,ATP,A,A,in,in,[],KTLGTGSFGRVMLYAMKILHTLNEKRILQAVNPFLVKLEFSYMVMEYVPGGEMFSHLRRYLHSLDLIYRDLKPENLLIVTDFGFA,Substrate
518,PKACa,4wb6,8.0,PKA,AGC,Human,ATP, ,B,in,in,[],KTLGTGSFGRVMLYAMKILHTLNEKRILQAVNPFLVKLEFSYMVMEYVPGGEMFSHLRRYLHSLDLIYRDLKPENLLIVTDFGFA,Substrate
519,PKACa,4wb7,8.0,PKA,AGC,Human,ATP,A,B,in,in,[],KTLGTGSFGRVMLYAMKILHTLNEKRILQAVNPFLVKLEFSYMVMEYVPGGEMFSHLRRYLHSLDLIYRDLKPENLLIVTDFGFA,Substrate
520,PKACa,4wb8,8.0,PKA,AGC,Human,ATP,B,A,in,in,[],KTLGTGSFGRVMLYAMKILHTLNEKRILQAVNPFLVKLEFSYMVMEYVPGGEMFSHLRRYLHSLDLIYRDLKPENLLIVTDFGFA,Substrate
521,PKACa,6byr,8.0,PKA,AGC,Human,ATP, ,A,in,in,[],KTLGTGSFGRVMLYAMKILHTLNEKRILQAVNPFLVKLEFSYMVMEYVPGGEMFSHLRRYLHSLDLIYRDLKPENLLIVTDFGFA,Substrate
522,PKACa,6no7,9.1,PKA,AGC,Human,ATP, ,E,in,in,[],KTLGTGSFGRVMLYAMKILHTLNEKRILQAVNPFLVKLEFSYMVMEYVPGGEMFSHLRRYLHSLDLIYRDLKPENLLIVTDFGFA,Substrate
523,PKCi,3a8w,8.0,PKC,AGC,Human,ATP, ,B,in,in,[],RVIGRGSYAKVLLYAMKVVWVQTEKHVFEQASPFLVGLHSCFFVIEYVNGGDLMFHMQRYLHERGIIYRDLKLDNVLLLTDYGMC,Substrate
524,PKCi,5li1,8.0,PKC,AGC,Human,ANP,B,A,in,in,[],RVIGRGSYAKVLLYAMKVVWVQTEKHVFEQASPFLVGLHSCFFVIEYVNGGDLMFHMQRYLHERGIIYRDLKLDNVLLLTDYGMC,Substrate
525,PKCi,5li9,9.0,PKC,AGC,Human,ACP,A,A,in,in,[],RVIGRGSYAKVLLYAMKVVWVQTEKHVFEQASPFLVGLHSCFFVIEYVNGGDLMFHMQRYLHERGIIYRDLKLDNVLLLTDYGMC,Substrate
526,PKCi,5lih,8.5,PKC,AGC,Human,ADP,A,B,in,in,[20],RVIGRGSYAKVLLYAMKVV_VQTEKHVFEQASPFLVGLHSCFFVIEYVNGGDLMFHMQRYLHERGIIYRDLKLDNVLLLTDYGMC,Substrate
527,PKG1,6bg2,9.6,PKG,AGC,Human,ANP,A,C,in,in,[],DTLGVGGFGRVELFAMKILHIRSEKQIMQGAHDFIVRLYRTYMLMEACLGGELWTILRDYLHSKGIIYRDLKPENLILLVDFGFA,Substrate
528,PKN2,4crs,8.0,PKN,AGC,Human,AGS, ,A,in,in,[],AVLLRGHFGKVLLFAIKALSLMCEKRIFETVNPFLVNLFACCFVMEYAAGGDLMMHIHTYLHEHKIVYRDLKLDNLLLIADFGLC,Contains phosphate
529,PKR,2a19,8.0,PEK,Other,Human,ANP, ,B,in,in,[],ELIGSGGFGQVFKYVIKRVKAEREVKALAKLDVNIVHYNGCFIQMEFCDKGTLEQWIEKYIHSKKLINRDLKPSNIFLIGDFGLV,Substrate
530,PKR,6d3k,8.0,PEK,Other,Human,ADP, ,B,in,in,[],ELIGSGGFGQVFKYVIKRVKAEREVKALAKLDVNIVHYNGCFIQMEFCDKGTLEQWIEKYIHSKKLIHRDLKPSNIFLIGDFGLV,Substrate
531,PLK1,2ou7,8.0,PLK,Other,Human,ANP,A,A,in,in,[],RFLGKGGFAKCFEFAGKIVKMSMEISIHRSLAQHVVGFHGFFVVLELCRRRSLLELHKRYLHRNRVIHRDLKLGNLFLIGDFGLA,Substrate
532,PLK4,3cok,8.8,PLK,Other,Human,ANP,A,A,in,in,[],NLLGKGSFAGVYRVAIKMIRVQNEVKIHCQLKPSILELYNYYLVLEMCHNGEMNRYLKNYLHSHGILHRDLTLSNLLLIADFGLA,Substrate
533,PRP4,4ifc,9.4,DYRK,CMGC,Human,ADP,A,A,in,in,[50],GYTGQGVFSNVVRVAVKIITGLKELEFLKKLNFHCLRLFRHCLVFEPLS_MNLREVLKKLLKRCNILHADIKPDNILVLCDFGSA,Substrate
534,PRP4,4iir,8.4,DYRK,CMGC,Human,ANP,A,B,in,in,"[6, 7, 8, 50]",GYTGQ___SNVVRVAVKIITGLKELEFLKKLNFHCLRLFRHCLVFEPLS_MNLREVLKKLLKRCNILHADIKPDNILVLCDFGSA,Substrate
535,PRPK,6wqx,8.0,Bud32,Other,Human,ANP, ,C,in,in,[50],ELVKQGAEARVFRAVIKHRRTVQEARALLRCRAGISAPVVFCLYMEEIE_GSVTVRDYIRMHDEDLIHGDLTTSNMLLLIDFGLS,Substrate
536,RET,2ivs,9.1,Ret,TK,Human,ACK,B,A,in,in,[],KTLGEGEFGKVVKVAVKMLDLLSEFNVLKQVNPHVIKLYGALLIVEYAKYGSLRGFLREYLAEMKLVHRDLAARNILVISDFGLS,Unloadable ligand
537,RET,2ivt,9.0,Ret,TK,Human,AMP,A,A,in,in,[],KTLGEGEFGKVVKVAVKMLDLLSEFNVLKQVNPHVIKLYGALLIVEYAKYGSLRGFLREYLAEMKLVHRDLAARNILVISDFGLS,Substrate
538,RET,4cki,9.8,Ret,TK,Human,ADN,A,A,in,in,[],KTLGEGEFGKVVKVAVKMLDLLSEFNVLKQVNPHVIKLYGALLIVEYAKYGSLRGFLREYLAEMKLVHRDLAARNILVISDFGLS,Substrate
539,RET,4ckj,9.8,Ret,TK,Human,ADN,A,A,in,in,[],KTLGEGEFGKVVKVAVKMLDLLSEFNVLKQVNPHVIKLYGALLIVEYAKYGSLRGFLREYLAEMKLVHRDLAARNILVISDFGLS,Substrate
540,RET,5fm2,8.0,Ret,TK,Human,PP1, ,A,in,in,[],KTLGEGEFGKVVKVAVKMLDLLSEFNVLKQVNPHVIKLYGALLIVEYAKYGSLRGFLREYLAEMKLVHRDLAARNILVISDFGLS,Unloadable pocket
541,RET,5fm3,8.2,Ret,TK,Human,PP1, ,A,in,in,[],KTLGEGEFGKVVKVAVKMLDLLSEFNVLKQVNPHVIKLYGALLIVEYAKYGSLRGFLREYLAEMKLVHRDLAARNILVISDFGLS,Unloadable pocket
542,RET,6fek,8.0,Ret,TK,Human,ADN,A,A,in,in,[],KTLGEGEFGKVVKVAVKMLDLLSEFNVLKQVNPHVIKLYGALLIVEYAKYGSLRGFLREYLAEMKLVHRDLAARNILVISDFGLS,Substrate
543,RET,6ne7,8.0,Ret,TK,Human,AMP,B,A,in,in,[],KTLGEGEFGKVVKVAVKMLDLLSEFNVLKQVNPHVIKLYGALLIVEYAKYASLRGFLREYLAEMKLVHRDLAARNILVISDFGLS,Substrate
544,RET,6nja,9.7,Ret,TK,Human,ADE,B,A,in,in,[],KTLGEGEFGKVVKVAVKMLDLLSEFNVLKQVNPHVIKLYGALLIVEYAKYGSLRGFLREYLAEMKLVHRDLAARNILVISDFGLS,Substrate
545,RET,7run,9.2,Ret,TK,Human,7QU, ,A,in,in,[],KTLGEGEFGKVVKVAVKMLDLLSEFNVLKQVNPHVIKLYGALLIVEYAKYGSLRGFLREYLAEMKLVHRDLAARNILVISDFGLS,Unloadable pocket
546,RIPK2,5ar3,9.4,RIPK,TKL,Human,ACP,A,B,in,in,[],RYLSRGASGTVSSVAVKHLDVLREAEILHKARSYILPILGIGIVTEYMPNGSLNELLHRHNMTPPLLHHDLKTQNILLIADFGLS,Substrate
547,RIPK2,5ng0,9.4,RIPK,TKL,Human,ACP,A,A,in,in,[],RYLSRGASGTVSSVAVKHLDVLREAEILHKARSYILPILGIGIVTEYMPNGSLNELLHRHNMTPPLLHHDLKTQNILLIADFGLS,Substrate
548,RIPK2,6rn8,9.0,RIPK,TKL,Human,K9T, ,B,in,in,[8],RYLSRGA_GTVSSVAVKHLDVLREAEILHKARSYILPILGIGIVTEYMPNGSLNELLHRHNMTPPLLHHDLKTQNILLIADFGLS,Unloadable ligand
549,RNAseL,4oau,8.0,Other-Unique,Other,Human,ADP, ,C,in,in,[51],YKIADTSEGGIYLVAVKTFRAQREVSCLQSSRSHLVTFYGSFVCVTLCEQ_TLEACLDVLHLSCGYTHQDLQPQNILILADFDKS,Substrate
550,RNAseL,4oav,8.0,Other-Unique,Other,Human,ACP, ,D,in,in,[51],YKIADTSEGGIYLVAVKTFRAQREVSCLQSSRSHLVTFYGSFVCVTLCEQ_TLEACLDVLHLSCGYTHQDLQPQNILILADFDKS,Substrate
551,ROCK1,2v55,9.7,DMPK,AGC,Human,ANP, ,A,in,in,[],KVIGRGAFGEVQLYAMKLLFFWEERDIMAFANPWVVQLFYAYMVMEYMPGGDLVNLMSNAIHSMGFIHRDVKPDNMLLLADFGTC,Substrate
552,RON,3pls,8.0,Met,TK,Human,ANP,B,A,in,out,[],RVIGKGHFGVVYHCAIKSLAFLREGLLMRGLNPNVLALIGIHVLLPYMCHGDLLQFIRSYLAEQKFVHRDLAARNCMLVADFGLA,Substrate
553,RSK2-b,4d9t,8.0,RSKb,CAMK,Human,0JG, ,A,in,in,[],EDIGVGSYSVCKRFAVKIIDPTEEIEILLRYGPNIITLKDVYVVTELMKGGELLDKILRYLHAQGVVHRDLKPSNILYICDFGFA,Covalent ligand
554,RSK2-b,4d9u,8.0,RSKb,CAMK,Human,0JH, ,A,in,in,[],EDIGVGSYSVCKRFAVKIIDPTEEIEILLRYGPNIITLKDVYVVTELMKGGELLDKILRYLHAQGVVHRDLKPSNILYICDFGFA,Covalent ligand
555,RSK2-b,4jg6,6.0,RSKb,CAMK,Human,1LB, ,A,in,in,"[4, 5, 6, 7, 8]",EDI_____SVCKRFAVKIIDPTEEIEILLRYGPNIITLKDVYVVTELMKGGELLDKILRYLHAQGVVHRDLKPSNILYICDFGFA,Covalent ligand
556,RSK2-b,4jg7,7.4,RSKb,CAMK,Human,1LC,B,A,in,in,"[6, 7]",EDIGV__YSVCKRFAVKIIDPTEEIEILLRYGPNIITLKDVYVVTELMKGGELLDKILRYLHAQGVVHRDLKPSNILYICDFGFA,Covalent ligand
557,RSK2-b,4jg8,9.6,RSKb,CAMK,Human,1LE,A,A,in,in,[],EDIGVGSYSVCKRFAVKIIDPTEEIEILLRYGPNIITLKDVYVVMELMKGGELLDKILRYLHAQGVVHRDLKPSNILYICDFGFA,Covalent ligand
558,RSK3,2z7q,4.8,RSK,AGC,Human,ACP, ,A,in,na,"[20, 21, 22, 23, 24, 25, 26]",KVLGQGSFGKVFLYAMKVL_______ILADVNPFVVKLHYAYLILDFLRGGDLFTRLSKHLHSLGIIYRDLKPENILLLTDFGLS,Substrate
559,RSK3,2z7r,4.8,RSK,AGC,Human,STU, ,A,in,na,"[20, 21, 22, 23, 24, 25, 26]",KVLGQGSFGKVFLYAMKVL_______ILADVNPFVVKLHYAYLILDFLRGGDLFTRLSKHLHSLGIIYRDLKPENILLLTDFGLS,Unloadable ligand or pocket file
560,RSK3,2z7s,4.8,RSK,AGC,Human,P01, ,A,in,na,"[20, 21, 22, 23, 24, 25, 26]",KVLGQGSFGKVFLYAMKVL_______ILADVNPFVVKLHYAYLILDFLRGGDLFTRLSKHLHSLGIIYRDLKPENILLLTDFGLS,Unloadable ligand or pocket file
561,SGK1,2r5t,6.2,SGK,AGC,Human,ANP, ,A,in,na,"[20, 21, 22, 23, 24, 25, 26]",KVIGKGSFGKVLLYAVKVL_______VLLKNVPFLVGLHFSYFVLDYINGGELFYHLQRYLHSLNIVYRDLKPENILLLTDFGLC,Substrate
562,SRC,1ksw,8.0,Src,TK,Human,NBS, ,A,in,out,[],VKLGQGCFGEVWMVAIKTLAFLQEAQVMKKLREKLVQLYAVYIVGEYMSKGSLLDFLKGYVERMNYVHRDLRAANILVVADFGLA,Unloadable ligand
563,SRC,2src,8.0,Src,TK,Human,ANP, ,A,in,out,[],VKLGQGCFGEVWMVAIKTLAFLQEAQVMKKLREKLVQLYAVYIVTEYMSKGSLLDFLKGYVERMNYVHRDLRAANILVVADFGLA,Substrate
564,SRC,6ate,7.2,Src,TK,Human,6H3, ,A,in,na,"[22, 23]",VKLGQGCFGEVWMVAIKTLAF__EAQVMKKLREKLVQLYAVYIVTEYMSKGSLLDFLKGYVERMNYVHRDLRAANILVVADFGLA,Covalent ligand
565,SRC,6e6e,9.5,Src,TK,Human,HVY,C,B,in,in,[],VKLGQGCFGEVWMVAIKTLAFLQEAQVMKKLREKLVQLYAVYIVTEYMSKGSLLDFLKGYVERMNYVHRDLRAANILVVADFGLA,Covalent ligand
566,SRPK1,1wbp,8.0,SRPK,CMGC,Human,ADP, ,A,in,in,[50],RKLGWGHFSTVWLVAMKVVTALDEIRLLKSVREMVVQLLDDCMVFEVLG_HHLLKWIIKLHTKCRIIHTDIKPENILLIADLGNA,Substrate
567,SRPK1,3beg,8.0,SRPK,CMGC,Human,ANP, ,A,in,in,[50],RKLGWGHFSTVWLVAMKVVTALDEIRLLKSVREMVVQLLDDCMVFEVLG_HHLLKWIIKLHTKCRIIHTDIKPENILLIADLGNA,Substrate
568,STLK5,3gni,8.0,STE20,STE,Human,ATP, ,B,in,in,[],TVIGKGFEDLMTVVTVRRIFLQGELHVSKLFNPNIVPYRATWVVTSFMAYGSAKDLICTYIHHMGYVHRSVKASHILILSGLRSN,Substrate
569,SYK,4fl1,8.0,Syk,TK,Human,ANP,A,A,in,in,[],KELGSGNFGTVKKVAVKILELLAEANVMQQLDPYIVRMIGIMLVMEMAELGPLNKYLQQYLEESNFVHRDLAARNVLLISDFGLS,Substrate
570,SYK,4fl2,8.0,Syk,TK,Human,ANP, ,A,in,out,[],KELGSGNFGTVKKVAVKILELLAEANVMQQLDPYIVRMIGIMLVMEMAELGPLNKYLQQYLEESNFVHRDLAARNVLLISDFGLS,Substrate
571,SYK,4fl3,8.0,Syk,TK,Human,ANP,A,A,in,out,[],KELGSGNFGTVKKVAVKILELLAEANVMQQLDPYIVRMIGIMLVMEMAELGPLNKYLQQYLEESNFVHRDLAARNVLLISDFGLS,Substrate
572,TAK1,2eva,7.6,MLK,TKL,Human,ADN,B,A,in,in,[85],EVVGRGAFGVVCKVAIKQIAFIVELRQLSRVNPNIVKLYGACLVMEYAEGGSLYNVLHGSMQPKALIHRDLKPPNLLLICDFGT_,Substrate
573,TAK1,4gs6,7.2,MLK,TKL,Human,1FM,A,A,in,in,"[84, 85]",EVVGRGAFGVVCKVAIKQIAFIVELRQLSRVNPNIVKLYGACLVMEYAEGGSLYNVLHGSMQPKALIHRDLKPPNLLLICDFG__,Covalent ligand
574,TAO3,6bdn,8.0,STE20,STE,Human,ADP,B,A,in,in,[],HEIGHGSFGAVYFVAIKKMDILKEVKFLRQLKPNTIEYKGCWLVMEYCLGSASDLLEVHYLHSHALIHRDIKAGNILLLADFGSA,Substrate
575,TGFbR2,5e92,8.3,STKR,TKL,Human,ANP,B,A,in,in,[],TLVGKGRFAEVYKVAVKIFSWKTEKDIFSDINENILQFLTAWLITAFHAKGNLQEYLTRGRPKMPIVHRDLKSSNILVLCDFGLS,Substrate
576,TLK2,5o0y,8.0,TLK,Other,Human,AGS, ,A,in,in,[],HLLGRGGFSEVYKVAVKIHHACREYRIHKELDPRIVKLYDYCTVLEYCEGNDLDFYLKQNEIKPPIIHYDLKPGNILLITDFGLS,Contains phosphate
577,TTBK1,4btj,8.0,TTBK,CK1,Human,ATP, ,B,in,in,[50],KKIGGGGFGEIYEVALKVEVLKMEVAVLKKLQDHVCRFIGCYVVMQLQG_RNLADLRRSAIHSVGFLHRDIKPSNFAMMLDFGLA,Substrate
578,TTBK2,6vrf,6.8,TTBK,CK1,Human,ADP,B,B,in,in,"[6, 7, 8, 50]",RKIGG___GEIYDVALKVEVLKMEVAVLKKLQDHVCRFIGCYVVMQLQG_RNLADLRRSSIHSVGFLHRDIKPSNFAMMLDFGLA,Substrate
579,TTK,3hmn,8.0,TTK,Other,Human,ATP, ,A,in,in,[50],KQIGSGGSSKVFQYAIKYVSYRNEIAYLNKLQDKIIRLYDYYMVMECGN_IDLNSWLKKTIHQHGIVHSDLKPANFLILIDFGIA,Substrate
580,TTK,7lqd,9.1,TTK,Other,Human,YB4, ,A,in,in,[50],KQIGSGGSSKVFQYAIKYVSYRNEIAYLNKLQDKIIRLYDYYMVMECGN_IDLNSWLKKTIHQHGIVHSDLKPANFLILIDFGIA,Covalent ligand
581,TYK2,4gvj,8.0,JakA,TK,Human,ADP, ,A,in,in,[],RDLGEGHFGKVSLVAVKALGWKQEIDILRTLYEHIIKYKGCQLVMEYVPLGSLRDYLPRYLHAQHYIHRDLAARNVLLIGDFGLA,Substrate
582,TYK2-b,5c03,8.0,JakB,TK,Human,AGS,A,B,in,in,[],SHLGQGTRTNVYEVVLKVLLAFYETASLMSQVTHLAFVHGVIMVTEYVEHGPLDVWLRRYLENKNLVHGNVCGRNILLLSDPGVG,Contains phosphate
583,TYK2-b,7ax4,8.0,JakB,TK,Human,NM7, ,B,in,in,[],SHLGQGTRTNVYEVVLKVLLAFYETASLMSQVTHLAFVHGVIMVTEYVEHGPLDVWLRRYLENKNLVHGNVCGRNILLLSDPGVG,Unloadable pocket
584,ULK4,6tsz,9.0,ULK,Other,Human,AGS, ,U,in,in,[],EEIGRGSKTVVYKVAILCTEITNWVRLTREIKKNIVTFHEWWLVVELCTGGSLKTVIAQHLHKLGILFCDISPRKILLFSNFCLA,Contains phosphate
585,VRK1,6ac9,7.8,VRK,CK1,Human,ANP,A,A,in,in,"[4, 5, 6, 7, 8, 50]",LPI_____GCIYLCVVKVEPLFTELKFYQRAALGVPKYWGSFMIMDRFG_SDLQKIYEAYIHEHEYVHGDIKASNLLLLVDYGLA,Substrate
586,Wnk1,5tf9,8.0,WNK,Other,Human,7AV, ,B,in,out,[],IEIGRGSFKTVYKVAWCELRFKEEAEMLKGLQPNIVRFYDSVLVTELMTSGTLKTYLKRHTRTPPIIHRDLKCDNIFIIGDLGLA,Contains phosphate
587,Wnk1,5wdy,8.0,WNK,Other,Human,ANP,B,A,in,out,[],IEIGRGSFKTVYKVAWCELRFKEEAEMLKGLQPNIVRFYDSVLVTELMTSGTLKTYLKRHTRTPPIIHRDLKCDNIFIIGDLGLA,Substrate
588,Wnk1,5we8,8.0,WNK,Other,Human,ANP,B,B,in,out,[],IEIGRGSFKTVYKVAWCELRFKEEAEMLKGLQPNIVRFYDSVLVTELMTSGTLKTYLKRHTRTPPIIHRDLKCDNIFIIGDLGLA,Substrate
589,Wnk3,5o26,9.4,WNK,Other,Human,ANP,B,A,in,out,[],IELGRGAFKTVYKVAWCELRFKEEAEMLKGLQPNIVRFYDSVLVTELMTSGTLKTYLKRHTRTPPIIHRDLKCDNIFIIGDLGLA,Substrate
590,ZAP70,2ozo,9.0,Syk,TK,Human,ANP, ,A,in,out,[],IELGCGNFGSVRQVAIKVLEMMREAQIMHQLDPYIVRLIGVMLVMEMAGGGPLHKFLVGYLEEKNFVHRNLAARNVLLISDFGLS,Substrate
591,ZAP70,4k2r,8.0,Syk,TK,Human,ANP, ,A,in,out,[],IELGCGNFGSVRQVAIKVLEMMREAQIMHQLDPYIVRLIGVMLVMEMAGGGPLHKFLVGYLEEKNFVHRNLAARNVLLISDFGLS,Substrate
592,p38a,8a8m,8.0,MAPK,CMGC,Human,AP2, ,A,in,in,[50],SPVGSGAYGSVCAVAVKKLRTYRELRLLKHMKENVIGLLDVYLVTHLMG_ADLNNIVKCYIHSADIIHRDLKPSNLAVILDFGLA,Contains ribose
593,p38g,1cm8,6.4,MAPK,CMGC,Human,ANP, ,A,in,in,"[4, 5, 6, 7, 8, 9, 50]",QPV______AVCSVAIKKLRAYRELRLLKHMRENVIGLLDVYLVMPFMG_TDLGKLMKHYIHAAGIIHRDLKPGNLAVILDFGLA,Substrate
