kinase,family,group,complex_pdb,ligand_pdb,alt,chain,subpocket,atom_subpockets,atom_environments,smiles,smiles_dummy_atoms,cluster_id,cluster_size
CHK1,CAMKL,CAMK,4qyg,3DW, ,A,AP,AP AP AP AP AP AP AP AP AP AP AP AP AP AP AP AP AP AP GA SE,16 16 16 16 16 16 16 16 16 16 16 16 16 16 16 16 16 16 na na,c1cnc2[nH]c3cnccc3c2c1,[1*]c1cc2c(cn1)[nH]c1ncc([21*])cc12,1,78
DYRK1A,DYRK,CMGC,6eis,B6N,B,A,AP,AP AP AP AP AP AP AP AP AP AP AP AP AP AP AP AP AP AP AP AP AP FP GA,16 16 16 16 16 16 16 16 16 16 16 16 16 16 16 16 16 16 16 16 16 na na,O=c1ccc2cnc3ccccc3c2[nH]1,[13*]n1c(=O)ccc2cnc3ccc([35*])cc3c21,2,24
JAK2-b,JakB,TK,5ut5,2HB,B,A,AP,AP AP AP AP AP AP AP AP AP AP AP AP SE FP,14 14 14 14 14 14 14 14 14 14 14 14 na na,c1ccn2ncnc2c1,[20*]c1cccc2nc([50*])nn12,3,22
AurA,Aur,Other,3efw,AK8, ,A,AP,AP AP AP AP AP AP AP AP AP AP AP AP AP AP FP,14 14 14 5 5 5 5 5 5 14 14 14 14 14 na,CNc1ncccn1,[4*]c1ccnc(NC)n1,4,19
BARK1,GRK,AGC,5he1,ZS2,A,A,AP,AP AP AP AP AP AP AP AP AP AP AP AP AP AP FP,16 16 16 16 16 16 16 16 16 16 16 16 16 16 na,c1ccc2[nH]ncc2c1,[2*]c1ccc2[nH]ncc2c1,5,18
CDK2,CDK,CMGC,4ek4,1CK,B,A,AP,AP AP AP AP AP AP AP AP AP AP AP AP AP AP AP SE,14 5 5 14 14 8 8 8 8 6 14 14 6 14 14 na,Cc1cc(NC=O)n[nH]1,[24*]C(=O)Nc1cc(C)[nH]n1,6,16
CK2a1,CK2,CMGC,5csp,54G,A,A,AP,AP AP AP AP AP AP AP AP AP AP AP AP AP AP AP GA,16 16 16 16 16 16 16 16 3 3 16 8 8 8 8 na,Cc1ccc(O)cc1,[4*]c1cc(C)ccc1O,7,16
p38a,MAPK,CMGC,3fl4,FL4, ,A,AP,AP AP AP AP AP AP AP AP AP AP AP AP AP AP AP AP AP AP AP AP AP AP AP AP AP GA,14 14 14 14 14 14 14 14 14 14 14 16 16 8 8 8 8 16 16 16 16 16 16 16 16 na,Cc1ccccc1-c1n[nH]c2ncncc12,[16*]c1ncc2c(-c3ccccc3C)n[nH]c2n1,8,15
PIM1,PIM,CAMK,5o13,9G5,A,A,AP,AP AP AP AP AP AP AP AP AP AP AP AP AP AP AP FP,7 7 7 7 7 7 7 7 7 7 7 7 7 7 7 na,O=C1Cc2cc(Cl)ccc2N1,[16*]=C1C(=O)Nc2ccc(Cl)cc21,9,14
TTK,TTK,Other,5ei6,5OQ, ,A,AP,AP AP AP AP AP AP AP AP AP AP AP AP AP AP AP AP AP SE FP,16 16 16 16 16 16 16 16 16 16 16 16 5 5 16 16 16 na na,Nc1cc2ccccc2cn1,[12*]Nc1cc2c([15*])cccc2cn1,10,13
CHK2,RAD53,CAMK,2ycs,NXP,B,A,AP,AP AP AP AP AP AP AP AP AP AP AP AP AP AP AP AP AP GA,6 6 16 16 16 16 16 16 16 16 16 16 16 16 16 16 16 na,O=Cc1c[nH]c2ccccc12,*C(=O)c1c[nH]c2ccccc12,11,12
CK1d,CK1,CK1,5w4w,9WG,A,B,AP,AP AP AP AP AP AP AP AP AP AP AP AP AP AP AP AP AP AP FP,16 16 16 16 16 16 16 16 16 16 16 16 16 16 8 8 8 8 na,CN1Cc2ncccc2C1=O,*c1ccnc2c1C(=O)N(C)C2,12,12
ALK,ALK,TK,4foc,0UU, ,A,AP,AP AP AP AP AP AP AP AP AP AP AP AP AP AP AP SE,5 5 6 6 16 16 16 16 16 16 16 16 16 16 16 na,NC(=O)c1ccccc1,[54*]NC(=O)c1ccccc1,13,11
SYK,Syk,TK,5cxh,55M, ,A,AP,AP AP AP AP AP AP AP AP AP AP AP FP SE,14 14 14 14 14 14 14 14 14 14 14 na na,c1cc2ncsc2cn1,[38*]c1cc2ncsc2c([46*])n1,14,10
CDK2,CDK,CMGC,2r3g,SC9,B,A,AP,AP AP AP AP AP AP AP AP AP AP AP AP AP AP AP AP AP AP AP AP AP AP AP FP,14 14 14 14 14 14 14 14 14 14 14 14 16 16 16 16 16 16 16 16 16 16 16 na,Fc1ccccc1-c1cn2ccnc2cn1,[12*]c1nc(-c2ccccc2F)cn2ccnc12,15,9
p38a,MAPK,CMGC,3itz,P66, ,A,AP,AP AP AP AP AP AP AP AP AP AP AP AP AP AP AP AP AP AP AP AP AP AP GA,9 9 16 16 16 9 16 16 16 16 9 9 9 9 9 9 9 9 16 16 16 16 na,Fc1cccc(F)c1-n1ncc2cnncc21,[32*]c1nncc2c1cnn2-c1c(F)cccc1F,16,9
AurA,Aur,Other,5ew9,5VC,A,A,AP,AP AP AP AP AP AP AP AP AP SE,14 14 14 14 14 14 14 5 5 na,Nc1nccs1,*Nc1nccs1,17,8
CLK1,CLK,CMGC,6i5k,H3H,A,C,AP,AP AP AP AP AP AP AP AP AP AP AP AP GA SE,16 16 16 16 16 16 16 16 16 16 16 16 na na,c1cnc2ccoc2c1,[7*]c1coc2ccc([20*])nc12,18,7
LCK,Src,TK,2zm1,KSF, ,A,AP,AP AP AP AP AP AP AP AP AP AP AP AP GA FP,14 14 14 14 14 14 14 14 14 14 14 14 na na,c1cn2cncc2cn1,[11*]c1ncc([25*])n2cncc12,19,6
BARK1,GRK,AGC,5uuu,QRW,B,A,AP,AP AP AP AP AP AP AP AP AP AP FP,16 16 16 16 16 16 16 16 16 16 na,c1ccncc1,[10*]c1ccncc1,20,6
CLK1,CLK,CMGC,6raa,JWN,B,A,AP,AP AP AP AP AP AP AP AP AP AP AP AP AP AP AP AP AP SE GA,6 16 16 16 16 6 5 5 16 16 16 16 16 16 16 16 16 na na,O=CNc1cn2ccccc2n1,[21*]C(=O)Nc1cn2cc([59*])ccc2n1,21,6
CHK1,CAMKL,CAMK,5op2,A0Q,A,A,AP,AP AP AP AP AP AP AP AP AP AP AP AP AP AP SE,6 5 5 6 16 16 16 16 16 16 16 16 16 16 na,O=CNc1cccnc1,[2*]C(=O)Nc1cccnc1,22,5
AKT1,Akt,AGC,3mvh,WFE,B,A,AP,AP AP AP AP AP AP AP AP AP AP AP AP AP AP AP AP AP AP AP FP,8 8 8 8 8 8 8 16 16 16 16 16 16 16 16 16 16 16 16 na,CCc1c[nH]c2ncncc12,[18*]c1ncnc2[nH]cc(CC)c12,23,4
ITK,Tec,TK,3qgw,PQC,A,A,AP,AP AP AP AP AP AP AP AP AP AP AP AP AP AP AP AP AP AP AP SE FP,14 14 14 14 14 14 14 14 14 14 14 14 14 14 14 14 14 5 5 na na,Nc1ncc2ccc3sccc3c2n1,[10*]c1cc2c(ccc3cnc(N[28*])nc32)s1,24,4
CDK2,CDK,CMGC,3qql,X03,A,A,AP,AP AP AP AP AP AP AP AP AP AP AP AP AP AP AP AP AP SE FP,15 15 15 15 15 15 15 15 15 15 15 15 15 15 15 15 15 na na,c1n[nH]c2c1CCCC2,[6*]c1n[nH]c2c1C[C@H]([24*])CC2,25,4
CK1d,CK1,CK1,4kbc,1QJ,B,B,AP,AP AP AP AP AP AP AP AP AP AP AP AP AP AP FP,16 16 16 16 16 16 16 16 16 8 8 8 3 3 na,OCc1ccccn1,[9*]c1ccnc(CO)c1,26,4
PIM2,PIM,CAMK,4x7q,3YR, ,A,AP,AP AP AP AP AP AP AP AP AP AP AP AP AP AP AP AP AP AP AP FP,6 14 14 14 6 14 16 16 16 16 16 16 16 16 16 14 14 16 16 na,O=Cc1csc(-c2c(F)cccc2F)n1,[23*]C(=O)c1csc(-c2c(F)cccc2F)n1,27,4
SRPK1,SRPK,CMGC,5my8,RXZ,A,A,AP,AP AP AP AP AP AP AP AP AP AP AP SE GA,5 5 6 6 14 14 14 14 14 14 14 na na,NC(=O)c1ccco1,[25*]NC(=O)c1ccc([36*])o1,28,4
CDK2,CDK,CMGC,2i40,BLZ,A,A,AP,AP AP AP AP AP AP AP AP AP AP AP AP AP AP AP AP AP AP AP AP AP AP GA,3 3 3 3 3 9 9 9 9 9 9 9 9 9 9 9 9 3 3 3 3 3 na,COc1cc2nc[nH]c2cc1OC,[13*]n1cnc2cc(OC)c(OC)cc21,29,3
RIPK2,RIPK,TKL,5j79,6GE,A,B,AP,AP AP AP AP AP AP AP AP AP AP AP AP AP AP AP AP AP AP AP AP AP AP GA,16 16 16 16 16 16 16 16 16 16 16 16 16 16 16 16 16 16 16 16 16 16 na,CS(=O)(=O)c1ccc2ncccc2c1,*c1ccnc2ccc(S(C)(=O)=O)cc12,30,3
HGK,STE20,STE,4u43,3D8,B,A,AP,AP AP AP AP AP AP AP AP AP AP AP AP AP AP AP GA,14 14 14 14 14 14 14 14 5 5 14 14 14 14 14 na,Nc1ncnn2cccc12,[12*]Nc1ncnn2cccc12,31,3
AKT2,Akt,AGC,2uw9,GVP, ,A,AP,AP AP AP AP AP AP AP AP FP,16 16 16 16 16 16 16 16 na,c1cn[nH]c1,[32*]c1cn[nH]c1,32,3
LCK,Src,TK,2of2,547, ,A,AP,AP AP AP AP AP AP AP AP AP AP AP AP AP FP SE FP,16 16 16 16 16 16 16 16 16 16 16 5 5 na na na,Nc1ccnc2occc12,[11*]c1c([22*])oc2nccc(N[35*])c12,33,3
CDK2,CDK,CMGC,3igg,EFQ, ,A,AP,AP AP AP AP AP AP AP AP AP SE GA,9 9 9 9 9 9 5 5 9 na na,Nc1c[nH]cn1,*n1cnc(N[23*])c1,34,3
PKCi,PKC,AGC,6ilz,AFU, ,G,AP,AP AP AP AP AP AP AP AP AP AP AP AP AP AP AP AP AP AP AP AP AP AP AP GA FP,6 16 16 16 16 16 16 16 16 16 16 16 16 16 16 16 16 16 16 5 5 5 6 na na,Nc1ncc(-c2ccccc2)cc1C=O,[40*]C(=O)c1cc(-c2cccc([46*])c2)cnc1N,35,3
PIM1,PIM,CAMK,5kge,6SN, ,A,AP,AP AP AP AP AP AP AP AP AP AP AP GA,16 16 16 16 16 16 16 16 16 16 16 na,Clc1ccccc1Cl,[14*]c1ccc(Cl)c(Cl)c1,36,3
PIM1,PIM,CAMK,4k18,1OB, ,A,AP,AP AP AP AP AP AP AP AP AP AP AP AP AP FP,5 5 16 16 16 16 16 16 16 16 16 16 16 na,Nc1ccc(F)cc1,[24*]Nc1ccc(F)cc1,37,3
GSK3B,GSK,CMGC,3gb2,G3B,A,A,AP,AP AP AP AP AP AP AP AP AP AP AP AP AP GA FP,16 16 16 16 16 16 16 16 16 16 16 16 16 na na,c1ccc2occc2c1,[13*]c1coc2ccc([29*])cc12,38,3
CK1d,CK1,CK1,4kba,1QM,B,A,AP,AP AP AP AP AP AP AP AP AP AP AP AP AP AP AP AP AP AP AP AP AP FP,16 16 16 16 16 16 16 16 16 16 16 16 16 16 16 16 16 16 16 16 16 na,c1cnc2c(c1)OCC[NH2+]C2,[1*]c1ccnc2c1OCC[NH2+]C2,39,3
PRP4,DYRK,CMGC,6pk6,OND,A,A,AP,AP AP AP AP AP AP AP AP AP AP AP AP AP AP AP AP AP AP FP,6 16 6 16 16 16 5 5 5 16 16 16 16 16 16 16 16 16 na,NC(=O)c1cc2ccccc2s1,[12*]c1cccc2sc(C(N)=O)cc12,40,3
PIM1,PIM,CAMK,4ty1,38W, ,A,AP,AP AP AP AP AP AP AP AP AP AP AP AP AP AP AP AP AP AP AP AP AP AP FP FP,16 16 16 16 16 16 16 16 16 16 16 14 14 14 14 14 14 14 14 16 16 16 na na,c1cnc(-c2c[nH]c3ccccc23)nc1,[18*]c1ccc2[nH]cc(-c3nccc([39*])n3)c2c1,41,3
BTK,Tec,TK,5p9h,7G7,A,A,AP,AP AP AP AP AP AP AP AP AP AP AP AP SE FP,14 14 14 14 8 8 8 8 14 14 14 14 na na,Cn1ncccc1=O,*c1cc([56*])c(=O)n(C)n1,42,3
RIPK2,RIPK,TKL,5ar5,IQ7,A,B,AP,AP AP AP AP AP AP AP AP AP AP AP SE,8 8 8 8 8 8 3 3 3 3 3 na,CCOC,[21*]CCOC,43,3
JNK3,MAPK,CMGC,3rtp,34I, ,A,AP,AP AP AP AP AP AP AP AP AP AP SE FP,5 5 16 16 16 16 16 16 16 16 na na,N#Cc1csc(N)c1,[21*]Nc1scc(C#N)c1[31*],44,3
PEK,PEK,Other,4m7i,27D, ,A,AP,AP AP AP AP AP AP AP AP AP AP AP AP AP AP AP AP AP AP GA,16 16 16 16 8 8 8 8 16 16 16 16 16 16 5 5 5 16 na,Cn1ccc2c(N)ncnc21,[28*]c1cn(C)c2ncnc(N)c12,45,2
MET,Met,TK,3f66,IHX,A,A,AP,AP AP AP AP AP AP AP AP AP AP AP AP AP AP AP AP AP SE FP,16 16 16 16 16 16 16 16 8 8 8 8 16 16 16 16 16 na na,FC(F)(F)c1ccc2nccnc2c1,[6*]c1cc(C(F)(F)F)cc2ncc([18*])nc12,46,2
MAPKAPK2,MAPKAPK,CAMK,3a2c,PDY, ,L,AP,AP AP AP AP AP AP AP AP AP AP AP AP AP AP AP AP AP AP AP AP AP AP AP AP AP AP AP X-AP FP,16 16 8 8 8 8 16 16 16 16 16 16 16 16 16 5 5 16 16 16 16 16 16 16 16 16 16 na na,Cc1cnc2ccnn2c1Nc1ccccc1,[17*]c1nc2ccnn2c(Nc2ccc([46*])cc2)c1C,47,2
GSK3B,GSK,CMGC,5f94,3UO,B,A,AP,AP AP AP AP AP AP AP AP AP AP AP AP AP AP AP FP SE,16 16 16 16 16 16 16 16 16 6 5 5 6 6 6 na na,O=CNc1cc(C=O)ccn1,[12*]C(=O)c1ccnc(NC([16*])=O)c1,48,2
SRC,Src,TK,2bdf,24A, ,B,AP,AP AP AP AP AP AP AP AP AP AP AP AP AP AP AP AP AP SE FP,8 8 8 8 8 8 8 14 14 14 14 14 14 14 14 14 14 na na,CCn1cnc2cncnc21,[17*]c1nc([54*])nc2c1ncn2CC,49,2
DYRK2,DYRK,CMGC,6hdp,FZ5,A,A,AP,AP AP AP AP AP AP AP AP AP AP AP AP AP AP AP AP AP SE GA,16 16 6 6 6 6 6 6 16 3 3 16 16 16 16 16 3 na na,CC(=O)c1cc(O)ccc1O,[28*]c1c(O)ccc(O[48*])c1C(C)=O,50,2
BRAF,RAF,TKL,4fc0,0T2, ,B,AP,AP AP AP AP AP AP AP AP AP AP AP AP AP AP AP GA SE,14 14 14 14 14 14 14 14 5 5 6 6 14 14 14 na na,O=CNc1nc2cccnc2s1,[4*]c1ccc2nc(NC([53*])=O)sc2n1,51,2
AurC,Aur,Other,6gr8,F8Z,A,A,AP,AP AP AP AP AP AP AP AP AP AP AP AP AP AP FP,16 16 16 16 16 16 16 16 16 16 16 16 16 16 na,c1ccc2c(c1)OCO2,[65*]c1ccc2c(c1)OCO2,52,2
GAK,NAK,Other,4y8d,49J,B,B,AP,AP AP AP AP AP AP AP AP AP AP AP GA SE,16 16 16 16 16 16 16 16 16 16 16 na na,c1cnc2csnc2c1,[13*]c1snc2cc([25*])cnc12,53,2
CK2a1,CK2,CMGC,5m4f,7FC,B,A,AP,AP AP AP AP AP AP AP AP AP AP AP AP AP AP AP AP AP GA,14 14 14 14 14 14 3 3 14 14 14 14 14 14 14 14 14 na,O=c1c(O)coc2c(Cl)cc(Cl)cc12,[27*]c1oc2c(Cl)cc(Cl)cc2c(=O)c1O,54,2
PIM1,PIM,CAMK,4mbl,26L, ,A,AP,AP AP AP AP AP AP AP AP AP AP AP AP AP AP AP AP AP FP,16 16 16 16 16 16 16 16 16 16 16 16 16 16 16 16 16 na,c1ccc2ccccc2c1,[33*]c1ccc2ccccc2c1,55,2
CHK1,CAMKL,CAMK,4qye,3DL, ,A,AP,AP AP AP AP AP AP AP AP GA SE,14 14 14 14 14 14 14 14 na na,c1cnccn1,[8*]c1cncc([21*])n1,56,2
TTK,TTK,Other,5n87,N66, ,A,AP,AP AP AP AP AP AP AP AP AP AP AP AP AP AP AP AP AP AP AP AP AP AP SE FP,5 5 16 16 16 16 16 16 16 16 16 16 16 16 16 16 16 16 16 16 16 16 na na,Nc1ncc2c(n1)-n1cccc1CC2,[32*]Nc1ncc2c(n1)-n1ccc([55*])c1CC2,57,2
TRKA,Trk,TK,5kvt,YMX,A,A,AP,AP AP AP AP AP AP AP AP AP AP AP AP AP AP AP AP AP AP SE FP,16 16 16 16 16 16 16 16 16 16 16 16 16 16 16 8 8 8 na na,Cc1ccc2c(c1)/C(=N\C=O)N=N2,[44*]C(=O)/N=C1/N=Nc2ccc(C[63*])cc21,58,2
PKCt,PKC,AGC,4q9z,PZW,B,A,AP,AP AP AP AP AP AP AP AP AP AP AP AP AP AP AP AP AP AP AP AP AP AP AP AP AP AP AP AP AP FP,8 8 8 8 16 16 16 16 16 16 16 16 16 16 16 16 16 16 16 16 8 8 8 8 16 16 16 16 16 na,Cc1ccc2c(c1)OCC1=NNC(=O)[C@@H](C)N12,[29*]c1cc2c(cc1C)OCC1=NNC(=O)[C@@H](C)N12,59,2
JAK2,JakA,TK,4yti,VJK,A,A,AP,AP AP AP AP AP AP AP AP AP AP AP AP AP AP AP AP AP AP AP AP AP AP AP AP FP,7 7 7 7 7 7 7 7 7 7 7 7 7 7 7 7 7 7 7 7 7 7 7 7 na,C=C/C=C(\C)C(=C)c1ncccn1,[37*]c1ccnc(C(=C)/C(C)=C/C=C)n1,60,2
CK2a1,CK2,CMGC,6hot,CIY,A,A,AP,AP AP AP AP AP GA,7 7 7 7 7 na,CC=O,[12*]=CC=O,61,2
CHK1,CAMKL,CAMK,2ydi,YDI,B,A,AP,AP AP AP AP AP AP AP AP AP AP AP AP AP FP SE,14 14 14 14 14 14 5 5 1 5 5 5 1 na na,NC(=O)Nc1cccs1,[13*]c1cc([30*])sc1NC(N)=O,62,2
CHK1,CAMKL,CAMK,2wmt,ZYT,A,A,AP,AP AP AP AP AP AP AP AP AP AP AP AP SE,7 7 7 7 7 7 7 7 7 7 7 7 na,CSC1=NCC(=O)N1,[12*]=C1N=C(SC)NC1=O,63,2
CHK1,CAMKL,CAMK,2cgv,3B3, ,A,AP,AP AP AP AP AP AP AP AP AP AP AP AP AP AP AP AP AP AP FP,16 16 16 16 16 16 16 16 16 16 16 16 16 16 16 16 16 16 na,O=[N+]([O-])c1cccc2ncccc12,[9*]c1ccc([N+](=O)[O-])c2cccnc12,64,1
BRAF,RAF,TKL,4e26,734, ,B,AP,AP AP AP AP AP AP AP AP AP AP AP AP AP AP AP AP AP FP,16 16 16 16 16 16 16 16 16 16 16 16 16 16 3 3 16 na,Oc1ccc(Cl)c2cccnc12,[18*]c1cc(Cl)c2cccnc2c1O,65,1
JAK3,JakA,TK,6hzv,GYW,A,D,AP,AP AP AP AP AP AP AP AP AP AP AP AP AP AP AP SE,14 14 14 14 14 14 14 14 14 14 14 14 14 14 14 na,N#Cc1ccc2nccn2c1,[11*]c1cnc2ccc(C#N)cn12,66,1
p38a,MAPK,CMGC,2zb0,GK3,A,A,AP,AP AP AP AP AP AP AP AP AP AP AP AP AP AP AP AP GA,16 16 16 16 16 16 16 16 16 16 16 16 5 5 6 6 na,N#Cc1cccc(NC=O)c1,[16*]C(=O)Nc1cccc(C#N)c1,67,1
PIM1,PIM,CAMK,5dia,5E6, ,A,AP,AP AP AP AP AP AP AP AP AP AP AP AP AP AP AP AP AP AP AP AP AP FP FP,14 14 14 14 14 14 14 14 14 14 14 14 14 14 14 14 14 14 14 14 14 na na,c1ccc(-c2n[nH]c3cnccc23)nc1,[15*]c1cccc(-c2n[nH]c3cnc([43*])cc23)n1,68,1
BTK,Tec,TK,4otq,2V2, ,A,AP,AP AP AP AP AP AP AP AP AP AP AP AP AP AP AP SE FP,16 16 16 16 16 16 16 16 16 8 8 8 8 5 5 na na,Cn1cccc(N)c1=O,[13*]c1cc(N[56*])c(=O)n(C)c1,69,1
AurA,Aur,Other,2xru,400, ,A,AP,AP AP AP AP AP AP AP AP AP AP AP AP AP AP FP SE,14 14 14 14 14 14 14 14 14 14 5 5 6 6 na na,O=CNc1n[nH]c2ccsc12,[13*]C(=O)Nc1n[nH]c2cc([43*])sc12,70,1
AurA,Aur,Other,2xne,ASH, ,A,AP,AP AP AP AP AP AP AP AP AP AP AP AP SE FP,14 14 14 14 14 14 14 14 14 14 14 14 na na,Clc1cnc2cnccn12,[25*]c1cn2c(Cl)cnc2c([28*])n1,71,1
TAK1,MLK,TKL,4l53,1UO,A,A,AP,AP AP AP AP AP AP AP AP AP AP AP AP AP AP FP SE,16 16 16 16 16 5 5 5 16 16 16 16 16 16 na na,Nc1nccc2c(Cl)coc12,[21*]c1cnc(N)c2oc([36*])c(Cl)c12,72,1
BUB1,BUB,Other,6f7b,CVQ,B,A,AP,AP AP AP AP AP AP AP AP AP AP AP AP AP AP AP AP FP,3 3 3 3 3 16 16 16 16 16 16 16 16 16 5 5 na,COc1cnccc1N,*Nc1ccncc1OC,73,1
Wee1,WEE,Other,3cqe,P91,A,A,AP,AP AP AP AP AP AP AP AP AP AP AP AP AP AP AP AP AP AP AP AP AP SE GA,16 16 16 16 16 16 16 16 16 16 16 16 16 16 16 8 8 8 8 16 16 na na,Cn1cc(Br)c2c3c(ccc21)C(=O)NC3=O,[7*]c1cc2c(c(Br)c([22*])n2C)c2c1C(=O)NC2=O,74,1
IRAK4,IRAK,TKL,4xs2,42P, ,C,AP,AP AP AP AP AP AP AP FP SE GA,16 16 16 16 16 16 16 na na na,Clc1ccncn1,[6*]c1nc([8*])nc(Cl)c1[11*],75,1
CaMKK2,CAMKK,Other,5yvc,SU6, ,A,AP,AP AP AP AP AP AP AP AP AP AP AP AP AP AP AP AP SE GA,16 16 16 16 8 8 8 8 16 8 8 8 8 16 16 16 na na,Cc1cc(C)c(C)[nH]1,[10*]c1c(C)[nH]c(C=[28*])c1C,76,1
CK1g3,CK1,CK1,4hgl,0YO, ,A,AP,AP AP AP AP AP AP AP AP AP AP AP AP FP SE,14 14 14 14 3 3 3 3 14 14 14 3 na na,COc1cncnc1,[16*]c1nc([40*])ncc1OC,77,1
p38a,MAPK,CMGC,3roc,29A, ,A,AP,AP AP AP AP AP AP AP AP AP GA SE,9 9 9 9 9 9 9 9 9 na na,O=c1[nH]cncc1Cl,[12*]c1ncn([20*])c(=O)c1Cl,78,1
p38a,MAPK,CMGC,3hll,I45,B,A,AP,AP AP AP AP AP AP AP AP AP AP AP AP AP GA SE,9 9 9 9 9 9 9 9 9 8 8 8 8 na na,Cc1ccc(Br)c(=O)[nH]1,[12*]c1cc(C)n([20*])c(=O)c1Br,79,1
SYK,Syk,TK,4yjv,4DT,C,A,AP,AP AP AP AP AP AP AP AP AP AP AP AP AP AP AP AP SE GA,14 14 14 5 4 4 4 4 4 4 4 14 14 14 14 14 na na,CCNc1ncncc1F,[4*]N(CC)c1nc([30*])ncc1F,80,1
MAP3K5,STE11,STE,5v24,8V7,B,A,AP,AP AP AP AP AP AP AP AP AP AP SE FP,14 14 14 14 14 14 6 6 5 5 na na,NC(=O)c1cscn1,[2*]c1nc(C(=O)N[3*])cs1,81,1
GSK3B,GSK,CMGC,5hlp,65A,B,B,AP,AP AP AP AP AP AP AP AP AP AP AP AP AP AP AP AP AP AP AP AP AP AP AP AP AP AP AP AP AP AP AP FP,16 8 8 8 8 16 8 8 8 8 16 16 16 16 16 16 16 16 16 16 16 8 8 8 8 16 16 16 16 16 16 na,Cc1n[nH]c2nc3c(cc12)C(=O)CC(C)(C)C3,[9*]c1c2c(nc3[nH]nc(C)c13)CC(C)(C)CC2=O,82,1
GSK3B,GSK,CMGC,4j1r,I5R, ,B,AP,AP AP AP AP AP AP AP AP AP AP AP AP AP AP AP AP AP AP AP AP FP,13 13 13 13 13 13 13 13 13 13 13 13 13 13 13 13 13 8 8 8 na,C[C@H]1Nc2cccnc2NC1=O,[20*]C[C@H]1Nc2cccnc2NC1=O,83,1
Erk2,MAPK,CMGC,5bue,4V8, ,A,AP,AP AP AP AP AP AP AP AP AP AP AP AP AP AP AP AP AP AP AP AP AP AP AP AP AP AP GA,14 14 16 16 16 16 16 16 16 16 14 14 14 14 14 14 14 14 14 14 14 14 14 14 16 16 na,c1cc(-c2[nH]nc3c2CNCC3)ccn1,[10*]N1CCc2n[nH]c(-c3ccncc3)c2C1,84,1
DAPK1,DAPK,CAMK,5aut,2AN, ,A,AP,AP AP AP AP AP AP AP AP AP AP AP AP AP AP AP AP AP AP AP AP FP,16 16 16 16 16 16 16 16 16 16 16 16 16 16 16 16 16 16 16 16 na,O=S(=O)([O-])c1cccc2ccccc12,[14*]c1cccc2cccc(S(=O)(=O)[O-])c12,85,1
CHK1,CAMKL,CAMK,4hyi,1AO,A,A,AP,AP AP AP AP AP AP AP AP AP AP AP AP AP AP AP AP AP AP AP AP GA,14 14 14 14 14 14 9 9 9 9 9 9 9 9 9 9 9 9 9 9 na,c1ccc2c(c1)cnn2-c1nccs1,[28*]c1csc(-n2ncc3ccccc32)n1,86,1
CHK1,CAMKL,CAMK,2cgu,3A3, ,A,AP,AP AP AP AP AP AP AP AP AP AP AP AP AP AP AP AP AP AP AP AP AP AP SE FP,16 16 16 16 16 16 16 16 16 16 16 16 16 16 16 16 16 16 16 16 16 16 na na,ON=C1c2ccccc2-c2ccccc21,[6*]c1ccc2c(c1)C(=NO)c1cc([29*])ccc1-2,87,1
p38a,MAPK,CMGC,5mtx,FJI,B,A,AP,AP AP AP AP AP AP AP AP AP AP AP AP AP AP AP AP AP AP AP AP AP AP AP AP GA SE,16 16 16 16 16 16 16 16 16 16 16 16 16 16 16 16 16 16 16 16 16 16 16 16 na na,O=C1c2ccccc2COc2ccccc21,[23*]c1ccc2c(c1)C(=O)c1ccc([49*])cc1OC2,88,1
p38a,MAPK,CMGC,3uvp,048,A,A,AP,AP AP AP AP AP AP AP AP AP AP AP AP AP AP AP AP AP AP AP AP AP AP AP GA,16 16 16 16 16 16 16 16 16 16 16 16 16 16 16 16 16 16 16 16 16 16 16 na,O=C1CCCCc2ccccc21,[39*]c1ccc2c(c1)CCCCC2=O,89,1
ROCK2,DMPK,AGC,4wot,3SG, ,A,AP,AP AP AP AP AP AP AP AP AP AP AP AP FP,16 16 16 16 16 16 16 16 16 16 5 5 na,Nc1ccncc1F,[39*]Nc1ccncc1F,90,1
JAK1,JakA,TK,4k6z,1Q3, ,A,AP,AP AP AP AP AP AP AP AP AP AP AP AP AP AP FP SE,14 14 14 14 14 14 14 14 14 14 14 14 14 14 na na,O=C1N=CCc2cncnc21,[14*]c1nc([22*])c2c(n1)C(=O)N=CC2,91,1
IRAK4,IRAK,TKL,6egd,J87,B,D,AP,AP AP AP AP AP AP AP AP AP AP SE FP,14 5 5 6 14 14 14 14 14 6 na na,NC(=O)c1cncs1,[20*]NC(=O)c1cnc([28*])s1,92,1
GSK3B,GSK,CMGC,4afj,SJJ,A,B,AP,AP AP AP AP AP AP AP AP AP AP AP AP AP SE FP,14 14 14 14 6 8 8 8 14 5 5 6 14 na na,CNC(=O)c1cocn1,[18*]c1ocnc1C(=O)NC[19*],93,1
CHK1,CAMKL,CAMK,4fsy,HK7,B,A,AP,AP AP AP AP AP AP AP AP AP AP AP AP AP AP AP AP AP AP AP AP AP AP AP AP AP FP,16 16 16 16 16 16 16 16 16 16 16 16 16 16 16 16 16 16 16 16 16 16 16 16 16 na,O=C1Nc2ccccc2Nc2ccccc21,[14*]c1ccc2c(c1)Nc1ccccc1NC2=O,94,1
CHK1,CAMKL,CAMK,1zlt,HYM, ,A,AP,AP AP AP AP AP AP AP AP AP AP AP AP AP AP AP AP AP AP AP FP,7 7 7 7 7 7 7 7 7 7 7 7 7 7 7 7 7 7 7 na,O=C1NCCCc2c1[nH]c(Cl)c2Cl,[19*]=C1CCNC(=O)c2[nH]c(Cl)c(Cl)c21,95,1
BTK,Tec,TK,3ocs,746, ,A,AP,AP AP AP AP AP AP AP AP AP AP AP AP SE FP,14 14 14 14 14 14 14 14 8 8 8 8 na na,Cn1ccncc1=O,*c1cn(C)c(=O)c([49*])n1,96,1
AurA,Aur,Other,2w1e,L0E, ,A,AP,AP AP AP AP AP AP AP AP AP AP AP FP SE,1 1 5 5 14 14 14 14 14 14 14 na na,O=CNc1cn[nH]c1,[11*]c1n[nH]cc1NC([42*])=O,97,1
AKT1,Akt,AGC,6ccy,EX4,A,A,AP,AP AP AP AP AP AP AP AP AP AP AP AP AP AP AP AP AP AP AP AP FP,14 14 14 14 14 14 14 14 14 14 14 14 14 14 14 14 14 14 14 14 na,C[C@@H]1CC(=O)Nc2ncncc21,[36*]c1ncnc2c1[C@H](C)CC(=O)N2,98,1
p38a,MAPK,CMGC,5xyx,FTZ,B,A,AP,AP AP AP AP AP AP AP AP AP AP AP AP AP AP GA,14 14 14 14 14 14 14 14 14 14 14 14 14 14 na,c1coc(-c2nc[nH]n2)c1,[14*]c1nc(-c2ccco2)n[nH]1,99,1
p38a,MAPK,CMGC,3mw1,MIH, ,A,AP,AP AP AP AP AP AP AP AP AP AP AP AP AP AP AP AP AP AP AP AP AP AP AP AP FP GA,16 16 16 16 16 16 16 16 16 16 16 16 16 16 16 16 16 16 16 16 16 16 16 16 na na,[O+]#[N+2]1[C]C=c2cccnc2=C1c1c(Cl)cccc1Cl,[5*]c1cc([35*])nc2c1=C[C][N+2](#[O+])C=2c1c(Cl)cccc1Cl,100,1
p38a,MAPK,CMGC,3hub,469, ,A,AP,AP AP AP AP AP AP AP AP AP AP AP AP AP AP AP AP AP AP AP AP AP AP AP GA SE,6 6 13 13 13 13 13 13 8 8 8 8 13 13 13 13 13 8 8 8 8 13 13 na na,C[C@H]1CN(C=O)[C@H](C)C[NH2+]1,[29*]C(=O)N1C[C@H](C)[N@H+]([53*])C[C@H]1C,101,1
p38a,MAPK,CMGC,3fmk,FMK, ,A,AP,AP AP AP AP AP AP SE,9 9 9 9 9 9 na,c1nn[nH]n1,[13*]n1ncnn1,102,1
p38a,MAPK,CMGC,3e92,G6A, ,A,AP,AP AP AP AP AP AP AP AP AP AP AP AP AP AP AP AP AP AP AP AP AP AP GA,8 8 8 8 14 14 14 14 14 16 16 16 16 16 16 16 16 8 8 8 8 16 na,Cc1cccc(-c2nnc(C)o2)c1,[30*]c1ccc(-c2nnc(C)o2)cc1C,103,1
p38a,MAPK,CMGC,2qd9,LGF, ,A,AP,AP AP AP AP AP AP AP AP AP AP AP AP AP AP AP AP AP AP SE GA,6 14 14 14 14 14 14 14 14 14 14 14 14 14 14 14 14 6 na na,O=CN1CCn2cncc2C1,[1*]C(=O)N1CCn2c(cnc2[19*])C1,104,1
TRKA,Trk,TK,5i8a,69C,A,A,AP,AP AP AP AP AP AP AP AP AP AP AP AP AP AP AP AP AP AP AP AP AP AP AP AP AP AP AP FP,11 14 14 14 14 14 14 11 11 11 11 14 14 14 14 14 14 14 14 14 14 14 14 14 14 14 14 na,CSc1sc(-c2cc[nH]n2)c2c1C(=O)NCC2,[11*][C@H]1Cc2c(-c3cc[nH]n3)sc(SC)c2C(=O)N1,105,1
TBK1,IKK,Other,5w5v,ANW, ,A,AP,AP AP AP SE,6 6 6 na,O=C[O-],[25*]C(=O)[O-],106,1
PKCt,PKC,AGC,2jed,LG8, ,A,AP,AP AP AP AP AP AP AP AP AP AP AP AP AP AP AP AP AP AP AP AP AP AP AP AP AP AP FP,7 7 7 7 7 7 7 7 7 7 7 7 7 7 7 7 7 7 7 7 7 7 7 7 7 7 na,C[N+]1=C/C(=C2/CC(=O)NC2=O)c2ccccc21,[18*]=C1C(=O)NC(=O)/C1=C1\C=[N+](C)c2ccccc21,107,1
PIM1,PIM,CAMK,5n4n,8M8,A,A,AP,AP AP AP AP AP AP AP AP AP AP AP AP AP AP AP FP,14 14 8 8 8 8 14 14 8 8 8 8 14 14 14 na,Cc1csc(C#N)c1C,[2*]c1sc(C#N)c(C)c1C,108,1
PIM1,PIM,CAMK,4bzn,UGX, ,A,AP,AP AP AP AP AP AP AP AP FP,16 16 16 16 16 16 16 16 na,c1ccsc1,[38*]c1ccsc1,109,1
PIM1,PIM,CAMK,4bzn,UGX, ,A,AP,AP AP AP AP AP AP AP AP AP AP AP AP AP AP AP AP FP,4 4 4 4 4 4 4 4 4 4 4 4 4 4 4 4 na,CC(C)(C)C,[2*]CC(C)(C)C,110,1
PDK1,PDK1,AGC,2pe0,39Z, ,A,AP,AP AP AP AP AP AP AP AP AP AP AP AP AP AP AP AP AP AP AP AP AP SE,8 8 8 8 8 8 8 8 8 8 8 8 8 8 8 8 8 8 8 3 3 na,CCC1=c2cc(O)ccc2=NC1=O,[17*][C@@H](C)C1=c2cc(O)ccc2=NC1=O,111,1
PAK4,STE20,STE,4o0y,2OO, ,A,AP,AP AP AP AP AP AP AP AP AP GA,4 4 4 4 4 4 4 5 5 na,CCN,[9*]NCC,112,1
JNK3,MAPK,CMGC,3oxi,SYY, ,A,AP,AP AP AP AP AP AP AP AP AP AP AP AP AP AP AP AP AP AP AP AP AP SE,14 14 14 5 5 6 14 3 14 8 14 14 6 3 3 3 3 8 8 8 8 na,COC(=O)c1sccc1NC(C)=O,[22*]CC(=O)Nc1ccsc1C(=O)OC,113,1
JAK2,JakA,TK,4yth,467,B,A,AP,AP AP AP AP AP AP AP AP AP AP AP AP AP AP GA,8 8 8 8 8 8 8 8 7 7 7 7 7 7 na,[H]/N=C/C(Cl)=C\CC,[5*]CC/C=C(Cl)\C=N\[H],114,1
JAK2,JakA,TK,4gfm,0X2,A,A,AP,AP AP AP AP AP AP AP AP AP AP AP AP AP FP,5 5 5 5 5 5 5 5 5 5 5 5 5 na,NC1=CC(=O)N=CC1,[5*]NC1=CC(=O)N=CC1,115,1
ITK,Tec,TK,4qd6,30T,A,A,AP,AP AP AP AP AP AP AP AP AP AP AP AP AP AP AP AP AP AP SE,15 15 15 15 15 15 15 15 15 15 15 15 15 15 15 15 3 3 na,OC1CCCCC1,[22*][C@H]1CC[C@H](O)CC1,116,1
IRAK4,IRAK,TKL,5k75,6QX,B,C,AP,AP AP AP AP AP AP AP AP AP AP AP AP AP AP AP AP AP AP AP AP AP FP,14 14 14 14 14 14 14 14 14 14 14 14 14 14 5 5 14 14 14 14 14 na,Nc1ncnc2sc3c(c12)CCC3,[11*]Nc1ncnc2sc3c(c12)CCC3,117,1
IGF1R,InsR,TK,5fxs,OZN,A,A,AP,AP AP AP AP AP AP AP AP AP AP AP SE FP,7 7 7 7 7 7 7 7 7 7 7 na na,NC1=NC=C(Cl)CN1,[4*]=C1NC(N[5*])=NC=C1Cl,118,1
HGK,STE20,STE,4zp5,4QG, ,A,AP,AP AP AP AP AP AP GA SE,14 14 14 14 14 14 na na,c1cocn1,[13*]c1ncc([20*])o1,119,1
ErbB4,EGFR,TK,3bbt,FMM, ,D,AP,AP AP AP AP AP AP AP AP AP AP AP AP AP AP AP AP AP AP AP AP GA,14 14 14 14 14 14 14 14 14 14 14 14 14 14 14 5 5 14 14 14 na,C=C1C=c2c(N)ncnc2=CC1,[17*]Nc1ncnc2c1=CC(=C)CC=2,120,1
EphA2,Eph,TK,5nk9,912,B,A,AP,AP AP AP AP AP AP AP AP AP AP AP AP AP AP AP AP AP AP AP AP AP AP GA SE,16 16 16 16 16 16 16 16 16 16 16 16 16 16 16 16 16 16 16 16 6 6 na na,O=C[C@H]1CN/C(=N/c2ccccc2)S1,[23*]c1cccc(/N=C2/NC[C@H](C([47*])=O)S2)c1,121,1
CaMKK2,CAMKK,Other,5yva,91X, ,A,AP,AP AP AP AP AP AP AP AP AP AP AP AP AP AP AP AP AP AP AP AP AP AP AP AP GA,16 16 16 16 16 16 16 16 16 16 16 16 16 16 16 16 16 16 16 16 16 16 16 16 na,O=C1c2ccccc2S(=O)(=O)c2ccccc21,[17*]c1ccc2c(c1)S(=O)(=O)c1ccccc1C2=O,122,1
CaMKK2,CAMKK,Other,5yv9,91O, ,A,AP,AP AP AP AP AP AP AP AP GA SE,6 6 6 6 6 6 6 6 na na,N/C=C\C=O,[16*]C(=O)/C=C\N[28*],123,1
CK2a2,CK2,CMGC,3e3b,CCK, ,X,AP,AP AP AP AP AP AP AP AP AP AP AP AP AP AP AP AP GA FP,14 14 14 14 14 14 14 14 9 9 9 9 9 9 9 9 na na,c1ccn(-c2cnccn2)c1,[8*]c1cncc(-n2ccc([41*])c2)n1,124,1
CK2a1,CK2,CMGC,5m4c,7EY,A,A,AP,AP AP AP AP AP AP AP AP AP AP AP AP GA FP,16 16 16 16 16 11 16 16 16 16 16 16 na na,Sc1ncnc2sccc12,[11*]Sc1ncnc2scc([21*])c12,125,1
CK2a1,CK2,CMGC,5m44,7EY, ,A,AP,AP AP AP AP AP AP AP AP AP AP FP,4 4 4 4 4 4 4 4 4 11 na,O=C([O-])CCS,[2*]SCCC(=O)[O-],126,1
CK2a1,CK2,CMGC,3axw,TID, ,A,AP,AP AP AP AP AP AP AP AP GA,14 14 14 14 14 5 5 5 na,Nc1nncs1,[2*]c1nnc(N)s1,127,1
CDK8,CDK,CMGC,5icp,69Z,A,A,AP,AP AP AP AP AP AP AP AP AP AP AP AP AP AP AP FP,14 14 8 8 8 8 6 6 14 14 14 14 14 14 14 na,Cc1ncc2sc(C=O)nn12,[18*]C(=O)c1nn2c(C)ncc2s1,128,1
CDK2,CDK,CMGC,6q4i,HGK,A,A,AP,AP AP AP AP AP AP AP AP AP AP AP AP FP,3 3 3 3 3 3 3 3 3 3 3 3 na,O=C1CC(O)=CC=N1,[4*]OC1=CC=NC(=O)C1,129,1
CDK2,CDK,CMGC,4d1z,WG8, ,A,AP,AP AP AP AP AP AP AP AP AP AP AP AP AP AP AP AP AP AP AP AP AP AP AP AP GA,13 13 13 13 13 13 13 13 13 13 13 13 13 13 13 13 13 13 13 13 13 13 13 13 na,[O-]c1cccc2ccc(C3=NCCS3)nc12,[24*][C@H]1CSC(c2ccc3cccc([O-])c3n2)=N1,130,1
AurA,Aur,Other,3fdn,MMH, ,A,AP,AP AP AP AP FP SE,5 5 6 6 na na,NC=O,[17*]NC([22*])=O,131,1
AKT1,Akt,AGC,4ekl,0RF, ,A,AP,AP AP AP AP AP AP AP AP AP AP AP AP AP AP AP AP AP AP AP AP FP,14 14 14 14 14 14 14 14 14 14 14 14 14 14 14 14 14 14 14 14 na,C[C@@H]1C[C@@H](O)c2ncncc21,[14*]c1ncnc2c1[C@H](C)C[C@H]2O,132,1
AKT1,Akt,AGC,3ow4,SMY, ,B,AP,AP AP AP AP AP AP AP AP AP AP AP AP AP AP AP AP AP FP,14 14 14 14 14 14 14 14 14 14 14 14 14 14 14 14 14 na,C[C@@H]1SCc2ncncc21,[17*]c1ncnc2c1[C@H](C)SC2,133,1
CHK1,CAMKL,CAMK,3ot8,MI5,A,A,FP,FP FP FP FP FP FP FP FP FP FP FP FP FP FP FP FP FP AP,15 15 15 15 15 15 15 15 15 15 15 15 15 15 15 15 15 na,C1CC[NH2+]CC1,[7*][C@@H]1CCC[NH2+]C1,1,62
CDK8,CDK,CMGC,4f7s,0SW,A,A,FP,FP FP FP FP FP FP FP FP FP FP FP FP FP FP FP FP FP FP FP AP,5 5 8 8 8 8 8 8 16 16 16 16 16 16 16 16 16 16 16 na,NCCc1ccccc1,[2*]NCCc1ccccc1,2,33
JAK3,JakA,TK,4hvi,19S, ,A,FP,FP FP FP FP FP FP FP FP FP FP FP FP FP FP FP FP FP FP FP FP FP FP FP FP FP FP AP,5 5 5 5 5 5 5 5 5 5 5 5 5 5 5 5 5 5 4 4 4 4 4 4 4 4 na,C[C@@H](N)C(=O)N1CCCCC1,[28*]N[C@H](C)C(=O)N1CCCCC1,3,29
MAPKAPK2,MAPKAPK,CAMK,3kga,LX9,A,A,FP,FP FP FP FP FP FP FP FP FP FP FP FP FP FP FP FP FP FP FP AP,16 16 16 16 16 16 16 16 16 16 16 16 16 16 16 16 16 16 16 na,O=C1NCCc2ccccc21,[3*]c1ccc2c(c1)CCNC2=O,4,27
CDK2,CDK,CMGC,4bgh,3I6,A,A,FP,FP FP FP FP FP FP FP FP FP FP FP FP FP AP,3 3 4 4 4 4 4 4 4 4 4 5 5 na,C[C@@H](N)CO,[13*]N[C@H](C)CO,5,19
DYRK1A,DYRK,CMGC,6eil,B6B, ,A,FP,FP FP FP FP FP FP FP FP FP FP FP FP FP FP FP FP FP AP,3 3 3 3 3 16 16 16 16 16 16 5 5 5 16 16 16 na,COc1ccc(N)cc1,[17*]c1cc(N)ccc1OC,6,16
TGFbR1,STKR,TKL,3hmm,855, ,A,FP,FP FP FP FP FP FP FP FP FP FP FP FP FP FP AP GA,14 14 14 14 14 14 14 14 14 14 14 14 14 14 na na,c1ccc2ncncc2c1,[11*]c1nc([37*])c2ccccc2n1,7,16
AurA,Aur,Other,2w1c,L0C, ,A,FP,FP FP FP FP FP FP FP FP FP FP FP FP FP AP,16 16 16 16 16 16 16 16 16 16 16 6 6 na,O=Cc1ccc(F)cc1,[13*]C(=O)c1ccc(F)cc1,8,15
CDK2,CDK,CMGC,2v0d,C53, ,A,FP,FP FP FP FP FP FP FP FP FP FP FP FP AP,7 7 7 7 7 7 7 7 7 7 7 7 na,Cc1ccccn1,[12*]=Cc1ccccn1,9,14
SYK,Syk,TK,4xg3,X3G, ,B,FP,FP FP FP FP FP FP FP FP FP FP FP FP FP FP FP FP FP FP AP,8 8 8 5 5 5 5 5 5 5 5 5 5 5 5 5 3 3 na,C[N@H+]1CC[C@@H](O)C1,[44*]C[N@H+]1CC[C@@H](O)C1,10,13
CHK1,CAMKL,CAMK,2r0u,M54, ,A,FP,FP FP FP FP FP FP FP FP FP FP FP FP FP AP,8 8 8 8 8 8 8 8 8 5 5 5 5 na,CCC[NH3+],[9*]CCC[NH3+],11,13
CDK8,CDK,CMGC,5idp,6A6,A,A,FP,FP FP FP FP FP FP FP FP FP FP FP FP FP FP FP FP FP FP FP FP FP FP FP FP FP FP AP,16 16 16 16 16 16 16 16 16 16 13 13 13 13 13 13 13 13 16 13 13 13 13 13 13 13 na,Fc1ccc([C@@H]2CCCCN2)cc1,[18*]N1CCCC[C@H]1c1ccc(F)cc1,12,13
SYK,Syk,TK,4dfn,0K1,B,A,FP,FP FP FP FP FP FP FP FP FP FP FP FP FP FP FP FP FP FP FP FP FP FP FP FP FP FP FP FP AP,15 15 15 15 15 15 15 15 15 15 15 15 5 5 15 15 15 3 3 15 15 15 15 15 15 15 15 15 na,N[C@@H]1[C@H]2C[C@H]3C[C@@H]1C[C@](O)(C3)C2,[37*]N[C@@H]1[C@H]2C[C@H]3C[C@@H]1C[C@](O)(C3)C2,13,12
PIM1,PIM,CAMK,2xj2,985,A,A,FP,FP FP FP FP FP FP FP FP FP FP FP FP FP FP FP FP FP FP FP FP FP FP AP,5 5 5 5 5 5 5 5 5 5 5 5 5 5 5 5 5 5 5 5 5 5 na,C[N@H+]1CCCNCC1,[2*]N1CCC[N@H+](C)CC1,14,10
CK1d,CK1,CK1,4kb8,1QN,B,A,FP,FP FP FP FP FP FP FP FP FP FP GA AP,16 16 16 8 8 8 8 16 16 16 na na,Cn1cccn1,[4*]c1cn(C)nc1[21*],15,10
PIM1,PIM,CAMK,6pdi,OCJ, ,A,FP,FP FP FP FP FP FP FP FP FP FP FP FP FP FP FP FP FP FP AP,5 5 8 8 8 16 16 16 16 16 16 16 16 16 16 5 5 5 na,NCc1cccc(N)c1,[2*]NCc1cccc(N)c1,16,9
ALK,ALK,TK,4fob,0US, ,A,FP,FP FP FP FP FP FP FP FP FP FP FP FP FP FP FP FP FP FP FP FP FP SE,15 15 15 15 15 15 15 15 15 15 15 15 15 15 15 15 8 8 8 3 3 na,OCC1CCCCC1,[58*][C@H]1CC[C@@H](CO)CC1,17,9
AurA,Aur,Other,3e5a,VX6, ,A,FP,FP FP FP FP FP FP FP FP FP FP FP FP FP FP GA SE,16 16 16 16 16 16 16 16 16 16 5 5 6 6 na na,O=CNc1ccccc1,[39*]c1ccc(NC([54*])=O)cc1,18,9
CDK2,CDK,CMGC,2iw6,QQ2, ,A,FP,FP FP FP FP FP FP FP FP FP FP FP FP FP FP AP,16 16 16 16 16 16 16 16 16 16 8 8 8 8 na,Cc1ccc(Cl)cc1,[24*]c1cc(C)ccc1Cl,19,8
JNK3,MAPK,CMGC,3tti,KBI, ,A,FP,FP FP FP FP FP FP FP FP FP FP FP FP AP,15 15 15 15 15 15 15 15 15 15 15 15 na,C1CCOC1,[11*][C@H]1CCOC1,20,8
CDK5,CDK,CMGC,1ung,ALH, ,A,FP,FP FP FP FP FP FP FP FP FP FP FP FP FP AP,8 8 8 8 8 8 8 8 8 8 8 8 8 na,CCCC,[23*]CCCC,21,8
JNK3,MAPK,CMGC,6emh,BGE,B,B,FP,FP FP FP FP FP FP FP FP FP FP FP AP,14 14 14 14 14 14 14 8 8 8 8 na,Cc1c[nH]cn1,[20*]c1[nH]cnc1C,22,8
MRCKb,DMPK,AGC,5ote,AQE, ,A,FP,FP FP FP FP FP FP FP FP FP FP FP FP FP FP FP FP FP FP FP FP FP FP FP FP FP FP FP FP FP AP,5 5 5 5 5 5 5 5 5 5 5 5 5 5 5 5 5 5 5 5 5 5 5 5 5 5 5 5 5 na,C1CC[C@@]2(CCCNC2)[NH2+]C1,[19*]N1CCC[C@@]2(CCCC[NH2+]2)C1,23,7
ULK1,ULK,Other,6mnh,JVD,A,A,FP,FP FP FP FP FP FP FP FP FP FP FP FP FP FP FP FP FP FP FP FP AP,6 4 4 4 4 4 4 4 4 4 4 4 4 4 4 4 4 5 5 6 na,CC(C)[C@@H](C)NC=O,[6*]C(=O)N[C@H](C)C(C)C,24,7
MET,Met,TK,3qti,3QT,A,A,FP,FP FP FP FP FP FP FP FP FP FP FP FP FP FP FP FP FP FP FP FP FP FP FP AP,14 14 16 16 14 14 14 16 16 16 16 16 8 8 8 8 14 14 14 14 14 14 14 na,Cn1cc(-c2ccc3nccn3n2)cn1,[10*]c1cnc2ccc(-c3cnn(C)c3)nn12,25,7
CDK2,CDK,CMGC,1pxn,CK6,A,A,FP,FP FP FP FP FP FP FP FP FP FP FP FP FP FP FP AP,8 8 8 8 14 14 14 5 5 5 5 5 5 14 14 na,CNc1nc(C)cs1,[15*]c1sc(NC)nc1C,26,7
RIPK2,RIPK,TKL,5ar4,SB2, ,A,FP,FP FP FP FP FP FP FP FP FP FP FP FP FP FP FP FP FP FP FP FP FP FP GA AP,16 16 16 16 16 16 16 16 16 16 16 16 16 16 16 16 14 14 14 14 14 14 na na,C[S@@](=O)c1ccc(-c2ncc[nH]2)cc1,[21*]c1[nH]c(-c2ccc([S@@](C)=O)cc2)nc1[41*],27,6
MAP3K5,STE11,STE,6e2m,KK7, ,A,FP,FP FP FP FP FP FP FP FP FP FP AP,14 14 14 14 14 14 8 8 8 8 na,Cn1cnnc1,[16*]c1nncn1C,28,6
CK1d,CK1,CK1,3uyt,0CK, ,B,FP,FP FP FP FP FP FP FP FP FP FP FP FP FP FP FP FP FP FP FP FP FP FP FP AP GA,14 14 14 14 14 14 15 15 15 15 15 15 15 15 15 15 15 15 15 15 15 15 15 na na,c1cn(C2CCCCC2)cn1,[13*]c1c([41*])ncn1C1CCCCC1,29,6
CDK2,CDK,CMGC,3ig7,EFP, ,A,FP,FP FP FP FP FP FP FP FP GA,5 5 1 1 1 1 1 1 na,CC(N)=O,[34*]NC(C)=O,30,5
CHK1,CAMKL,CAMK,2brh,DFW,B,A,FP,FP FP FP FP FP FP AP,4 4 4 4 4 4 na,CC(=O)[O-],[26*]CC(=O)[O-],31,5
CDK2,CDK,CMGC,4acm,7YG,B,A,FP,FP FP FP FP FP FP FP FP FP FP FP FP AP,5 5 16 16 16 16 16 16 16 16 16 16 na,Nc1cccnc1,[38*]Nc1cccnc1,32,5
FGFR1,FGFR,TK,4f64,0S8,B,B,FP,FP FP FP FP FP FP FP FP FP FP FP FP FP FP FP SE,5 5 8 8 8 14 14 14 14 8 8 8 8 14 14 na,Cc1cc(CN)on1,[22*]NCc1cc(C)no1,33,5
Erk2,MAPK,CMGC,5nhv,8QB, ,A,FP,FP FP FP FP FP FP FP FP FP FP FP FP FP FP FP FP FP AP,16 16 16 16 16 16 16 16 16 16 16 16 16 16 16 16 16 na,O=C1NCCn2cccc21,[3*]c1cc2n(c1)CCNC2=O,34,5
BTK,Tec,TK,4otr,2V3, ,A,FP,FP FP FP FP FP FP FP FP FP FP FP FP FP FP FP FP FP FP FP FP FP FP FP FP FP FP FP FP FP FP X-B2 AP,16 16 16 16 16 16 16 16 16 16 16 16 16 16 16 16 16 16 16 16 16 16 16 16 8 8 8 3 3 16 na na,O=c1c2c(F)cccc2ccn1-c1ccccc1CO,[3*]c1cccc(-n2ccc3cc([45*])cc(F)c3c2=O)c1CO,35,5
CHK1,CAMKL,CAMK,2ym4,4YM,B,A,FP,FP FP FP FP FP FP FP FP FP FP FP FP FP FP FP FP FP FP FP FP AP,13 13 13 13 13 13 13 13 13 13 8 8 8 5 5 5 5 13 13 13 na,[NH3+]C[C@@H]1CNCCO1,[32*]N1CCO[C@H](C[NH3+])C1,36,4
CLK1,CLK,CMGC,6i5k,H3H,A,C,FP,FP FP FP FP FP FP FP FP FP FP FP SE,3 4 4 4 4 4 4 4 4 4 4 na,CC(C)O,[32*]OC(C)C,37,4
ALK,ALK,TK,4cnh,3U9, ,B,FP,FP FP FP FP FP FP FP FP FP FP FP FP FP FP FP FP FP FP FP FP FP AP,16 16 16 16 16 16 16 16 16 8 8 8 8 3 3 3 3 8 8 3 16 na,CCc1cc(F)ccc1OC,[41*][C@H](C)c1cc(F)ccc1OC,38,4
TGFbR1,STKR,TKL,1rw8,580, ,A,FP,FP FP FP FP FP FP FP FP FP FP FP FP FP FP GA AP,16 16 16 16 16 16 16 16 16 16 16 16 16 16 na na,c1cc2n(n1)CCC2,[14*]c1nn2c(c1[15*])CCC2,39,4
SYK,Syk,TK,5ghv,X5G, ,B,FP,FP FP FP FP FP FP FP FP FP FP FP FP FP FP FP FP FP FP FP FP FP FP FP FP FP FP AP,9 9 9 9 9 9 8 8 8 8 9 8 8 8 5 5 5 5 5 5 5 5 5 5 3 3 na,Cc1c[nH]cc1C[N@H+]1C[C@H](O)C1,*n1cc(C)c(C[N@H+]2C[C@H](O)C2)c1,40,4
p38a,MAPK,CMGC,1yqj,6NP, ,A,FP,FP FP FP FP FP FP FP FP FP FP FP FP FP FP FP FP FP FP FP FP FP FP FP FP FP SE GA AP,16 16 16 16 16 16 16 8 8 8 13 13 13 13 13 13 13 13 13 13 13 13 13 13 13 na na na,C[C@H]1CN(c2cccnn2)CC[NH2+]1,[5*]c1cc(N2CC[NH2+][C@@H](C[30*])C2)nnc1[31*],41,4
CDK2,CDK,CMGC,2uzb,C75,D,A,FP,FP FP FP FP FP FP FP FP FP AP,7 7 7 7 7 7 7 7 7 na,[H]/N=C1\NC(=O)CS1,[26*]=C1S/C(=N/[H])NC1=O,42,4
SYK,Syk,TK,5cxh,55M, ,A,FP,FP FP FP FP FP FP FP FP FP FP FP FP FP FP FP FP FP FP FP AP,15 15 15 15 15 15 15 15 15 8 8 8 8 8 8 15 15 15 3 na,C[C@@H](O)[C@H]1CNC(=O)C1,[37*]O[C@H](C)[C@H]1CNC(=O)C1,43,3
JAK2,JakA,TK,4bbf,O19, ,C,FP,FP FP FP FP FP FP FP FP FP FP FP FP FP FP FP FP FP FP FP FP FP FP FP FP FP FP FP FP AP,6 6 13 13 13 13 13 13 13 13 13 13 13 13 13 13 5 5 16 16 16 16 16 16 16 16 16 16 na,O=C(Nc1ccccc1)[C@H]1CCC[NH2+]1,[28*]c1ccc(NC(=O)[C@H]2CCC[NH2+]2)cc1,44,3
PIM1,PIM,CAMK,6no9,KUV, ,A,FP,FP FP FP FP FP FP FP FP FP FP FP FP FP FP FP FP FP FP FP FP FP FP GA,15 15 15 15 15 15 15 15 15 15 15 15 15 15 15 15 15 15 5 5 5 5 na,[NH3+][C@@H]1CCNCC[C@H]1F,[28*]N1CC[C@@H]([NH3+])[C@H](F)CC1,45,3
Erk2,MAPK,CMGC,1tvo,FRZ, ,A,FP,FP FP FP FP FP FP FP FP FP FP FP FP FP GA AP,16 16 16 16 16 16 16 16 16 16 16 16 16 na na,c1ccn2nccc2c1,[13*]c1c([14*])nn2ccccc12,46,3
ROCK1,DMPK,AGC,3ndm,3ND, ,B,FP,FP FP FP FP FP FP FP FP FP FP FP FP FP FP FP FP FP FP FP FP FP FP FP FP FP FP FP FP AP,5 5 6 15 15 15 15 15 15 15 15 15 15 15 15 15 16 16 16 16 16 16 16 16 16 16 16 6 na,NC(=O)[C@@H]1C[NH2+]C[C@H]1c1ccc(Cl)cc1,[12*]NC(=O)[C@@H]1C[NH2+]C[C@H]1c1ccc(Cl)cc1,47,3
p70S6K,RSK,AGC,3wf5,FZ8,B,A,FP,FP FP FP FP FP FP FP FP FP FP FP FP FP FP FP FP FP FP FP FP FP FP FP FP FP FP FP FP FP AP,15 15 15 15 15 15 15 15 15 14 14 14 14 14 14 14 14 14 14 14 14 14 14 15 15 15 15 15 15 na,c1ccc2[nH]c(C3CCNCC3)nc2c1,[4*]N1CCC(c2nc3ccccc3[nH]2)CC1,48,3
CDK2,CDK,CMGC,2c5y,MTW,B,A,FP,FP FP FP FP FP FP FP FP FP FP FP FP FP FP FP FP FP FP FP FP AP,9 9 9 9 9 9 9 8 8 8 16 16 16 16 16 16 16 16 16 16 na,c1ccc(Cn2cncn2)cc1,[20*]c1cccc(Cn2cncn2)c1,49,3
TRKA,Trk,TK,6j5l,B9C,B,A,FP,FP FP FP FP FP FP FP FP FP FP FP FP FP FP FP FP FP FP FP FP FP FP AP,8 8 8 16 16 16 16 16 16 16 16 16 16 5 5 12 12 12 12 12 12 12 na,Cc1ccccc1NS(C)(=O)=O,[38*]Cc1ccccc1NS(C)(=O)=O,50,3
JAK3,JakA,TK,6glb,F48,B,B,FP,FP FP FP FP FP FP FP FP SE,8 8 8 8 8 8 8 8 na,CCC#N,[15*]CCC#N,51,3
INSR,InsR,TK,3ekk,GS2,A,A,FP,FP FP FP FP FP FP FP FP FP FP SE,5 5 5 5 5 5 5 5 5 5 na,C[NH2+]C,[45*][NH+](C)C,52,3
CDK2,CDK,CMGC,3bhv,VAR,B,A,FP,FP FP FP FP FP FP FP FP FP FP FP AP,14 14 14 14 14 14 14 14 5 5 5 na,Nc1ncccn1,[20*]c1ccnc(N)n1,53,3
TYK2-b,JakB,TK,6nzp,LB7,A,B,FP,FP FP FP FP FP FP FP FP FP FP FP FP FP FP FP FP FP FP FP FP FP FP FP FP AP,8 8 8 8 14 14 3 3 3 3 14 16 16 16 16 16 16 16 16 16 3 14 14 14 na,COc1ccccc1-c1ncn(C)n1,[29*]c1cccc(-c2ncn(C)n2)c1OC,54,3
TBK1,IKK,Other,4euu,BX7,A,B,FP,FP FP FP FP FP FP FP FP FP FP FP FP FP FP FP FP FP FP FP FP FP AP,14 6 5 5 4 4 4 4 4 4 4 4 4 6 14 14 14 14 14 14 14 na,CCCNC(=O)c1cccs1,[7*]CCCNC(=O)c1cccs1,55,3
PIM1,PIM,CAMK,5o13,9G5,A,A,FP,FP FP FP FP FP FP FP FP FP AP SE,14 14 14 14 14 14 14 14 14 na na,Cc1ccco1,[32*]=Cc1ccc([37*])o1,56,3
JAK1,JakA,TK,5khx,6TE,B,A,FP,FP FP FP FP FP FP FP FP FP FP FP FP FP FP FP FP FP FP FP FP FP FP FP FP AP,15 15 5 5 12 12 12 12 5 5 5 5 5 15 15 15 15 15 15 15 15 12 12 12 na,CN[C@H]1C[C@@H](NS(C)(=O)=O)C1,[5*]N(C)[C@H]1C[C@@H](NS(C)(=O)=O)C1,57,3
GSK3B,GSK,CMGC,3zrm,ZRM,B,A,FP,FP FP FP FP FP FP FP FP FP FP FP FP FP FP FP FP FP FP FP FP FP FP FP FP FP AP,16 16 16 16 16 16 16 16 16 16 16 16 16 16 16 16 16 16 16 16 16 16 3 3 16 na,O=c1[nH]cc(-c2ccc(O)cc2)c2sccc12,[18*]c1cc2c(=O)[nH]cc(-c3ccc(O)cc3)c2s1,58,3
Erk2,MAPK,CMGC,6gjb,F0H,B,A,FP,FP FP FP FP FP FP FP FP FP FP FP FP FP FP FP FP FP X-B2 AP,8 8 8 8 8 16 16 16 16 16 16 16 3 3 16 16 16 na na,O=c1ccccn1CCO,[19*]c1ccn([C@@H]([44*])CO)c(=O)c1,59,3
PIM1,PIM,CAMK,4mbi,26K, ,A,FP,FP FP FP FP FP FP FP FP FP FP FP FP FP FP FP FP AP,5 5 4 4 4 5 5 5 5 5 5 5 5 4 4 4 na,CC[NH+](C)C,[26*]CC[NH+](C)C,60,2
PIM1,PIM,CAMK,6mt0,JYG, ,A,FP,FP FP FP FP FP FP FP FP FP FP FP FP FP AP,5 5 15 8 8 8 8 15 15 15 15 15 15 na,CC1(N)CC1,[28*]NC1(C)CC1,61,2
IGF1R,InsR,TK,3nw5,LGX, ,A,FP,FP FP FP FP FP FP FP FP FP FP FP FP FP FP FP FP FP FP FP FP FP FP FP FP SE,13 13 13 13 13 13 13 13 13 13 13 13 6 6 16 16 16 16 16 16 16 16 16 16 na,O=C(c1ccc(F)nc1)N1CCCC1,[9*][C@H]1CCCN1C(=O)c1ccc(F)nc1,62,2
CDK2,CDK,CMGC,1h07,MFQ,B,A,FP,FP FP FP FP FP FP FP FP FP FP FP FP FP FP AP,16 16 16 16 16 16 16 16 16 8 8 8 8 16 na,Cc1cccc(Br)c1,[28*]c1ccc(C)cc1Br,63,2
CDK2,CDK,CMGC,1h00,FCP,B,A,FP,FP FP FP FP FP FP FP FP FP FP FP FP FP AP,5 5 16 16 16 16 16 16 16 16 16 16 16 na,Nc1c(F)cccc1F,[7*]Nc1c(F)cccc1F,64,2
PLK1,PLK,Other,4a4l,939, ,A,FP,FP FP FP FP FP FP FP FP FP FP FP FP FP FP FP FP AP,14 14 14 14 14 14 14 6 5 5 5 6 8 8 8 8 na,Cn1ccc(C(N)=O)c1,[3*]c1cc(C(N)=O)cn1C,65,2
ITK,Tec,TK,3mj2,MJG, ,A,FP,FP FP FP FP FP FP FP FP FP FP FP FP FP FP FP FP FP FP FP FP FP FP FP FP FP FP FP FP FP FP FP FP FP SE AP,16 16 16 16 16 16 16 16 3 3 3 3 3 6 5 6 5 5 5 5 5 5 5 5 5 5 5 5 5 8 8 8 8 na na,COc1cc(C)ccc1C(=O)N1CCNCC1,[29*]N1CCN(C(=O)c2cc([35*])c(C)cc2OC)CC1,66,2
CDK8,CDK,CMGC,5fgk,5XG,B,A,FP,FP FP FP FP FP FP FP FP FP FP FP FP FP FP FP FP AP,16 16 16 16 16 16 16 5 5 5 16 16 16 16 16 16 na,Nc1[nH]nc2ccccc12,[7*]c1ccc2c(N)[nH]nc2c1,67,2
CDK2,CDK,CMGC,6gva,FCQ,B,A,FP,FP FP FP FP FP FP FP FP FP FP FP AP,4 4 4 4 4 4 11 5 5 5 5 na,[NH3+]CCS,[8*]SCC[NH3+],68,2
MET,Met,TK,5hoa,63K, ,A,FP,FP FP FP FP FP FP FP FP FP FP FP FP AP SE,14 14 14 14 14 14 14 14 14 14 14 11 na na,Sc1nnc2cccnn12,[18*]c1ccc2nnc(S[22*])n2n1,69,2
DYRK2,DYRK,CMGC,5lxc,7AA,A,A,FP,FP FP FP FP FP FP FP FP FP FP FP FP FP AP,16 16 16 16 16 16 16 16 16 16 16 5 5 na,Nc1ccc(Cl)cc1Cl,[2*]Nc1ccc(Cl)cc1Cl,70,2
JAK2,JakA,TK,3tjc,0TP, ,A,FP,FP FP FP FP FP FP FP FP FP FP FP FP FP FP FP FP FP FP FP FP FP FP FP FP AP,5 5 5 5 16 16 5 5 5 5 5 5 5 16 16 5 5 5 16 16 16 16 16 16 na,c1ccc(N2CCOCC2)cc1,[35*]c1ccc(N2CCOCC2)cc1,71,2
CDK2,CDK,CMGC,3r9n,Z68,B,A,FP,FP FP FP FP FP FP FP FP FP FP FP FP FP AP,16 16 16 16 16 16 16 16 16 16 16 16 16 na,[O+]#[N+2]([O-])c1ccccc1,[21*]c1cccc([N+2](#[O+])[O-])c1,72,2
JAK2,JakA,TK,4p7e,2HB, ,A,FP,FP FP FP FP FP FP FP FP FP FP FP FP FP FP FP FP FP FP FP FP FP FP FP FP FP FP FP FP FP FP AP,16 5 5 5 5 5 5 5 5 5 5 5 5 8 8 8 16 16 16 16 16 16 16 16 16 5 5 5 5 5 na,O=S1(=O)CC[NH+](Cc2ccccc2)CC1,[25*]c1ccc(C[NH+]2CCS(=O)(=O)CC2)cc1,73,2
CHK1,CAMKL,CAMK,2cgw,3C3, ,A,FP,FP FP FP FP FP FP FP FP FP FP FP FP FP FP FP AP GA,14 14 14 8 8 8 8 8 8 8 8 8 8 14 14 na na,CCCn1cncn1,[7*]c1nc([23*])nn1CCC,74,2
BRAF,RAF,TKL,3ppj,FOI, ,B,FP,FP FP FP FP FP FP FP AP,6 6 3 3 3 3 3 na,COC=O,[10*]C(=O)OC,75,2
PAK4,STE20,STE,5bms,4T6, ,A,FP,FP FP FP FP FP FP FP FP FP FP FP FP FP FP FP FP FP SE,16 16 16 8 8 8 16 16 16 16 16 16 16 16 16 16 16 na,Cc1ccc2nc[nH]c2c1Cl,[19*]Cc1ccc2nc[nH]c2c1Cl,76,2
JAK2,JakA,TK,3lpb,NVB,A,B,FP,FP FP FP FP FP FP FP FP FP FP FP FP FP FP FP FP FP FP FP AP,16 16 16 5 5 5 5 5 5 16 16 16 16 16 16 16 16 16 16 na,CNS(=O)(=O)c1ccccc1,[19*]c1ccc(S(=O)(=O)NC)cc1,77,2
HCK,Src,TK,4lud,SK8, ,B,FP,FP FP FP FP FP FP FP FP FP FP FP FP GA AP,14 14 14 14 14 14 14 14 14 14 14 14 na na,c1cn2c(n1)SCC2,[9*]c1nc2n(c1[22*])CCS2,78,2
FGFR1,FGFR,TK,6mzq,TZ0,A,A,FP,FP FP FP FP FP FP FP SE,1 1 1 1 1 1 1 na,C=CC=O,[45*]C(=O)C=C,79,2
CHK1,CAMKL,CAMK,2ghg,A53, ,A,FP,FP FP FP FP FP FP FP FP FP FP FP FP FP FP FP FP FP FP FP FP FP FP X-FP AP,16 16 16 16 16 16 16 16 16 3 8 8 8 8 8 8 8 8 5 5 5 5 na na,C[C@H]([NH3+])COc1cccnc1,[22*]c1cncc(OC[C@@H]([NH3+])C[47*])c1,80,2
CDK8,CDK,CMGC,5hbe,5Y6,B,A,FP,FP FP FP FP FP FP FP FP FP FP FP FP FP FP FP FP FP FP FP FP FP FP AP,5 5 5 5 5 5 5 5 5 5 5 5 5 5 5 5 5 5 5 5 5 5 na,O=C1NCC2(CCNCC2)O1,[11*]N1CCC2(CC1)CNC(=O)O2,81,2
CDK2,CDK,CMGC,3r8u,Z31,B,A,FP,FP FP FP FP FP FP FP FP FP FP FP FP FP FP FP FP FP AP,16 16 16 16 16 16 16 16 16 16 16 16 16 16 16 16 16 na,c1ccc2ccccc2c1,[18*]c1ccc2ccccc2c1,82,2
BRAF,RAF,TKL,4xv2,P06, ,A,FP,FP FP FP FP FP FP FP FP FP FP FP FP FP FP FP FP FP FP AP GA,14 14 14 14 14 8 8 8 8 8 8 8 8 8 8 8 8 8 na na,CC(C)(C)c1nccs1,[1*]c1sc(C(C)(C)C)nc1[29*],83,2
SYK,Syk,TK,4yjq,4DK,A,A,FP,FP FP FP FP FP FP FP FP FP FP SE,8 8 8 8 14 14 14 14 14 14 na,Cc1cocn1,[10*]c1ocnc1C,84,2
JNK1,MAPK,CMGC,4izy,1J2, ,A,FP,FP FP FP FP FP FP FP FP FP FP FP FP FP FP FP FP FP FP FP FP FP FP FP FP FP FP FP FP FP FP FP FP FP FP FP FP AP,9 9 9 9 9 9 9 9 9 9 9 9 9 9 5 5 5 5 5 5 5 5 5 5 5 5 5 5 5 5 5 5 5 5 5 5 na,CS(=O)(=O)C1CCN(c2cccc3[nH]ccc23)CC1,[3*]n1ccc2c(N3CCC(S(C)(=O)=O)CC3)cccc21,85,2
JAK2,JakA,TK,3zmm,F9J,B,B,FP,FP FP FP FP FP FP FP FP FP FP FP FP FP FP FP FP SE,3 8 8 8 8 8 8 14 14 14 14 14 14 14 14 14 na,C[C@H](O)c1ncc(F)cn1,[17*]O[C@@H](C)c1ncc(F)cn1,86,2
CHK2,RAD53,CAMK,4bdh,WVI, ,A,FP,FP FP FP FP FP FP FP FP AP,14 14 14 14 14 14 14 14 na,c1ccsc1,[8*]c1cccs1,87,2
CHK1,CAMKL,CAMK,5opb,A1N,A,A,FP,FP FP FP FP FP FP FP FP FP FP FP FP AP,3 15 8 8 8 8 15 15 15 15 15 15 na,CC1(O)CC1,[38*]OC1(C)CC1,88,1
EGFR,EGFR,TK,4rj7,3R1,A,A,FP,FP FP FP FP FP FP FP FP FP FP FP FP FP FP FP AP,5 5 6 6 16 16 16 16 16 16 16 16 16 16 16 na,NC(=O)c1c(Cl)cccc1Cl,[29*]NC(=O)c1c(Cl)cccc1Cl,89,1
TTK,TTK,Other,5nad,8RH, ,A,FP,FP FP FP FP FP FP FP FP FP FP FP FP FP FP FP FP AP,3 16 16 16 3 3 3 3 3 16 16 16 16 16 16 16 na,COc1ccc(O)c(F)c1F,*Oc1ccc(OC)c(F)c1F,90,1
BTK,Tec,TK,6bik,DTJ,B,A,FP,FP FP FP FP FP FP FP FP FP FP FP FP FP FP FP FP FP FP FP FP FP FP FP FP FP FP FP X-B2 AP,16 16 16 16 6 16 16 16 16 16 16 16 6 5 5 16 16 16 16 16 16 16 16 8 8 8 8 na na,O=C(Nc1ccccc1C[O-])c1ccccc1,[24*]c1ccc(C(=O)Nc2cccc([40*])c2C[O-])cc1,91,1
BTK,Tec,TK,6e4f,HRA,A,A,FP,FP FP FP FP FP FP FP FP FP FP FP FP FP FP FP FP FP FP FP AP,13 13 13 13 13 13 13 13 13 13 13 8 8 8 3 3 13 13 13 na,OC[C@@H]1CCCCO1,[32*][C@@H]1CC[C@@H](CO)OC1,92,1
JAK1,JakA,TK,4ivb,1J5,B,B,FP,FP FP FP FP FP FP FP FP FP FP FP FP FP FP FP FP FP FP AP,15 15 15 15 15 15 15 15 15 15 15 15 15 15 15 15 15 15 na,N#CC1CCCCC1,[9*][C@H]1CC[C@H](C#N)CC1,93,1
Wee1,WEE,Other,5vd4,99J, ,A,FP,FP FP FP FP FP FP FP FP FP FP FP FP FP FP FP FP AP,14 14 14 14 14 14 14 14 14 8 8 8 8 8 8 8 na,[O-][C@@H](c1ccccn1)C(F)(F)F,[46*]c1cccc([C@H]([O-])C(F)(F)F)n1,94,1
MNK2,MAPKAPK,CAMK,6cjy,F4J, ,A,FP,FP FP FP FP FP FP FP FP FP FP FP FP FP FP FP FP AP,16 16 16 16 16 16 16 16 16 16 16 16 16 16 5 5 na,Nc1ccc2c(c1)C=NC2=O,[16*]Nc1ccc2c(c1)C=NC2=O,95,1
Erk2,MAPK,CMGC,4g6o,E28, ,A,FP,FP FP FP FP FP FP FP FP FP FP FP FP FP FP FP FP FP FP FP FP AP,16 16 16 16 16 16 16 16 8 8 8 5 5 5 5 16 8 8 8 8 na,[NH3+]Cc1ccccc1C(F)(F)F,[37*]c1ccc(C[NH3+])c(C(F)(F)F)c1,96,1
EGFR,EGFR,TK,5caq,4ZJ, ,A,FP,FP FP FP FP FP FP FP FP FP FP FP FP FP FP FP FP FP FP FP FP AP,5 5 5 5 5 5 5 5 5 5 5 5 5 5 5 3 3 3 3 3 na,CO[C@H]1CCNC[C@H]1F,[33*]N1CC[C@H](OC)[C@H](F)C1,97,1
CDK2,CDK,CMGC,1oit,HDT, ,A,FP,FP FP FP FP FP FP FP FP FP FP FP FP FP FP AP,14 14 14 14 14 14 14 14 14 14 14 14 14 14 na,c1ccn2ccnc2c1,[14*]c1cnc2ccccn12,98,1
AurA,Aur,Other,3vap,0FY, ,A,FP,FP FP FP FP FP FP FP FP FP FP FP FP FP FP FP FP FP FP AP,16 16 16 16 16 16 16 16 8 8 8 8 16 16 5 5 8 16 na,CC(=O)Nc1cc[nH+]cc1F,[57*]CC(=O)Nc1cc[nH+]cc1F,99,1
p38a,MAPK,CMGC,1oz1,FPH,A,A,FP,FP FP FP FP FP FP FP FP FP FP FP FP FP FP AP GA,16 16 16 16 16 16 16 16 16 16 16 16 16 16 na na,On1ccc2ncccc21,[13*]c1c([25*])n(O)c2cccnc12,100,1
TTBK1,TTBK,CK1,4btm,F8E, ,A,FP,FP FP FP FP FP FP FP FP FP FP FP FP FP FP FP FP FP FP FP AP,16 3 3 3 3 3 6 6 16 16 16 16 16 16 16 16 16 5 5 na,COC(=O)c1cc(N)ccc1Br,[19*]Nc1ccc(Br)c(C(=O)OC)c1,101,1
LCK,Src,TK,3ad5,5PB, ,A,FP,FP FP FP FP FP FP GA AP,11 6 6 6 6 6 na na,O=CCS,[1*]SCC([38*])=O,102,1
PKACa,PKA,AGC,4uja,4L7,B,A,FP,FP FP FP FP FP FP FP FP FP FP FP FP FP FP FP FP FP FP FP FP FP FP FP AP,6 15 15 15 15 15 15 15 15 14 14 14 14 14 14 14 6 15 15 15 15 15 14 na,O=C(c1ccc(Br)s1)[C@@H]1CC[NH2+]C1,[35*][C@H]1C[NH2+]C[C@@H]1C(=O)c1ccc(Br)s1,103,1
PIM1,PIM,CAMK,5n4x,8MT,B,A,FP,FP FP FP FP FP FP FP AP,6 6 6 6 6 6 6 na,NNC=O,[2*]C(=O)NN,104,1
PAK1,STE20,STE,6b16,C7Y, ,A,FP,FP FP FP FP FP FP FP FP FP FP FP FP FP FP FP FP FP FP FP FP FP FP SE,14 14 14 14 14 14 14 14 14 14 14 8 8 8 8 8 8 14 14 14 5 5 na,C[C@H](N)c1ccc2[nH]ccc2n1,[11*]N[C@@H](C)c1ccc2[nH]ccc2n1,105,1
MET,Met,TK,5uad,84P, ,A,FP,FP FP FP FP FP FP FP FP FP FP FP FP FP FP FP FP FP FP FP FP FP FP FP FP FP FP AP,16 16 16 16 16 16 16 8 8 8 8 8 8 8 16 16 16 16 16 16 16 16 16 16 16 16 na,Cn1cc(-c2ccc3nnn(C)c3c2)cn1,[11*]Cn1nnc2ccc(-c3cnn(C)c3)cc21,106,1
JNK3,MAPK,CMGC,3da6,BZ9, ,A,FP,FP FP FP FP FP FP FP FP FP FP GA AP,16 16 16 16 16 16 16 16 16 3 na na,Oc1ccccn1,[16*]Oc1ncccc1[24*],107,1
JAK3,JakA,TK,4rio,3QX, ,A,FP,FP FP FP FP FP FP FP FP FP FP FP FP FP FP FP FP FP AP,15 15 15 15 15 15 15 15 15 15 15 15 8 8 8 8 15 na,CC1(F)CCCC1,[18*][C@@H]1CCC[C@]1(C)F,108,1
EGFR,EGFR,TK,5edr,5N4,A,A,FP,FP FP FP FP FP FP FP FP FP FP FP FP FP FP FP FP FP FP FP GA AP,14 14 14 14 14 14 14 14 14 14 14 14 14 14 14 14 14 14 14 na na,CC1(C)OCc2cncnc21,[9*]c1nc([22*])c2c(n1)C(C)(C)OC2,109,1
DYRK1A,DYRK,CMGC,6eij,B5Z, ,B,FP,FP FP FP FP FP FP FP FP FP FP FP FP X-B2 GA,5 5 1 1 5 5 4 4 4 4 4 4 na na,CCNC(N)=O,[32*]NC(=O)NCC[45*],110,1
DAPK3,DAPK,CAMK,5vja,DUK,A,B,FP,FP FP FP FP FP FP FP FP FP FP FP FP GA,4 4 5 5 5 4 4 4 4 4 4 11 na,C[C@@H](S)C(N)=O,[12*]S[C@H](C)C(N)=O,111,1
CK1d,CK1,CK1,5mqv,D5Q,B,C,FP,FP FP FP FP FP FP FP FP FP FP FP AP GA,14 14 14 14 14 14 11 11 11 11 11 na na,CSc1ncc[nH]1,[37*]c1[nH]c(SC)nc1[54*],112,1
CDK2,CDK,CMGC,4bcm,T7Z,B,C,FP,FP FP FP FP FP FP FP FP FP FP FP FP FP FP FP AP,14 14 14 14 14 14 14 14 14 8 8 8 8 14 14 na,C/N=c1\[nH]c(C)cs1,[14*]c1s/c(=N/C)[nH]c1C,113,1
ALK,ALK,TK,2xb7,GUI, ,A,FP,FP FP FP FP FP FP FP FP FP FP FP FP FP FP FP FP FP FP FP FP FP FP FP AP,16 16 16 16 16 16 16 16 16 16 16 16 16 16 16 16 16 16 16 16 16 16 16 na,CC(C)S(=O)(=O)c1ccccc1,[57*]c1ccccc1S(=O)(=O)C(C)C,114,1
AKT1,Akt,AGC,3cqw,CQW,A,A,FP,FP FP FP FP FP FP FP FP FP FP FP FP FP FP FP FP FP AP,5 5 5 5 5 5 5 5 5 5 5 5 5 5 5 5 5 na,c1nc2c([nH]1)CCNC2,[15*]N1CCc2[nH]cnc2C1,115,1
ABL1,Abl,TK,2f4j,VX6, ,A,FP,FP FP FP FP FP FP FP FP FP FP FP GA SE,11 16 16 16 16 16 16 16 16 16 16 na na,Sc1ccccc1,[24*]Sc1ccc([50*])cc1,116,1
SLK,STE20,STE,6hvd,GUQ,B,A,FP,FP FP FP FP FP FP FP FP FP FP FP FP FP AP,14 14 14 14 14 14 14 14 14 14 14 14 14 na,c1ccc2scnc2c1,[32*]c1nc2ccccc2s1,117,1
PLK4,PLK,Other,4jxf,631, ,A,FP,FP FP FP FP FP FP FP FP FP FP FP FP FP FP FP FP FP FP FP FP FP FP FP FP AP,3 3 3 3 3 15 15 15 15 15 15 15 15 15 15 15 15 15 15 15 15 15 15 15 na,COc1ccc2c(c1)C1(CC1)C(=O)N2,[21*][C@@H]1C[C@@]12C(=O)Nc1ccc(OC)cc12,118,1
PDK1,PDK1,AGC,5ho8,63E,B,A,FP,FP FP FP FP FP FP FP FP FP FP FP FP FP FP FP FP FP FP FP FP FP FP FP AP,14 14 14 14 14 8 8 8 8 8 8 8 14 14 5 5 5 8 8 8 8 8 8 na,CCCCc1ccnc(N)n1,[6*]c1cc(CCCC)nc(N)n1,119,1
MYT1,WEE,Other,5vcw,93J, ,A,FP,FP FP FP FP FP FP FP FP FP FP FP FP FP FP FP FP FP FP FP AP,7 7 7 7 7 7 7 7 7 5 5 5 5 5 5 5 5 5 5 na,C[NH+](C)C/C=C/C=O,[22*]C(=O)/C=C/C[NH+](C)C,120,1
MET,Met,TK,4deh,0JK, ,A,FP,FP FP FP FP FP FP FP FP FP FP FP FP FP FP FP FP FP FP FP FP FP FP FP FP FP FP FP FP AP,8 8 8 10 10 10 10 10 10 10 10 10 10 10 10 10 10 16 16 16 16 16 16 16 16 16 16 16 na,Cn1nnc2c1C(=O)N(c1ccccc1)CC2,[15*]Cn1nnc2c1C(=O)N(c1ccccc1)CC2,121,1
JAK2,JakA,TK,5aep,QUP,A,A,FP,FP FP FP FP FP FP FP FP FP FP FP FP FP FP FP FP FP FP FP FP FP FP FP FP FP FP AP,16 16 16 16 16 16 16 16 16 8 8 8 8 16 16 16 6 5 5 5 6 16 16 16 16 16 na,Cc1ccc(Cl)cc1-n1cccc1C(N)=O,[26*]c1cc(C(N)=O)n(-c2cc(Cl)ccc2C)c1,122,1
JAK2,JakA,TK,4d0w,VVQ,B,A,FP,FP FP FP FP FP FP FP FP FP FP FP FP FP FP FP FP FP FP FP FP FP FP FP FP FP FP AP,14 14 14 14 14 14 6 6 5 5 5 14 16 16 16 16 16 16 16 16 16 16 8 8 8 8 na,Cc1ccc(Cl)cc1-c1[nH]ccc1C(N)=O,[10*]c1cc(C(N)=O)c(-c2cc(Cl)ccc2C)[nH]1,123,1
JAK2,JakA,TK,3q32,J2I, ,B,FP,FP FP FP FP FP FP FP FP FP FP FP FP FP FP FP FP FP FP FP FP FP FP FP FP FP FP FP FP FP FP FP FP FP FP SE,16 16 16 16 16 16 16 16 8 5 5 5 5 5 5 5 5 5 5 5 5 3 3 3 3 8 8 8 5 5 8 3 16 16 na,COc1cc(F)c(CC(=O)N2CCNCC2)c(F)c1,[20*]N1CCN(C(=O)Cc2c(F)cc(OC)cc2F)CC1,124,1
FGFR4,FGFR,TK,5jkg,6LF, ,A,FP,FP FP FP FP FP FP FP FP FP FP FP FP FP FP FP FP FP AP,8 8 16 8 8 8 8 16 16 16 3 16 16 16 16 16 16 na,C[C@@H](O)c1c(Cl)cncc1Cl,[4*]O[C@H](C)c1c(Cl)cncc1Cl,125,1
Erk2,MAPK,CMGC,4fv9,E71,B,A,FP,FP FP FP FP FP FP AP GA,16 16 16 16 16 16 na na,c1cnoc1,[10*]c1cnoc1[17*],126,1
CDK2,CDK,CMGC,4eoi,1RO,B,C,FP,FP FP FP FP FP FP FP FP FP FP FP FP FP FP FP FP FP FP FP AP,7 7 7 7 7 7 8 8 8 14 14 14 14 14 14 14 14 7 7 na,O=C1CSC(NCc2cccs2)=N1,[19*]=C1SC(NCc2cccs2)=NC1=O,127,1
CDK2,CDK,CMGC,2exm,ZIP, ,A,FP,FP FP FP FP FP FP FP FP FP FP FP FP FP FP FP FP AP,7 7 7 7 7 7 7 7 7 7 7 7 7 7 5 5 na,CC(C)=CCN,[16*]NCC=C(C)C,128,1
BTK,Tec,TK,6hrt,GMW, ,A,FP,FP FP FP FP FP FP FP FP FP FP FP FP FP FP FP X-B2 AP,9 9 9 9 9 9 9 9 9 9 9 9 9 9 9 na na,O=c1[nH]ncc2cccc(F)c12,[40*]n1ncc2cc([67*])cc(F)c2c1=O,129,1
ALK,ALK,TK,5imx,CZ4, ,A,FP,FP FP FP FP FP FP FP FP FP FP FP FP FP FP FP FP FP FP FP FP FP FP FP AP,9 9 9 9 9 9 9 9 9 9 9 9 9 9 9 9 8 8 8 8 9 9 9 na,CC(C)S(=O)(=O)c1ccn(C)n1,[49*]c1cn(C)nc1S(=O)(=O)C(C)C,130,1
ALK,ALK,TK,4cd0,AWJ, ,A,FP,FP FP FP FP FP FP FP FP FP FP FP FP FP FP FP FP FP FP FP FP FP FP FP FP FP AP,8 8 16 8 8 8 8 16 16 16 16 16 16 16 16 16 16 16 16 16 16 16 16 16 16 na,CCc1cc(F)ccc1N1NC=CN1,[8*][C@H](C)c1cc(F)ccc1N1NC=CN1,131,1
p70S6K,RSK,AGC,3wf6,FZ9,B,A,FP,FP FP FP FP FP FP FP FP FP FP FP FP FP FP FP FP FP FP FP FP FP FP FP FP FP FP FP FP AP,5 5 5 5 5 5 5 5 5 5 5 5 5 5 5 5 5 5 5 5 5 5 5 5 5 5 5 5 na,C1=C(c2c[nH]c3ccccc23)CCNC1,[4*]N1CC=C(c2c[nH]c3ccccc23)CC1,132,1
VRK1,VRK,CK1,6cmm,F7D,B,D,FP,FP FP FP FP FP FP AP,4 4 4 4 4 4 na,C#CC,[21*]CC#C,133,1
TGFbR1,STKR,TKL,3faa,55F, ,E,FP,FP FP FP FP FP FP FP FP FP FP FP FP FP FP GA AP,14 14 14 14 14 14 5 5 1 1 1 1 1 1 na na,CC(=O)Nc1ncc[nH]1,[12*]c1[nH]c(NC(C)=O)nc1[21*],134,1
TAK1,MLK,TKL,4l52,1UL,A,A,FP,FP FP FP FP FP FP FP FP FP FP FP FP AP,16 16 16 16 16 16 16 16 16 16 16 16 na,c1ccc2snnc2c1,[39*]c1cccc2nnsc12,135,1
TAK1,MLK,TKL,4l3p,1UH, ,A,FP,FP FP FP FP FP FP FP FP FP FP FP FP FP FP AP,16 16 16 16 16 16 16 16 16 16 16 16 16 16 na,c1ccc2sccc2c1,[13*]c1cccc2ccsc12,136,1
SYK,Syk,TK,3fqs,585,A,A,FP,FP FP FP FP FP FP FP FP FP FP FP FP FP FP FP FP FP FP FP FP FP FP AP,13 13 13 13 13 13 13 13 13 13 13 13 13 13 8 8 8 8 8 8 8 8 na,CC1(C)Oc2cccnc2NC1=O,[10*]c1ccc2c(n1)NC(=O)C(C)(C)O2,137,1
PKCt,PKC,AGC,2jed,LG8, ,A,FP,FP FP FP FP FP FP FP FP FP FP FP FP FP FP FP FP FP FP FP FP FP FP FP FP FP FP FP FP FP FP FP FP FP FP FP FP FP AP,15 15 15 15 15 15 15 15 15 15 15 15 15 15 15 15 15 15 15 15 15 8 8 8 5 5 15 15 15 5 5 5 5 5 5 5 5 na,C[NH+](C)C[C@@H]1CC[N+]2=C(Cc3ccccc32)C1,[19*]=C1C2=[N+](CC[C@@H](C[NH+](C)C)C2)c2ccccc21,138,1
PIM1,PIM,CAMK,4wt6,3U6, ,A,FP,FP FP FP FP FP FP FP FP AP,14 14 14 14 14 5 5 5 na,Nc1nncs1,[38*]c1nnc(N)s1,139,1
PIM1,PIM,CAMK,4wrs,3U1, ,A,FP,FP FP FP FP FP FP FP FP FP FP FP FP FP FP FP FP FP FP FP FP FP FP FP FP FP FP FP FP FP FP AP,14 14 14 14 14 14 14 3 15 15 15 15 15 15 15 15 15 15 15 15 15 15 15 15 15 15 15 15 15 14 na,c1cnc(O[C@H]2C[NH2+]CCC23CC3)cn1,[20*]c1cncc(O[C@H]2C[NH2+]CCC23CC3)n1,140,1
PIM1,PIM,CAMK,2obj,VRV, ,A,FP,FP FP FP FP FP FP FP FP FP FP FP FP FP FP FP FP FP FP FP FP FP FP AP,16 16 16 16 16 16 16 16 16 16 16 16 16 16 16 16 16 16 16 16 16 16 na,N#Cc1c(-c2ccccc2)cc[nH]c1=O,[5*]c1cc(-c2ccccc2)c(C#N)c(=O)[nH]1,141,1
PAK1,STE20,STE,5dey,59T, ,A,FP,FP FP FP FP FP FP FP FP FP FP FP FP FP FP FP FP FP FP FP AP,13 13 8 8 8 13 13 13 13 13 13 13 13 13 13 5 5 5 5 na,C[C@H]1OC[C@H]([NH3+])CO1,[36*]C[C@H]1OC[C@H]([NH3+])CO1,142,1
MET,Met,TK,5ya5,6TD,B,A,FP,FP FP FP FP FP FP FP FP FP FP FP FP FP FP FP FP FP FP FP FP FP FP FP FP FP FP AP,8 8 8 14 14 14 14 14 14 14 14 14 14 14 14 14 14 14 14 14 14 14 14 14 14 14 na,Cc1nnc2sc(-c3cc4ccccc4[nH]3)nn12,[14*]Cc1nnc2sc(-c3cc4ccccc4[nH]3)nn12,143,1
JNK3,MAPK,CMGC,3kvx,FMY,B,A,FP,FP FP FP FP FP FP FP FP FP FP FP FP FP FP FP FP X-B2 AP,16 16 16 16 16 16 16 16 9 9 9 9 16 16 9 9 na na,c1ccc(-n2cncn2)cc1,[42*]c1ccc(-n2cnc([53*])n2)cc1,144,1
JAK2-b,JakB,TK,5ut6,8MY,A,A,FP,FP FP FP FP FP FP FP FP FP FP FP FP AP,9 9 9 9 9 8 8 8 9 9 3 3 na,OCc1cc[nH]n1,[1*]n1ccc(CO)n1,145,1
JAK2,JakA,TK,4hge,15V,B,A,FP,FP FP FP FP FP FP FP FP FP FP FP FP FP FP FP FP FP FP FP FP FP AP,16 16 16 9 9 9 9 8 8 8 8 16 16 16 16 16 16 16 16 9 9 na,Cc1ccn(-c2cccc(Cl)c2)n1,[31*]c1cc(C)nn1-c1cccc(Cl)c1,146,1
IGF1R,InsR,TK,5fxs,OZN,A,A,FP,FP FP FP FP FP FP FP FP FP FP FP FP FP FP AP,7 7 7 7 7 7 7 7 7 7 7 7 7 7 na,C1=N[n+]2ccccc2C1,[7*]=C1C=N[n+]2ccccc21,147,1
GSK3B,GSK,CMGC,4b7t,CWT, ,A,FP,FP FP FP FP FP FP FP FP FP FP FP FP FP FP FP FP FP FP FP FP FP FP AP,4 4 4 4 4 4 4 4 4 4 10 10 10 10 10 10 10 10 8 8 8 8 na,CC(C)NC1=NCC(=O)N1C,[18*]=C1N=C(NC(C)C)N(C)C1=O,148,1
GSK3B,GSK,CMGC,3zrk,ZRK,A,B,FP,FP FP FP FP FP FP FP FP FP FP FP FP FP FP AP,14 14 14 14 14 14 14 14 14 14 14 14 14 14 na,O=c1[nH]ccc2occc12,[10*]c1cc2c(=O)[nH]ccc2o1,149,1
GSK3B,GSK,CMGC,3q3b,55E, ,A,FP,FP FP FP FP FP FP FP FP FP FP FP FP FP FP FP FP FP FP FP FP AP,14 14 14 14 14 14 14 14 14 16 16 16 16 16 16 16 16 16 16 16 na,O=c1nccc(-c2ccccc2)[nH]1,[4*]c1cc(-c2ccccc2)[nH]c(=O)n1,150,1
FAK,FAK,TK,3pxk,PXK, ,B,FP,FP FP FP FP FP FP FP FP FP FP FP FP FP FP FP FP FP FP AP,8 8 8 8 8 8 8 8 8 8 8 8 8 8 8 8 8 8 na,CC#CC(C)(C)C,[10*]CC#CC(C)(C)C,151,1
EGFR,EGFR,TK,5hcx,60B, ,A,FP,FP FP FP FP FP FP FP FP FP FP FP FP FP FP FP FP FP FP AP,16 16 16 16 16 16 16 16 16 16 16 16 16 16 16 16 16 16 na,O=S(=O)(C1CC1)n1cccn1,[33*]c1cnn(S(=O)(=O)C2CC2)c1,152,1
EGFR,EGFR,TK,5cas,4ZQ, ,A,FP,FP FP FP FP FP FP FP FP FP FP AP,8 8 8 8 8 8 8 8 8 8 na,CCC(F)(F)F,[23*][C@@H](C)C(F)(F)F,153,1
EGFR,EGFR,TK,5cap,4ZH,B,A,FP,FP FP FP FP FP FP FP FP FP FP FP FP FP FP FP FP FP FP FP FP AP,3 4 4 4 4 4 4 4 4 4 4 4 4 4 4 4 4 4 4 4 na,CC(C)(CO)S(C)(=O)=O,[33*]OCC(C)(C)S(C)(=O)=O,154,1
DYRK1A,DYRK,CMGC,6s11,KQE,A,A,FP,FP FP FP FP FP AP,3 3 3 3 3 na,OC(F)(F)F,[5*]OC(F)(F)F,155,1
CLK3,CLK,CMGC,3raw,3RA,A,A,FP,FP FP FP FP FP FP FP FP FP FP FP FP FP FP FP FP FP FP FP FP FP FP AP,16 16 16 16 16 16 16 16 16 16 16 8 8 8 8 8 8 8 8 8 8 8 na,CC1=NC(Nc2ccccc2)=NC1=O,[22*]CC1=NC(Nc2ccccc2)=NC1=O,156,1
CK2a1,CK2,CMGC,5m44,7EY, ,A,FP,FP FP FP FP FP FP FP FP FP FP FP AP AP,16 16 16 16 16 16 16 16 16 16 16 na na,c1ncc2ccsc2n1,[14*]c1ncnc2scc([21*])c12,157,1
CK2a1,CK2,CMGC,5cqw,JRJ,A,A,FP,FP FP FP FP FP FP FP FP FP FP FP FP X-FP AP,14 14 14 14 8 8 8 8 8 8 14 14 na na,CCc1c[nH]nn1,[13*]n1cc(CC[26*])nn1,158,1
CHK1,CAMKL,CAMK,5opr,A3E, ,A,FP,FP FP FP FP FP FP FP FP FP FP FP FP FP FP FP FP AP,8 8 8 8 14 8 8 14 8 8 8 8 14 14 14 14 na,CC(C)n1ccnn1,[21*]c1cn(C(C)C)nn1,159,1
CDK8,CDK,CMGC,5cei,50R,B,A,FP,FP FP FP FP FP FP FP FP FP FP FP AP,16 16 16 16 16 16 16 16 16 16 16 na,Ic1ccccc1,[20*]c1ccc(I)cc1,160,1
CDK2,CDK,CMGC,4nj3,2KD,A,A,FP,FP FP FP FP FP FP FP FP FP FP FP FP FP FP X-B1 AP,5 5 8 8 8 8 8 8 8 3 3 3 3 3 na na,COC(=O)[C@H](C)N,[14*]N[C@@H](C[25*])C(=O)OC,161,1
CDK2,CDK,CMGC,4lyn,1YG, ,A,FP,FP FP FP FP FP FP FP FP FP FP FP FP FP FP FP FP FP FP FP FP FP FP AP,14 14 14 8 8 8 8 8 8 8 8 8 8 8 8 8 14 14 14 8 8 8 na,Cc1ncc(C(C)(C)C)o1,[26*]Cc1ncc(C(C)(C)C)o1,162,1
CDK2,CDK,CMGC,2xmy,CDK,B,A,FP,FP FP FP FP FP FP FP FP FP FP FP FP FP FP AP,8 8 8 8 14 14 8 8 8 8 14 14 14 14 na,Cc1csc(=O)n1C,[14*]c1sc(=O)n(C)c1C,163,1
CDK2,CDK,CMGC,1gz8,MBP,B,A,FP,FP FP FP FP FP FP FP FP FP FP FP FP FP FP FP FP AP,4 4 4 4 4 4 4 4 4 4 4 4 3 4 4 4 na,CC(C)C(=O)CO,[22*]OCC(=O)C(C)C,164,1
BTK,Tec,TK,3piz,03C, ,A,FP,FP FP FP FP FP FP FP SE,12 12 12 12 12 12 12 na,C[SH](=O)=O,[49*]S(C)(=O)=O,165,1
BIKE,NAK,Other,5i3o,IDV, ,B,FP,FP FP FP FP FP FP FP FP FP FP FP FP FP FP FP FP FP FP FP FP FP FP FP FP AP,16 16 16 16 16 5 5 16 16 5 5 5 5 5 5 5 5 5 5 5 5 16 16 16 na,CN(C)S(=O)(=O)Nc1ccccc1,[9*]c1cccc(NS(=O)(=O)N(C)C)c1,166,1
BARK1,GRK,AGC,5uuu,QRW,B,A,FP,FP FP FP FP FP FP FP FP FP FP FP FP FP FP FP FP FP FP FP FP FP FP FP FP X-B2 AP,14 14 14 14 14 8 8 8 8 8 8 8 5 5 16 16 16 16 16 16 16 16 16 16 na na,Cn1cnnc1CNc1ccccc1,*c1nnc(CNc2cccc([34*])c2)n1C,167,1
ALK,ALK,TK,6mx8,6GY,A,A,FP,FP FP FP FP FP FP FP FP FP FP FP FP FP FP FP FP FP FP FP FP AP,16 16 16 16 16 16 16 16 16 16 16 16 16 16 16 16 16 16 16 16 na,CP(C)(=O)c1ccccc1,[61*]c1ccccc1P(C)(C)=O,168,1
ALK,ALK,TK,4ccb,OFG, ,A,FP,FP FP FP FP FP FP FP FP FP FP FP FP FP FP FP FP FP FP FP FP FP FP FP AP,16 16 16 16 16 16 9 9 9 9 16 16 16 8 8 8 8 8 8 9 9 9 16 na,CCc1cc(F)ccc1-n1nccn1,[44*][C@H](C)c1cc(F)ccc1-n1nccn1,169,1
ACK,Ack,TK,4ewh,T77, ,B,FP,FP FP FP FP FP FP FP FP FP FP AP,13 13 13 13 13 13 13 13 13 13 na,C1CSCS1,[51*]C1SCCS1,170,1
CDK2,CDK,CMGC,2w17,I19,A,A,SE,SE SE SE SE SE SE SE SE SE SE SE SE SE SE SE SE SE SE SE SE SE SE SE SE AP X-FP,16 16 16 16 16 16 16 16 16 16 6 6 15 15 15 15 15 15 15 15 15 15 15 15 na na,O=C(c1ccccc1)N1CCCC1,[23*]c1ccc(C(=O)N2CC[C@H]([49*])C2)cc1,1,57
ACK,Ack,TK,3eqp,T95, ,B,SE,SE SE SE SE SE SE SE SE SE SE SE SE SE SE SE SE SE SE SE SE SE SE SE SE SE X-SE AP,16 16 16 16 16 16 16 16 16 16 5 5 5 5 5 5 5 5 5 5 5 5 5 5 5 na na,c1ccc(N2CC[NH2+]CC2)cc1,[47*]c1ccc(N2CC[NH+]([74*])CC2)cc1,2,44
CHK1,CAMKL,CAMK,4ftn,2HK,B,A,SE,SE SE SE SE SE SE SE SE SE SE SE SE SE SE SE SE SE SE SE SE SE SE SE SE AP,3 4 4 4 4 4 4 5 5 5 5 5 5 5 5 5 5 5 5 5 5 5 5 5 na,OCC[NH+]1CCCCC1,[43*]OCC[NH+]1CCCCC1,3,33
GSK3B,GSK,CMGC,1q5k,TMU, ,B,SE,SE SE SE SE SE SE SE SE SE SE SE SE SE SE SE SE SE SE SE SE AP,5 5 8 8 8 16 16 16 16 16 16 16 16 16 16 3 3 3 3 3 na,COc1ccc(CN)cc1,[8*]NCc1ccc(OC)cc1,4,32
CDK2,CDK,CMGC,1g5s,I17, ,A,SE,SE SE SE SE SE SE SE SE SE SE SE SE SE SE AP,8 8 8 16 16 16 16 16 16 16 16 16 16 16 na,Cc1ccccc1,[12*]Cc1ccccc1,5,16
CHK1,CAMKL,CAMK,2xey,YVQ, ,A,SE,SE SE SE SE SE SE SE SE SE SE SE SE SE SE SE AP,16 16 16 16 16 16 16 16 16 16 16 16 16 16 16 na,c1ccc2[nH]ccc2c1,[15*]c1c[nH]c2ccccc12,6,16
IGF1R,InsR,TK,5fxr,8LN,B,A,SE,SE SE SE SE SE SE SE SE SE SE SE SE SE SE SE SE SE SE SE SE SE SE SE SE SE SE SE AP,8 8 8 8 9 9 9 9 9 9 15 15 15 15 15 15 15 15 15 15 15 15 15 15 15 15 15 na,Cc1ccn(C2CC[NH2+]CC2)n1,[27*]c1cn(C2CC[NH2+]CC2)nc1C,7,16
SYK,Syk,TK,4gfg,0XF, ,A,SE,SE SE SE SE SE SE SE SE SE SE SE SE SE SE SE SE AP,8 8 8 8 16 16 16 16 16 16 16 16 8 8 8 8 na,Cc1cccnc1C,[29*]c1ccc(C)c(C)n1,8,15
CRK7,CDK,CMGC,6ckx,8M1, ,C,SE,SE SE SE SE SE SE SE SE SE SE SE SE SE SE SE SE SE SE SE SE SE SE SE X-SE AP,15 15 15 15 15 15 15 15 1 1 1 1 1 1 5 15 15 15 15 15 15 15 15 na na,CC(=O)NC1CCCCC1,[14*]N(C(C)=O)[C@H]1CC[C@H]([34*])CC1,9,11
FGFR1,FGFR,TK,6c1o,MK9,A,A,SE,SE SE SE SE SE SE SE SE SE SE SE SE SE SE SE SE AP,5 5 4 4 4 4 4 4 4 4 4 4 4 4 4 4 na,CC[NH2+]CC,[66*][NH+](CC)CC,10,10
Erk2,MAPK,CMGC,4o6e,2SH,B,A,SE,SE SE SE SE SE SE SE SE SE SE SE SE SE SE SE AP,15 15 15 15 15 15 15 15 15 15 15 15 15 15 15 na,C1CCOCC1,[40*]C1CCOCC1,11,10
CDK2,CDK,CMGC,3qzi,X72,A,A,SE,SE SE SE SE SE SE SE SE SE AP,16 16 16 16 16 16 16 16 16 na,c1cncnc1,[17*]c1cncnc1,12,9
EGFR,EGFR,TK,1m17,AQ4,A,A,SE,SE SE SE SE SE SE SE SE SE SE SE AP,4 4 4 4 4 4 3 3 3 3 3 na,CCOC,[14*]CCOC,13,9
ALK,ALK,TK,4joa,3DK,A,A,SE,SE SE SE SE SE SE SE SE SE SE SE AP,16 16 16 16 8 8 8 8 16 16 16 na,Cn1cccn1,[33*]c1cnn(C)c1,14,7
ALK,ALK,TK,4cmt,GWH, ,A,SE,SE SE SE SE SE SE SE SE SE SE SE SE SE SE SE SE SE AP,16 16 16 16 16 16 16 16 16 16 16 16 16 16 16 16 16 na,CS(=O)(=O)c1ccccc1,[5*]c1cccc(S(C)(=O)=O)c1,15,7
AurA,Aur,Other,2w1e,L0E, ,A,SE,SE SE SE SE SE SE SE SE SE SE SE SE SE SE SE SE SE SE SE SE SE SE SE SE SE SE SE SE SE SE SE AP,14 14 14 14 14 14 8 8 8 5 5 5 5 5 5 5 5 5 5 5 5 5 5 5 14 14 14 14 14 14 14 na,c1nc2cc(C[NH+]3CCOCC3)ccc2[nH]1,[10*]c1nc2cc(C[NH+]3CCOCC3)ccc2[nH]1,16,6
TYK2-b,JakB,TK,6nzr,LAJ,A,B,SE,SE SE SE SE SE SE SE SE SE SE SE SE AP,14 14 14 14 14 14 14 5 5 14 14 14 na,Nc1ccccn1,[17*]Nc1ccccn1,17,6
Erk2,MAPK,CMGC,5v62,FRZ,B,A,SE,SE SE SE SE SE SE SE SE SE SE SE SE SE SE SE SE AP,8 8 8 8 8 8 8 8 8 8 8 8 8 8 8 8 na,CCCCC,[33*]CCCCC,18,6
Erk2,MAPK,CMGC,4qte,390,B,A,SE,SE SE SE SE SE SE SE SE SE SE SE AP,16 16 16 16 16 16 16 16 16 16 16 na,Fc1cccc(Cl)c1,[41*]c1ccc(F)cc1Cl,19,6
TTK,TTK,Other,5ap0,AU5, ,A,SE,SE SE SE SE SE SE SE SE SE SE SE SE SE SE SE SE SE SE SE SE SE SE SE SE SE SE SE SE SE SE SE SE SE SE SE AP,16 16 3 3 3 3 3 16 16 16 16 16 16 16 3 15 15 15 15 15 15 15 15 15 15 15 15 15 15 15 15 15 15 15 15 na,COc1cccc(O[C@H]2CC[N@H+](C)CC2)c1,[29*]c1ccc(O[C@H]2CC[N@H+](C)CC2)cc1OC,20,5
CLK3,CLK,CMGC,6rct,JWN,B,A,SE,SE SE SE SE SE SE SE SE SE SE SE SE SE SE SE SE SE SE SE SE SE X-SE AP,8 8 8 8 8 8 8 8 8 8 16 16 16 16 16 16 8 16 16 16 16 na na,CC(C)(C=O)c1ccccc1,[22*]c1ccc(C(C)(C)C([29*])=O)cc1,21,5
AurA,Aur,Other,3fdn,MMH, ,A,SE,SE SE SE SE SE SE SE SE FP,1 1 1 1 1 1 5 5 na,CC(N)=O,[8*]NC(C)=O,22,5
CaMKK2,CAMKK,Other,5yvc,SU6, ,A,SE,SE SE SE SE SE SE SE SE SE SE SE SE SE SE SE AP,7 7 7 7 7 7 7 7 7 7 7 7 7 7 7 na,O=C1Cc2ccccc2N1,[26*]=C1C(=O)Nc2ccccc21,23,5
CDK2,CDK,CMGC,2b52,D42, ,A,SE,SE SE SE SE SE SE SE SE SE SE SE SE SE AP,14 14 14 14 14 8 8 8 8 8 8 8 8 na,Cc1csc(C)n1,[39*]c1sc(C)nc1C,24,5
ALK2,STKR,TKL,6srh,LU8,B,A,SE,SE SE SE SE SE SE SE SE SE SE SE SE SE SE SE SE SE SE SE SE SE SE SE SE SE SE SE SE SE SE AP,16 16 15 15 15 15 15 15 15 15 15 15 15 16 16 16 16 16 16 15 15 15 15 15 15 15 16 16 15 15 na,C[N@H+]1CC[C@@H](c2ccccc2)CC1,*c1ccc([C@H]2CC[N@@H+](C)CC2)cc1,25,4
ABL1,Abl,TK,2f4j,VX6, ,A,SE,SE SE SE SE SE SE SE SE SE SE SE SE SE SE SE SE SE SE SE SE SE SE SE SE SE SE AP FP,5 5 5 5 5 5 5 5 5 5 5 5 5 5 5 5 5 5 5 14 14 14 14 14 14 14 na na,C[NH+]1CCN(c2ccncn2)CC1,[26*]c1cc(N2CC[NH+](C)CC2)nc([39*])n1,26,4
PDK1,PDK1,AGC,5hng,62O, ,A,SE,SE SE SE SE SE SE SE SE SE SE SE SE SE SE SE SE SE SE AP,14 14 14 14 14 14 3 3 3 3 14 14 14 14 14 14 14 3 na,COc1ccc2nc[nH]c2c1,[6*]c1nc2ccc(OC)cc2[nH]1,27,4
IRAK4,IRAK,TKL,4ztl,4S1,B,C,SE,SE SE SE SE SE SE SE SE SE SE SE SE AP,5 5 4 4 4 4 4 4 4 4 4 4 na,CCCN,[2*]NCCC,28,4
CDK2,CDK,CMGC,2b53,D23, ,A,SE,SE SE SE SE SE SE SE SE SE SE SE SE SE AP,16 16 16 16 16 16 16 16 16 16 5 5 5 na,Nc1ccccc1,[13*]c1cccc(N)c1,29,4
JNK3,MAPK,CMGC,2zdt,46C,A,A,SE,SE SE SE SE SE SE SE SE SE AP,6 6 6 6 6 6 6 6 6 na,CCC=O,[21*]C(=O)CC,30,4
JAK3,JakA,TK,5lwm,79T,A,A,SE,SE SE SE SE SE SE SE SE SE FP AP,14 14 14 14 14 14 14 14 14 na na,Cc1ccco1,[8*]c1ccc(C=[19*])o1,31,4
CK1d,CK1,CK1,5mqv,D5Q,B,C,SE,SE SE SE SE SE SE SE SE SE SE SE SE SE SE SE SE SE SE SE SE SE SE SE SE SE SE SE SE SE SE AP,3 3 3 3 3 16 16 16 16 16 16 3 3 3 3 3 16 16 16 16 16 16 16 8 8 8 8 16 16 16 na,COc1ccc(OC)c(-c2ccn(C)c2)c1,[30*]c1cc(-c2cc(OC)ccc2OC)cn1C,32,4
AurA,Aur,Other,5one,9YQ,B,A,SE,SE SE SE SE SE SE SE SE SE SE SE SE SE SE SE SE SE SE SE SE SE SE SE SE AP X-SE,16 16 16 16 16 16 6 5 5 16 16 16 16 16 16 16 16 16 6 16 16 16 16 16 na na,O=C(Nc1ccccc1)c1ccccc1,[9*]c1ccc(NC(=O)c2ccc([24*])cc2)cc1,33,3
MELK,CAMKL,CAMK,4d2p,6Z7,A,D,SE,SE SE SE SE SE SE SE SE SE SE SE SE SE SE SE SE SE SE SE SE SE AP,16 16 16 16 16 16 16 16 16 16 16 16 16 16 16 16 16 16 16 16 16 na,c1ccc2c(c1)CC[NH2+]C2,[28*]c1ccc2c(c1)C[NH2+]CC2,34,3
Erk2,MAPK,CMGC,4fuy,EK2,B,A,SE,SE SE SE SE SE SE SE SE SE SE SE SE SE SE AP,5 5 5 5 5 5 5 5 5 5 5 5 5 5 na,C1COCCN1,[1*]N1CCOCC1,35,3
CHK1,CAMKL,CAMK,4fta,H5K,A,A,SE,SE SE SE SE SE SE SE SE SE SE SE SE SE SE SE SE SE SE SE AP,16 16 16 16 16 16 16 16 16 16 16 16 16 16 16 16 6 6 6 na,O=C([O-])c1ccc2ccccc2c1,[14*]c1ccc2cc(C(=O)[O-])ccc2c1,36,3
HGK,STE20,STE,4zk5,4P4, ,A,SE,SE SE SE SE SE SE SE SE SE SE SE SE SE SE SE SE SE SE SE SE SE AP,5 5 15 15 15 15 15 15 15 15 15 6 6 15 15 15 15 15 15 15 15 na,NC1CN(C(=O)C2CC2)C1,[27*]NC1CN(C(=O)C2CC2)C1,37,3
CDK2,CDK,CMGC,3s2p,PMU, ,A,SE,SE SE SE SE SE SE SE SE SE SE SE SE SE SE SE SE SE SE SE SE AP,8 8 8 8 8 8 14 14 14 8 8 8 8 14 14 14 14 5 5 5 na,CC(C)c1ccnc(N)n1,[18*]c1cc(C(C)C)nc(N)n1,38,3
BTK,Tec,TK,4otq,2V2, ,A,SE,SE SE SE SE SE SE SE SE AP,1 1 5 5 5 5 5 5 na,CNC=O,[54*]C(=O)NC,39,3
SYK,Syk,TK,4yjo,4DF,B,A,SE,SE SE SE SE SE SE SE SE SE SE SE SE SE SE SE SE SE AP,16 16 16 16 16 16 16 16 16 16 16 16 16 16 16 16 16 na,O=S1(=O)NCc2ccccc21,[25*]c1ccc2c(c1)S(=O)(=O)NC2,40,3
PAK1,STE20,STE,4zy4,4T3, ,A,SE,SE SE SE SE SE SE SE SE SE SE SE AP FP,14 14 14 14 14 14 14 14 14 14 14 na na,c1ncc2sccc2n1,[23*]c1nc([37*])nc2ccsc12,41,3
AurA,Aur,Other,3nrm,NRM, ,A,SE,SE SE SE SE SE SE SE SE SE SE SE SE AP,5 5 14 14 14 14 14 8 8 8 8 14 na,Cc1cc(N)sn1,[12*]Nc1cc(C)ns1,42,3
ALK2,STKR,TKL,3mtf,A3F,A,A,SE,SE SE SE SE SE SE SE SE SE SE SE SE AP,3 3 16 16 16 16 16 16 16 16 16 16 na,Oc1ccccc1,[40*]c1cccc(O)c1,43,2
LOK,STE20,STE,2j7t,274,A,A,SE,SE SE SE SE SE SE SE SE SE SE SE SE SE SE SE SE SE SE SE SE SE AP,6 6 5 5 5 5 5 5 5 5 5 5 5 5 5 5 5 5 5 5 5 na,C[NH+]1CCN(C=O)CC1,[2*]C(=O)N1CC[NH+](C)CC1,44,2
JAK1,JakA,TK,5wo4,B7V,A,A,SE,SE SE SE SE SE SE SE SE SE SE SE SE SE SE SE AP,16 16 16 16 3 3 3 3 16 16 16 16 16 16 3 na,COc1ccccc1Cl,[24*]c1ccc(Cl)c(OC)c1,45,2
BTK,Tec,TK,4otf,2VL,A,A,SE,SE SE SE SE SE SE SE SE SE SE SE SE SE SE SE SE SE SE SE SE SE SE SE SE SE SE SE SE SE SE SE SE SE AP,5 5 16 16 16 16 16 16 16 16 16 16 13 13 13 13 13 13 13 13 13 13 13 13 13 13 13 13 13 8 8 8 8 na,CN1CC[N@@H+](C)[C@H](c2ccc(N)cc2)C1=O,[41*]Nc1ccc([C@@H]2C(=O)N(C)CC[N@H+]2C)cc1,46,2
ITK,Tec,TK,3mj1,614, ,A,SE,SE SE SE SE SE SE SE SE SE SE SE SE SE SE SE SE SE SE SE SE SE SE SE SE SE SE SE SE SE SE SE SE SE SE SE SE AP FP,9 9 9 9 9 9 5 5 5 9 9 9 9 9 9 8 8 8 5 5 5 5 5 5 5 5 5 5 5 5 9 9 5 5 5 5 na na,C[NH+]1CCN(Cc2ccc3cn[nH]c(=O)c3c2)CC1,[7*]c1nn([20*])c(=O)c2cc(CN3CC[NH+](C)CC3)ccc12,47,2
IRAK4,IRAK,TKL,6o8u,LS7,B,D,SE,SE SE SE SE SE SE SE SE SE SE SE SE SE SE SE SE SE SE SE SE SE FP AP,13 13 13 13 13 13 13 13 13 13 13 8 8 8 8 13 13 8 8 8 8 na na,CC1(C)Cc2ccccc2O1,[23*]c1cc2c(cc1[31*])CC(C)(C)O2,48,2
SYK,Syk,TK,5t68,77V, ,B,SE,SE SE SE SE SE SE SE SE SE SE SE SE SE SE SE SE SE AP,14 14 14 14 14 14 14 14 14 14 8 8 8 8 14 14 14 na,Cc1n[nH]c2ccccc12,[35*]c1ccc2c(C)n[nH]c2c1,49,2
CHK1,CAMKL,CAMK,4fsz,HK8,A,A,SE,SE SE SE SE SE SE AP,8 8 8 8 8 8 na,CC(=O)[O-],[24*]CC(=O)[O-],50,2
LCK,Src,TK,3ad4,KBM, ,A,SE,SE SE SE SE SE SE SE SE SE SE SE SE SE SE SE SE SE SE AP,14 14 14 14 14 14 14 14 14 14 14 14 14 3 3 3 3 3 na,COc1ccc2occc2c1,[11*]c1cc2cc(OC)ccc2o1,51,2
CHK1,CAMKL,CAMK,5f4n,5UY,A,A,SE,SE SE SE SE SE SE SE AP,6 3 6 3 3 3 3 na,COC=O,[39*]C(=O)OC,52,2
CDK2,CDK,CMGC,3r1q,X75,A,A,SE,SE SE SE SE SE SE SE SE SE SE AP,16 16 16 16 16 16 16 16 16 16 na,Clc1ccccn1,[16*]c1ccc(Cl)nc1,53,2
IGF1R,InsR,TK,3nw5,LGX, ,A,SE,SE SE SE SE SE SE SE SE SE SE SE SE AP FP,14 14 14 14 14 14 14 14 14 14 14 14 na na,c1cc2cncnn2c1,[12*]c1nc([29*])nn2cccc12,54,2
BTK,Tec,TK,5p9i,1E8,A,A,SE,SE SE SE SE SE SE SE FP,1 1 1 1 1 1 1 na,C=CC=O,[56*]C(=O)C=C,55,2
CaMKK2,CAMKK,Other,6bqp,6T2, ,A,SE,SE SE SE SE SE SE SE SE SE SE SE SE SE SE SE SE AP,8 8 8 3 15 8 8 8 8 15 15 15 15 15 15 15 na,CC1(CO)COC1,[17*]OCC1(C)COC1,56,2
p38a,MAPK,CMGC,3fls,FLS, ,A,SE,SE SE SE SE SE SE SE SE SE SE SE SE SE SE SE SE AP,4 4 4 4 4 4 4 4 4 4 4 4 4 4 4 4 na,CCCS(C)(=O)=O,[18*][C@H](C)CS(C)(=O)=O,57,2
TTK,TTK,Other,5ap2,PWU, ,A,SE,SE SE SE SE SE SE SE SE SE SE SE SE SE SE SE SE SE SE SE SE SE SE SE SE AP,16 16 16 16 16 16 16 16 16 16 14 14 14 14 14 8 8 8 8 14 8 8 8 8 na,Cc1ncc(-c2ccccc2)n1C,[36*]c1ccc(-c2cnc(C)n2C)cc1,58,2
PIM1,PIM,CAMK,6qxk,JKW,A,B,SE,SE SE SE SE SE AP,3 3 3 3 3 na,OC(F)(F)F,[6*]OC(F)(F)F,59,2
GSK3B,GSK,CMGC,4dit,0KD, ,A,SE,SE SE SE SE SE SE SE SE AP,16 16 16 16 16 16 16 16 na,c1ccsc1,[8*]c1ccsc1,60,2
CK1g3,CK1,CK1,4g16,0VM, ,A,SE,SE SE SE SE SE SE SE SE SE SE SE SE SE SE SE SE SE SE SE SE AP X-SE,16 16 16 16 16 16 16 16 16 16 16 16 16 16 16 16 16 16 16 3 na na,c1ccc(Oc2ccccn2)cc1,[23*]c1ccc(Oc2ncccc2[37*])cc1,61,2
CDK2,CDK,CMGC,2r3q,5SC,A,A,SE,SE SE SE SE SE SE SE SE SE SE SE SE SE AP,4 4 4 4 4 4 4 4 4 4 4 4 4 na,CC1=CC=C[N+2](#[O+])[C]1,[11*]CC1=CC=C[N+2](#[O+])[C]1,62,2
GAK,NAK,Other,4y8d,49J,B,B,SE,SE SE SE SE SE SE SE SE SE SE SE SE SE SE SE SE SE AP,16 16 16 16 16 16 16 16 5 5 5 16 3 3 3 3 3 na,COc1ccccc1N,[24*]c1ccc(N)c(OC)c1,63,1
JAK1,JakA,TK,5e1e,5JG,B,A,SE,SE SE SE SE SE SE SE SE SE SE SE SE SE SE SE SE SE SE SE AP,3 3 3 3 16 16 16 16 3 3 3 3 3 16 16 16 16 3 16 na,COc1ccc(F)cc1OC,[12*]c1cc(OC)c(OC)cc1F,64,1
JNK1,MAPK,CMGC,2gmx,877, ,B,SE,SE SE SE SE SE SE SE SE SE SE SE SE SE SE SE SE SE SE SE AP,16 16 16 16 16 16 16 16 3 3 3 3 3 3 3 3 3 3 16 na,COc1ccc(OC)c(Br)c1,[8*]c1cc(OC)c(Br)cc1OC,65,1
TYK2,JakA,TK,5f1z,5U3,A,A,SE,SE SE SE SE SE SE SE SE SE SE SE SE SE SE SE SE SE SE SE SE SE AP,14 8 8 8 8 14 14 14 14 8 8 8 8 14 8 8 8 8 8 3 3 na,Cn1nccc1C(C)(C)O,[27*]c1cc(C(C)(C)O)n(C)n1,66,1
PIM1,PIM,CAMK,4i41,MIX, ,A,SE,SE SE SE SE SE SE SE SE SE SE SE AP,5 5 5 4 4 4 4 4 4 3 3 na,[NH3+]CCO,[48*][NH2+]CCO,67,1
CDK2,CDK,CMGC,4bzd,D6I,A,A,SE,SE SE SE SE SE SE SE SE SE SE SE SE SE SE SE SE SE SE SE X-SE AP,14 14 14 14 14 14 14 14 4 4 4 4 4 4 4 4 4 14 3 na na,CCCOc1cccnc1,[48*]c1ccc(OCCC[50*])cn1,68,1
BRK,Src,TK,5da3,58V,B,A,SE,SE SE SE SE SE SE SE SE SE SE SE SE SE SE X-SE AP,16 16 16 16 16 16 16 16 16 6 5 5 6 16 na na,Nc1ccc(C=O)c(Cl)c1,[20*]Nc1ccc(C([49*])=O)c(Cl)c1,69,1
SYK,Syk,TK,4xg8,X8G, ,C,SE,SE SE SE SE SE SE SE SE SE SE SE SE SE SE SE SE SE AP,9 9 9 9 9 9 9 9 8 8 8 8 9 9 9 9 9 na,Cn1nc(Cl)c2ccccc21,[33*]c1ccc2c(c1)c(Cl)nn2C,70,1
PDK1,PDK1,AGC,1z5m,LI8, ,A,SE,SE SE SE SE SE SE SE SE SE SE SE SE SE SE SE SE SE SE SE SE SE SE SE SE SE SE SE AP,16 16 16 16 16 16 16 16 16 16 5 5 1 1 5 5 5 5 5 5 5 5 5 5 5 5 5 na,O=C(Nc1ccccc1)N1CCCC1,[8*]c1cccc(NC(=O)N2CCCC2)c1,71,1
CHK2,RAD53,CAMK,4bdd,Z0O, ,A,SE,SE SE SE SE SE SE SE SE SE SE SE SE SE SE SE SE SE SE SE AP,1 1 5 5 4 4 4 4 4 4 4 4 4 4 4 4 4 5 5 na,CC(C)(C)NC(N)=O,[19*]NC(=O)NC(C)(C)C,72,1
CDK2,CDK,CMGC,3eid,PO5,A,A,SE,SE SE SE SE SE SE SE SE SE SE SE AP X-SE,4 4 4 3 4 4 3 3 4 4 4 na na,C[C@H](O)CO,[13*]OC[C@@H](O)C[43*],73,1
BTK,Tec,TK,5t18,73T,B,A,SE,SE SE SE SE SE SE SE SE SE SE SE SE SE SE SE SE SE SE SE SE SE SE SE SE SE SE SE SE SE SE SE SE SE AP FP,16 16 16 16 16 16 16 16 16 16 16 16 16 16 16 16 16 16 16 16 16 16 8 8 16 8 8 8 8 8 8 8 8 na na,CC(C)([O-])[C@H]1CCc2c([nH]c3ccc(F)cc23)C1,[3*]c1c(F)cc([4*])c2[nH]c3c(c12)CC[C@H](C(C)(C)[O-])C3,74,1
BTK,Tec,TK,4rx5,3YO,B,A,SE,SE SE SE SE SE SE SE SE SE SE SE SE SE SE SE SE SE SE SE SE SE SE SE AP,5 5 14 14 14 14 14 14 14 14 14 14 14 14 14 14 14 14 14 14 14 14 14 na,C[N@@H+]1CCn2nc(N)cc2C1,[34*]Nc1cc2n(n1)CC[N@@H+](C)C2,75,1
GSK3B,GSK,CMGC,4acd,GR9, ,B,SE,SE SE SE SE SE SE SE SE SE SE SE SE SE SE SE SE SE SE SE SE SE SE SE SE SE SE SE SE SE SE SE SE AP,5 5 5 5 5 5 5 5 5 5 5 5 5 5 5 5 16 16 16 16 16 16 16 16 16 16 16 16 16 5 5 5 na,C[NH+]1CCN(S(=O)(=O)c2ccccc2)CC1,[29*]c1ccc(S(=O)(=O)N2CC[NH+](C)CC2)cc1,76,1
EGFR,EGFR,TK,5hcz,60E, ,A,SE,SE SE SE SE SE SE SE SE SE SE SE SE SE SE SE SE SE SE SE SE AP,15 15 15 15 15 15 15 15 15 8 8 8 8 8 8 8 8 8 3 3 na,CC(C)(O)C1CNC1,[11*]N1CC(C(C)(C)O)C1,77,1
CRK7,CDK,CMGC,6b3e,CJM, ,A,SE,SE SE SE SE SE SE SE SE SE SE SE SE SE SE SE SE SE AP,8 8 8 14 14 14 14 14 14 14 14 14 14 14 14 14 14 na,Cc1nc2c(F)c(F)ccc2[nH]1,[42*]Cc1nc2c(F)c(F)ccc2[nH]1,78,1
AurA,Aur,Other,4dhf,0K6, ,A,SE,SE SE SE SE SE SE SE SE SE SE SE SE SE SE SE SE SE SE SE SE SE SE SE SE SE SE SE SE SE SE SE SE AP,9 9 9 9 8 8 8 8 9 9 9 6 6 5 5 5 5 5 5 5 5 5 5 5 5 5 5 5 5 5 5 5 na,Cn1cccc1C(=O)N1CC[NH+](C)CC1,[30*]c1cc(C(=O)N2CC[NH+](C)CC2)n(C)c1,79,1
p38a,MAPK,CMGC,3hub,469, ,A,SE,SE SE SE SE SE SE SE SE SE SE SE SE SE SE SE SE SE SE SE SE SE X-SE AP,6 6 6 6 9 9 9 9 9 9 9 8 8 8 8 9 9 9 9 9 9 na na,Cn1cc(C(=O)C=O)c2ccc(Cl)cc21,[4*]C(=O)C(=O)c1cn(C)c2cc(Cl)c([30*])cc12,80,1
SYK,Syk,TK,4xg3,X3G, ,B,SE,SE SE SE SE SE SE SE SE SE SE SE SE SE SE SE SE SE SE SE SE SE SE SE SE AP,3 3 3 3 3 3 3 3 16 16 8 8 8 8 16 16 16 8 8 8 8 16 16 16 na,Cc1cccc(C)c1OS(C)(=O)=O,[30*]c1cc(C)c(OS(C)(=O)=O)c(C)c1,81,1
JNK3,MAPK,CMGC,3g90,J72, ,X,SE,SE SE SE SE SE SE SE SE SE SE SE SE SE SE SE SE SE AP,16 16 16 16 16 16 16 16 16 16 16 16 16 16 16 16 16 na,Fc1ccc2c(c1)COCO2,[7*]c1cc(F)cc2c1OCOC2,82,1
HCK,Src,TK,5h09,OOO, ,A,SE,SE SE SE SE SE SE SE SE SE SE SE SE SE SE SE SE SE SE SE SE FP FP,5 5 5 4 4 4 4 4 4 4 4 4 4 4 4 4 4 4 4 4 na na,CC(C)C[C@H]([NH3+])C=O,*C(=O)[C@H](CC(C)C)[NH2+][23*],83,1
CDK2,CDK,CMGC,3sw7,19K,A,A,SE,SE SE SE SE SE SE SE SE SE SE SE SE SE SE SE SE SE SE SE SE SE AP,16 5 16 16 16 16 16 16 16 5 5 5 5 5 5 5 5 16 16 16 16 na,CN(C)c1ccccc1[N+](=O)[O-],[10*]c1ccc(N(C)C)c([N+](=O)[O-])c1,84,1
TYK2,JakA,TK,4gj2,0XH, ,A,SE,SE SE SE SE SE SE SE SE SE SE SE SE AP,5 5 6 6 15 15 15 15 15 15 15 15 na,NC(=O)[C@H]1C[C@H]1F,[20*]NC(=O)[C@H]1C[C@H]1F,85,1
KHS2,STE20,STE,5j5t,6G2, ,A,SE,SE SE SE SE SE SE SE SE SE SE SE SE SE SE SE SE SE SE SE SE SE SE SE AP,15 15 15 15 15 15 14 14 15 15 14 14 14 15 15 15 15 15 15 15 15 15 14 na,c1csc(C2CC[NH2+]CC2)n1,[3*]c1cnc(C2CC[NH2+]CC2)s1,86,1
JAK2-b,JakB,TK,5ut1,7DZ,A,A,SE,SE SE SE SE SE SE SE SE SE SE SE SE SE SE AP,16 16 16 16 16 16 16 16 3 3 16 16 5 5 na,Nc1cc(F)c(O)c(F)c1,[18*]Nc1cc(F)c(O)c(F)c1,87,1
CHK1,CAMKL,CAMK,4fsu,HK5,A,A,SE,SE SE SE SE SE SE SE SE SE SE SE AP,8 8 8 9 9 9 9 9 9 9 9 na,Cn1ccnc1,[27*]Cn1ccnc1,88,1
CDK2,CDK,CMGC,3qql,X03,A,A,SE,SE SE SE SE SE SE SE AP,6 6 6 6 6 6 6 na,NNC=O,[5*]C(=O)NN,89,1
CDK2,CDK,CMGC,1ke7,LS3, ,A,SE,SE SE SE SE SE SE SE SE SE SE SE SE SE SE SE SE SE SE AP,16 16 16 16 16 16 16 16 16 16 16 16 16 16 16 16 16 16 na,O=S1(=O)Cc2ccccc2C1,[23*]c1ccc2c(c1)CS(=O)(=O)C2,90,1
TTK,TTK,Other,6h3k,FMW, ,A,SE,SE SE SE SE SE SE SE SE SE SE SE SE SE SE SE SE SE SE SE SE SE SE SE SE SE SE SE AP,16 16 16 16 16 16 16 16 4 4 4 4 4 4 4 3 16 14 14 14 14 14 14 8 8 8 8 na,CCOc1cccc(-c2nncn2C)c1,[47*]c1ccc(-c2nncn2C)cc1OCC,91,1
TTK,TTK,Other,5nad,8RH, ,A,SE,SE SE SE SE SE SE SE SE SE SE SE SE AP,4 4 4 4 4 4 4 5 5 4 4 4 na,NCCC(F)(F)F,[1*]NCCC(F)(F)F,92,1
TBK1,IKK,Other,6cq4,F8P, ,A,SE,SE SE SE SE SE SE SE SE SE SE SE SE SE SE SE SE SE AP,15 15 15 15 15 15 15 15 15 15 15 15 15 15 15 15 15 na,FC1(F)CCCCC1,[7*]C1CCC(F)(F)CC1,93,1
SgK085,MLCK,CAMK,2x4f,16X,A,B,SE,SE SE SE SE SE SE SE SE SE SE SE SE SE AP,16 16 16 16 16 16 9 9 9 16 16 16 16 na,c1ccc(-n2oo2)cc1,[20*]c1cccc(-n2oo2)c1,94,1
SYK,Syk,TK,4wnm,3RT, ,A,SE,SE SE SE SE SE SE SE SE SE SE SE SE SE SE SE SE SE SE SE SE SE SE SE SE SE SE SE SE SE SE AP,15 16 16 16 16 16 16 16 16 16 16 15 15 16 16 16 5 5 15 15 15 15 15 15 15 15 15 15 15 15 na,c1ccc2c(NC3CCOCC3)n[nH]c2c1,[43*]c1ccc2c(NC3CCOCC3)n[nH]c2c1,95,1
SYK,Syk,TK,4i0t,1B6,B,A,SE,SE SE SE SE SE SE SE SE SE SE SE SE SE SE SE SE SE SE AP,14 14 14 14 14 14 14 14 14 14 14 14 14 14 14 14 14 14 na,c1ncn2c1CCCC2,[3*]c1ncn2c1CCCC2,96,1
SRC,Src,TK,2bdj,HET, ,A,SE,SE SE SE SE SE SE SE SE SE SE SE SE SE SE SE SE SE SE SE SE SE SE AP,5 5 16 16 16 16 16 16 16 16 16 16 16 16 16 16 16 16 16 16 16 16 na,CP(C)(=O)c1ccc(N)cc1,[5*]Nc1ccc(P(C)(C)=O)cc1,97,1
PHKg2,PHK,CAMK,2y7j,B49,B,B,SE,SE SE SE SE SE SE SE SE SE SE SE SE SE SE SE SE SE SE SE SE SE SE SE SE X-SE AP,7 7 7 7 7 7 7 7 7 7 7 7 7 7 7 5 5 7 4 4 4 4 4 4 na na,C=C1N=C(C)C(C)=C1C(=O)NCC,[12*]=CC1=NC(=C)C(C(=O)NCC[39*])=C1C,98,1
MST3,STE20,STE,4w8e,3JB, ,A,SE,SE SE SE SE SE SE SE SE SE FP,14 14 14 14 14 8 8 8 8 na,Cc1ncno1,[24*]c1noc(C)n1,99,1
MELK,CAMKL,CAMK,4bky,82B,A,A,SE,SE SE SE SE SE SE SE SE SE SE SE SE AP,9 9 8 8 8 8 9 9 9 9 9 9 na,Cn1ccc(Br)c1,[53*]c1cc(Br)cn1C,100,1
MAP3K5,STE11,STE,6e2o,S0L, ,B,SE,SE SE SE SE SE SE SE SE SE SE SE SE SE SE SE SE SE SE SE SE SE SE SE SE AP,16 16 16 16 16 16 16 16 16 14 14 14 14 14 14 14 15 15 15 15 15 15 15 15 na,c1cc(-n2cnc(C3CC3)c2)ccn1,[18*]c1cc(-n2cnc(C3CC3)c2)ccn1,101,1
JAK2-b,JakB,TK,5ut2,3YT,B,A,SE,SE SE SE SE SE SE SE SE SE SE SE SE SE SE SE SE SE AP,16 16 16 16 16 16 16 16 16 16 9 9 9 9 9 9 9 na,c1ccc(-n2nccn2)cc1,[47*]c1cccc(-n2nccn2)c1,102,1
JAK2,JakA,TK,5tq8,7GS, ,A,SE,SE SE SE SE SE SE SE SE SE SE SE SE SE SE SE SE SE SE X-SE AP,14 14 14 14 14 14 14 14 14 14 14 14 14 14 14 14 6 6 na na,O=CN1CCc2nc[nH]c2C1,[7*]c1nc2c([nH]1)CN(C([49*])=O)CC2,103,1
ITK,Tec,TK,4l7s,G7K,B,B,SE,SE SE SE SE SE SE SE SE SE SE SE SE SE SE SE SE SE SE SE SE SE SE SE AP FP,14 14 14 14 14 14 5 5 14 8 8 8 16 16 16 16 16 16 16 16 16 16 16 na na,Nc1nccc(C(F)(F)c2ccc(F)cc2)n1,[13*]c1cc(C(F)(F)c2ccc(F)cc2)nc(N[23*])n1,104,1
IRAK4,IRAK,TKL,6o94,LRS,B,A,SE,SE SE SE SE SE SE SE SE SE SE SE SE SE SE SE SE SE SE SE SE SE SE SE SE SE SE SE SE SE FP AP,9 9 9 9 5 5 5 9 5 5 5 5 5 5 5 5 5 9 5 9 9 9 9 9 8 8 8 8 5 na na,Cn1c(N2CCOCC2)nc2ccccc21,[28*]c1cc2nc(N3CCOCC3)n(C)c2cc1[44*],105,1
GSK3B,GSK,CMGC,5k5n,6QH, ,B,SE,SE SE SE SE SE SE SE SE SE SE SE SE SE SE SE SE AP,8 8 8 8 8 8 8 8 8 9 9 9 9 9 9 9 na,CCCn1cncn1,[36*]CCCn1cncn1,106,1
FGFR1,FGFR,TK,4rwl,3ZC, ,B,SE,SE SE SE SE SE SE SE SE SE SE SE SE SE SE SE AP,15 3 8 8 8 15 15 15 15 15 15 5 5 5 5 na,[NH3+]C1(CO)CC1,[3*]OCC1([NH3+])CC1,107,1
Erk2,MAPK,CMGC,4fv8,E63,B,A,SE,SE SE SE SE SE SE SE SE SE SE SE SE SE SE SE SE SE SE SE SE FP AP,16 16 16 16 16 5 5 16 16 16 16 16 16 16 16 16 16 16 16 16 na na,c1ccc(Nc2cncnc2)cc1,[15*]c1ncc(Nc2ccccc2)c([37*])n1,108,1
CK1g3,CK1,CK1,2izs,BRQ,B,A,SE,SE SE SE SE SE SE SE SE SE SE SE SE SE AP,15 15 15 15 15 15 15 15 15 15 15 15 15 na,ClC1=CC=CCC1,[13*][C@H]1C=CC=C(Cl)C1,109,1
CHK2,RAD53,CAMK,2wti,WTI,B,A,SE,SE SE SE SE SE SE SE SE SE SE SE SE SE SE AP,14 14 14 14 14 14 14 14 14 14 14 14 14 14 na,c1scc2c1OCCO2,[14*]c1scc2c1OCCO2,110,1
CHK1,CAMKL,CAMK,4ftc,H6K,A,A,SE,SE SE SE SE SE SE SE SE SE SE SE SE SE SE SE SE SE SE AP,14 14 14 14 14 14 14 16 16 16 16 16 16 16 16 16 16 16 na,c1ccc(-c2ccn[nH]2)cc1,[14*]c1cc(-c2ccccc2)[nH]n1,111,1
CDK2,CDK,CMGC,5iex,6AF,A,A,SE,SE SE SE SE SE SE SE SE SE SE SE SE SE SE SE SE SE SE SE SE SE SE AP,16 16 16 16 16 16 16 16 16 16 16 16 16 16 16 16 16 16 16 16 16 16 na,N=[S@](=O)(c1ccccc1)C1CC1,[31*]c1ccc([S@](=N)(=O)C2CC2)cc1,112,1
CDK2,CDK,CMGC,4ek4,1CK,B,A,SE,SE SE SE SE SE SE SE SE SE SE SE AP,16 16 16 16 16 16 16 16 16 16 16 na,Brc1ccccc1,[21*]c1ccc(Br)cc1,113,1
CDK2,CDK,CMGC,3r7e,X88,A,A,SE,SE SE SE SE SE SE SE SE SE SE SE SE FP,8 8 8 14 14 14 14 14 14 14 14 14 na,Cc1cnccn1,[9*]Cc1cnccn1,114,1
CDK2,CDK,CMGC,2fvd,LIA, ,A,SE,SE SE SE SE SE SE SE SE SE SE SE SE SE SE SE SE SE SE SE SE SE SE AP,15 15 15 15 15 15 15 15 15 15 15 15 15 15 15 12 12 12 12 12 12 12 na,CS(=O)(=O)N1CCCCC1,[15*]C1CCN(S(C)(=O)=O)CC1,115,1
CDK2,CDK,CMGC,1pxk,CK3,A,A,SE,SE SE SE SE SE SE SE AP,5 5 5 5 5 5 5 na,N/C=N\O,[20*]N/C=N\O,116,1
CDK2,CDK,CMGC,1ke6,LS2, ,A,SE,SE SE SE SE SE SE SE SE SE SE SE SE AP,8 8 8 8 8 8 5 5 5 5 5 5 na,CNS(C)(=O)=O,[25*]CS(=O)(=O)NC,117,1
AurA,Aur,Other,4prj,2VU, ,A,SE,SE SE SE SE SE SE SE SE SE SE SE SE SE SE SE SE SE SE SE SE SE SE AP,16 16 16 16 16 16 16 16 16 16 16 16 8 8 8 9 9 9 9 9 9 9 na,N#Cc1cccc(Cn2cccn2)c1,[22*]c1cnn(Cc2cccc(C#N)c2)c1,118,1
AurA,Aur,Other,3k5u,PFQ, ,A,SE,SE SE SE SE SE SE SE SE SE SE SE AP,16 16 16 16 16 16 16 16 16 16 16 na,c1ccccc1,[2*]c1ccccc1,119,1
ALK,ALK,TK,4cnh,3U9, ,B,SE,SE SE SE SE SE SE SE SE SE SE AP,14 14 14 8 8 8 8 14 14 14 na,Cn1ccnn1,[12*]c1cnnn1C,120,1
p38a,MAPK,CMGC,3d7z,GK5,B,A,GA,GA GA GA GA GA GA GA GA GA GA GA GA GA GA GA B2 AP,8 8 8 8 16 16 16 16 16 16 6 6 16 16 16 na na,Cc1ccc(C=O)cc1,[28*]C(=O)c1ccc(C)c([33*])c1,1,33
p38a,MAPK,CMGC,4aa4,QC0, ,A,GA,GA GA GA GA GA GA GA GA GA GA GA GA GA GA GA GA GA B2 AP,16 16 16 16 5 5 6 6 16 16 16 16 16 8 8 8 8 na na,Cc1ccc(NC=O)cc1,[28*]c1cc(NC([37*])=O)ccc1C,2,25
BRAF,RAF,TKL,4ksp,1SU, ,B,GA,GA GA GA GA GA GA GA GA GA GA GA GA GA B1 AP,16 16 16 16 16 16 16 16 16 5 5 3 16 na na,Nc1cc(O)ccc1F,[14*]Oc1ccc(F)c(N[17*])c1,3,21
RET,Ret,TK,5amn,DTQ, ,A,GA,GA GA GA GA GA GA GA GA GA GA GA AP,16 16 16 16 16 16 16 16 16 16 16 na,[O-]c1ccccc1,[13*]c1cccc([O-])c1,4,16
EGFR,EGFR,TK,5edr,5N4,A,A,GA,GA GA GA GA GA GA GA GA GA GA GA GA GA GA GA GA FP,5 5 14 14 14 14 14 14 14 14 14 14 14 14 14 14 na,Nc1n[nH]c2ccccc12,[5*]Nc1n[nH]c2ccccc12,5,13
Wee1B,WEE,Other,5vdk,8X7, ,A,GA,GA GA GA GA GA GA GA GA GA AP,8 8 8 8 8 8 8 8 8 na,C[CH]C,[34*]C[CH]C,6,10
TGFbR1,STKR,TKL,1rw8,580, ,A,GA,GA GA GA GA GA GA GA GA GA GA GA GA GA FP,14 14 14 14 14 14 14 14 14 8 8 8 8 na,Cc1ccccn1,[1*]c1cccc(C)n1,7,8
BRAF,RAF,TKL,4xv1,904, ,A,GA,GA GA GA GA GA GA GA GA GA GA B1 AP,16 16 16 16 16 16 16 16 16 16 na na,Fc1cccc(F)c1,[2*]c1c(F)ccc([5*])c1F,8,7
PAK4,STE20,STE,4o0y,2OO, ,A,GA,GA GA GA GA GA GA GA GA GA GA GA GA GA GA GA GA GA GA GA GA GA GA GA GA GA AP AP,9 9 9 9 9 9 9 9 9 9 9 9 9 9 9 9 9 9 9 9 9 9 9 3 3 na na,CC(C)(O)C#Cc1ccc2nc[nH]c2c1,[7*]c1nc2ccc(C#CC(C)(C)O)cc2n1[21*],9,6
DYRK1A,DYRK,CMGC,6s1h,KQZ,A,A,GA,GA GA GA GA GA GA GA GA FP AP,14 14 14 14 14 14 14 14 na na,c1cncnc1,[2*]c1nccc([21*])n1,10,6
CK2a1,CK2,CMGC,5moh,YTX,A,A,GA,GA GA GA GA GA GA AP,8 8 8 8 8 8 na,CC(=O)[O-],[3*]CC(=O)[O-],11,6
CK2a1,CK2,CMGC,6hop,GJK,C,A,GA,GA GA GA GA GA GA GA GA GA GA GA GA GA GA GA GA GA GA AP,3 3 3 3 3 7 7 3 3 7 7 7 7 7 7 7 7 7 na,COc1cc(C)ccc1O,[23*]=Cc1ccc(O)c(OC)c1,12,5
IRAK4,IRAK,TKL,6f3d,CJT, ,B,GA,GA GA GA GA GA GA GA GA GA GA GA GA GA GA GA GA GA GA GA GA GA AP,15 15 15 15 15 15 15 15 15 15 6 6 5 5 5 15 15 15 15 15 15 na,NC(=O)C1CCCCC1,[13*][C@H]1CC[C@@H](C(N)=O)CC1,13,5
CDK2,CDK,CMGC,3ezv,EZV, ,A,GA,GA GA GA GA GA GA GA GA GA GA GA GA GA AP,16 16 16 16 16 16 16 16 16 16 5 5 5 na,Nc1ccccc1,[2*]c1ccc(N)cc1,14,4
p38a,MAPK,CMGC,3l8x,N4D, ,A,GA,GA GA GA GA GA GA GA GA GA GA GA GA GA GA GA GA GA GA GA GA GA GA GA AP,16 6 16 8 8 8 8 5 5 5 5 16 16 16 16 16 16 16 5 5 5 5 6 na,CNC(=O)c1ccc(C)c(N)c1,[2*]Nc1cc(C(=O)NC)ccc1C,15,4
CDK2,CDK,CMGC,3unk,0BY, ,A,GA,GA GA GA GA GA GA GA GA GA GA GA AP,16 16 16 16 16 16 16 16 16 16 16 na,Clc1ccccc1,[4*]c1ccccc1Cl,16,4
TGFbR1,STKR,TKL,5qim,J2Y,A,A,GA,GA GA GA GA GA GA GA GA GA GA GA GA GA GA FP,14 14 14 14 14 14 14 14 3 3 3 3 14 3 na,COc1cccnc1,[28*]c1ccc(OC)cn1,17,4
AurA,Aur,Other,3myg,EML, ,A,GA,GA GA GA GA GA GA GA GA AP,16 16 16 16 16 16 16 16 na,c1cn[nH]c1,[20*]c1cn[nH]c1,18,4
p38a,MAPK,CMGC,1zzl,TZY, ,A,GA,GA GA GA GA GA GA GA GA GA GA GA GA GA GA GA GA GA AP,14 14 16 16 16 16 16 16 16 16 16 16 16 14 14 14 14 na,Fc1ccc(-c2cocn2)cc1,[26*]c1ocnc1-c1ccc(F)cc1,19,4
ABL1,Abl,TK,2gqg,1N1,B,A,GA,GA GA GA GA GA GA GA GA GA GA GA GA GA GA GA GA AP,16 16 16 16 16 8 8 8 8 5 5 16 16 16 16 16 na,Cc1cccc(Cl)c1N,[3*]Nc1c(C)cccc1Cl,20,3
ALK2,STKR,TKL,5oxg,B4B,B,C,GA,GA GA GA GA GA GA GA GA GA GA GA GA GA GA GA GA AP,16 16 16 16 16 16 16 16 16 16 16 16 16 16 16 16 na,c1ccc2ncccc2c1,[31*]c1cccc2ncccc12,21,3
FGFR1,FGFR,TK,4f64,0S8,B,B,GA,GA GA GA GA GA GA GA GA GA GA GA GA GA GA AP,3 3 3 3 3 8 8 8 8 8 8 8 8 8 na,CCCOC,[14*]CCCOC,22,3
CDK6,CDK,CMGC,5l2t,6ZZ, ,A,GA,GA GA GA GA GA GA GA GA GA GA GA AP,6 5 5 5 5 5 5 5 5 5 6 na,CN(C)C=O,[13*]C(=O)N(C)C,23,3
RIPK2,RIPK,TKL,5w5o,9XA, ,J,GA,GA GA GA GA GA GA GA GA GA GA GA GA AP,16 16 16 16 16 16 16 16 16 5 5 5 na,Nc1cccc(Cl)n1,[37*]c1cc(N)nc(Cl)c1,24,3
HGK,STE20,STE,5di1,5DF, ,A,GA,GA GA GA GA GA GA GA GA GA GA GA GA GA GA GA GA GA AP,16 16 16 16 16 16 16 16 16 16 16 16 16 16 16 16 16 na,CS(=O)(=O)c1ccccc1,[14*]c1ccc(S(C)(=O)=O)cc1,25,3
GSK3B,GSK,CMGC,3f7z,34O,C,A,GA,GA GA GA GA GA FP AP,14 14 14 14 14 na na,c1nnco1,[12*]c1nnc([31*])o1,26,3
EGFR,EGFR,TK,1xkk,FMM, ,A,GA,GA GA GA GA GA GA GA GA GA GA GA GA GA GA AP B1,16 16 16 16 16 16 3 8 8 8 16 16 16 16 na na,COc1ccccc1Cl,[36*]c1ccc(OC[48*])c(Cl)c1,27,2
p38a,MAPK,CMGC,1wbw,LI4, ,A,GA,GA GA GA GA GA GA GA GA GA GA GA GA GA GA GA GA GA GA GA GA GA AP,3 16 16 16 16 16 16 16 16 16 16 16 16 16 16 16 16 16 8 8 8 na,OCc1cccc2ccccc12,[4*]OCc1cccc2ccccc12,28,2
p38a,MAPK,CMGC,3kf7,L9G, ,A,GA,GA GA GA GA GA GA GA GA GA GA GA GA GA GA GA GA GA AP,8 8 8 8 8 8 16 16 16 16 16 16 16 16 16 16 16 na,CCc1ccc(F)cc1F,[6*]CCc1ccc(F)cc1F,29,2
GAK,NAK,Other,4c57,FEF,B,A,GA,GA GA GA GA GA GA GA GA GA GA GA GA GA GA GA GA FP AP,7 7 7 7 7 7 7 7 7 7 7 7 7 7 7 7 na na,O/N=C1/CNc2ccccc21,[2*]=C1Nc2ccccc2/C1=N\O[31*],30,2
TRKA,Trk,TK,4yne,4EK,B,A,GA,GA GA GA GA GA GA GA GA GA GA GA GA AP FP,13 13 13 13 13 13 13 13 13 13 13 13 na na,C1CCNC1,[6*]N1CCC[C@@H]1[29*],31,2
CK2a1,CK2,CMGC,5kwh,6XT,A,A,GA,GA GA GA GA GA GA GA GA FP,1 1 1 1 1 5 5 1 na,CC(N)=O,[7*]NC(C)=O,32,2
BRAF,RAF,TKL,3d4q,SM5, ,B,GA,GA GA GA GA GA GA GA GA GA GA GA GA GA GA GA GA GA GA GA FP,16 16 16 16 16 16 16 16 16 16 16 16 16 16 16 16 16 16 16 na,O/N=C1\CCc2ccccc21,[27*]c1ccc2c(c1)CC/C2=N\O,33,2
p38a,MAPK,CMGC,3hl7,I47, ,A,GA,GA GA GA GA GA GA GA GA GA GA GA GA GA GA GA GA GA FP AP,16 16 16 16 16 16 16 16 16 16 16 16 16 16 16 16 16 na na,Clc1ccc(-c2ccn[nH]2)cc1,[7*]c1c([8*])n[nH]c1-c1ccc(Cl)cc1,34,2
SYK,Syk,TK,3emg,685, ,A,GA,GA GA GA GA GA GA GA GA GA FP AP,14 14 14 14 14 8 8 8 8 na na,Cc1cscn1,[13*]c1sc([24*])nc1C,35,2
PIM1,PIM,CAMK,3qf9,NM8,A,A,GA,GA GA GA GA GA GA GA GA AP,7 7 7 7 7 7 7 7 na,O=C1CSC(=O)N1,[16*]=C1SC(=O)NC1=O,36,2
JNK3,MAPK,CMGC,3oy1,589, ,A,GA,GA GA GA GA GA GA GA GA GA GA GA GA GA GA GA GA GA FP,16 16 16 16 16 16 16 16 16 16 16 16 16 16 16 16 16 na,c1ccc2ccccc2c1,[17*]c1ccc2ccccc2c1,37,2
JNK3,MAPK,CMGC,3fv8,JK3,B,A,GA,GA GA GA GA GA GA GA GA AP,14 14 14 14 14 14 14 14 na,Brc1ccco1,[8*]c1ccc(Br)o1,38,2
ITK,Tec,TK,3v8t,477,A,B,GA,GA GA GA GA AP,8 8 8 8 na,FCF,[40*]C(F)F,39,2
EGFR,EGFR,TK,5cau,4ZR, ,A,GA,GA GA GA GA GA GA GA GA GA GA GA GA GA GA GA GA GA GA GA GA AP,5 5 5 5 5 5 5 5 5 5 5 5 5 5 5 3 3 3 3 3 na,CO[C@@H]1CCNC[C@@H]1F,[35*]N1CC[C@@H](OC)[C@@H](F)C1,40,2
IRE1,IRE,Other,4u6r,3E4, ,A,GA,GA GA GA GA GA GA GA GA GA GA GA GA GA GA GA GA GA GA GA GA GA GA FP B1,3 16 16 8 8 8 8 16 16 16 16 16 16 16 16 16 16 16 16 16 5 5 na na,Cc1cc(N)c2ccccc2c1O,[38*]Oc1c(C)cc(N[61*])c2ccccc12,41,1
CaMKK2,CAMKK,Other,5yv9,91O, ,A,GA,GA GA GA GA GA GA GA GA GA GA GA GA GA GA GA GA GA AP,16 16 16 3 3 3 3 16 6 16 16 16 16 6 6 3 16 na,COc1ccc(Cl)cc1C(=O)[O-],[32*]c1cc(OC)c(C(=O)[O-])cc1Cl,42,1
p38a,MAPK,CMGC,2yix,YIX, ,A,GA,GA GA GA GA GA GA GA GA GA GA GA GA GA GA GA GA GA GA B2 AP,1 1 5 5 8 8 8 16 16 16 16 16 16 16 16 16 16 11 na na,O=CNCc1ccccc1S,[7*]C(=O)NCc1ccccc1S[27*],43,1
p38a,MAPK,CMGC,1ouk,084, ,A,GA,GA GA GA GA GA GA GA GA GA GA GA GA GA GA FP,16 16 16 16 16 16 16 16 16 16 8 8 8 8 na,FC(F)(F)c1ccccc1,[17*]c1cccc(C(F)(F)F)c1,44,1
PKCi,PKC,AGC,6ilz,AFU, ,G,GA,GA GA GA GA GA GA GA GA GA GA GA GA AP,16 16 16 16 16 16 16 16 16 16 5 5 na,Nc1ccncc1,[9*]Nc1ccncc1,45,1
CDK2,CDK,CMGC,3igg,EFQ, ,A,GA,GA GA GA GA GA GA GA GA GA GA GA GA AP,15 15 3 3 15 15 15 15 15 15 15 15 na,OC1CCC1,[2*][C@H]1C[C@@H](O)C1,46,1
PIM1,PIM,CAMK,6no9,KUV, ,A,GA,GA GA GA GA GA GA GA GA GA GA GA GA AP FP,9 9 8 8 8 8 9 9 9 9 5 5 na na,Cn1cc(N)cn1,[37*]Nc1cnn(C)c1[45*],47,1
ErbB2,EGFR,TK,3pp0,03Q,A,A,GA,GA GA GA GA GA GA GA GA GA GA B1 AP,16 16 16 16 16 3 16 16 16 16 na na,Oc1ncccc1Cl,[26*]c1cnc(O[34*])c(Cl)c1,48,1
CK1d,CK1,CK1,5ih6,AUG,B,A,GA,GA GA GA GA GA GA GA GA GA GA GA AP,16 16 16 16 16 16 16 16 16 16 16 na,Brc1ccccc1,[8*]c1cccc(Br)c1,49,1
CDC2,CDK,CMGC,6gu3,FB8, ,A,GA,GA GA GA GA GA GA GA GA GA GA FP AP,14 14 14 14 8 8 8 8 14 14 na na,Cc1ncc[nH]1,[3*]c1cnc(C)n1[37*],50,1
BRAF,RAF,TKL,5ct7,55J, ,B,GA,GA GA GA GA GA GA GA GA GA GA GA GA GA GA GA GA AP B1,9 9 9 9 9 8 8 8 8 9 9 9 9 9 9 9 na na,Cn1cnc2ccccc21,[4*]c1ccc2c(c1)nc([42*])n2C,51,1
RIPK2,RIPK,TKL,6hmx,GEZ, ,B,GA,GA GA GA GA GA GA GA GA GA GA GA GA GA GA AP,16 16 16 16 16 8 8 8 8 16 8 8 8 8 na,Cc1c[nH]nc1C,[15*]c1[nH]nc(C)c1C,52,1
HGK,STE20,STE,4obp,2QU,A,A,GA,GA GA GA GA GA GA GA GA GA GA AP,16 16 16 16 16 16 16 16 16 16 na,Fc1ccccn1,[4*]c1ccnc(F)c1,53,1
Erk2,MAPK,CMGC,4fv2,EK5,B,A,GA,GA GA GA GA GA GA GA GA GA GA GA GA B2 AP,6 6 5 5 16 16 16 16 16 16 16 16 na na,NC(=O)c1ccc[nH]1,[4*]NC(=O)c1cc([31*])c[nH]1,54,1
CK2a1,CK2,CMGC,4grb,0XG, ,A,GA,GA GA GA GA GA GA GA GA GA GA AP,14 14 14 14 14 6 14 14 6 6 na,O=C([O-])c1ccsc1,[21*]c1cc(C(=O)[O-])cs1,55,1
CK2a1,CK2,CMGC,3at3,ATK, ,A,GA,GA GA GA GA GA GA GA GA GA GA GA GA GA GA AP,9 9 9 9 9 9 9 9 8 8 8 8 8 8 na,O=C([O-])Cc1cc[nH]c1,[6*]n1ccc(CC(=O)[O-])c1,56,1
CHK1,CAMKL,CAMK,4ft3,H1K,A,A,GA,GA GA GA GA GA GA GA GA GA AP,14 14 14 14 14 14 14 14 14 na,c1cnccn1,[2*]c1cnccn1,57,1
CHK1,CAMKL,CAMK,2ym7,YM7,B,A,GA,GA GA GA GA GA GA GA GA GA GA AP,14 14 14 14 14 14 14 14 14 14 na,N#Cc1cnccn1,[30*]c1cnc(C#N)cn1,58,1
AurA,Aur,Other,4jbq,VX6, ,A,GA,GA GA GA GA GA GA GA GA GA GA FP,6 6 15 15 15 15 15 15 15 15 na,O=CC1CC1,[50*]C(=O)C1CC1,59,1
AAK1,NAK,Other,5te0,XIN, ,A,GA,GA GA GA GA GA GA GA AP,6 3 6 3 3 3 3 na,COC=O,[13*]C(=O)OC,60,1
p38a,MAPK,CMGC,3fmj,FMJ, ,A,GA,GA GA GA GA GA GA GA GA GA GA GA GA GA GA GA GA GA GA GA GA AP,16 16 16 16 16 16 8 8 8 8 16 16 16 16 16 16 16 16 16 16 na,Cc1cc(-c2ccccc2)no1,[3*]c1c(-c2ccccc2)noc1C,61,1
TYK2,JakA,TK,3nyx,TZ1,A,A,GA,GA GA GA GA GA GA GA GA GA B2 AP,6 14 14 14 5 5 14 14 6 na na,O=CNc1nncs1,[4*]c1nnc(NC([27*])=O)s1,62,1
TTK,TTK,Other,6b4w,CQ7, ,A,GA,GA GA GA GA GA GA GA GA GA GA GA GA GA GA GA GA AP,8 8 8 8 16 16 16 16 16 16 16 16 16 16 16 16 na,Cc1nc2ccccc2o1,[19*]c1ccc2nc(C)oc2c1,63,1
TTK,TTK,Other,4c4f,7CE, ,A,GA,GA GA GA GA GA GA GA AP,14 14 14 14 14 14 14 na,c1cocn1,[26*]c1cnco1,64,1
PKACa,PKA,AGC,3l9n,L9N, ,A,GA,GA GA GA GA GA FP AP,14 14 14 14 14 na na,c1nncs1,[20*]c1nnc([41*])s1,65,1
PIM1,PIM,CAMK,6qxk,JKW,A,B,GA,GA GA GA GA GA GA GA GA GA GA GA FP AP,8 8 8 8 8 8 8 8 8 8 8 na na,CC1=[S+]C(N)=NC1=O,[19*]CC1=[S+]C(N[32*])=NC1=O,66,1
PIM1,PIM,CAMK,4mta,2D2, ,A,GA,GA GA GA GA GA GA GA GA GA GA GA GA GA AP,14 14 14 14 14 14 6 8 8 8 8 6 6 na,Cc1occc1C(=O)[O-],[1*]c1cc(C(=O)[O-])c(C)o1,67,1
PIM1,PIM,CAMK,4k0y,1OA,B,A,GA,GA GA GA GA GA GA GA GA GA GA GA GA GA AP FP,14 14 14 14 14 14 14 14 14 14 14 3 3 na na,Oc1ccnc2ccnn12,[12*]c1cnn2c(O)cc([27*])nc12,68,1
PEK,PEK,Other,4m7i,27D, ,A,GA,GA GA GA GA GA GA GA GA GA GA GA GA GA GA GA GA GA GA GA B1 AP,16 16 16 16 16 16 16 16 16 16 16 16 16 16 16 16 16 16 16 na na,CC(=O)n1ccc2c(F)cccc21,[11*]CC(=O)n1ccc2c(F)c([29*])ccc21,69,1
MYT1,WEE,Other,5vd0,8X7, ,A,GA,GA GA GA GA GA GA GA GA AP,8 8 8 8 8 8 8 8 na,C=CC,[34*]CC=C,70,1
MET,Met,TK,4xmo,46G, ,A,GA,GA GA GA GA GA GA FP AP,8 8 8 8 8 8 na na,CCF,[21*][C@]([28*])(C)F,71,1
MARK4,CAMKL,CAMK,5es1,5RC, ,A,GA,GA GA GA GA GA GA GA GA GA GA GA GA GA FP AP,8 8 8 16 16 16 16 16 16 8 8 8 8 na na,CCc1cccs1,[2*]c1cc([24*])c(CC)s1,72,1
IRAK4,IRAK,TKL,4xs2,42P, ,C,GA,GA GA GA GA GA GA GA GA GA GA GA GA GA AP,14 14 14 14 14 14 14 14 14 14 14 14 14 na,c1ccc2scnc2c1,[5*]c1nc2ccccc2s1,73,1
HGK,STE20,STE,4u41,3C8,B,A,GA,GA GA GA GA GA GA GA GA GA GA GA GA GA GA GA GA GA GA GA GA GA GA GA GA GA GA AP,15 15 15 14 15 15 15 15 15 15 15 15 15 15 15 14 14 8 8 8 8 14 14 14 14 15 na,Cc1c[nH]nc1[C@H]1CCCNC1,*N1CCC[C@H](c2n[nH]cc2C)C1,74,1
GAK,NAK,Other,4y8d,49J,B,B,GA,GA GA GA GA GA GA GA GA GA GA GA GA GA GA AP,5 5 5 5 5 5 5 5 5 5 5 5 5 5 na,C1COCCN1,[14*]N1CCOCC1,75,1
Erk2,MAPK,CMGC,5bue,4V8, ,A,GA,GA GA GA GA GA GA GA GA GA GA GA GA GA AP B2,9 9 9 9 9 9 9 9 8 8 8 9 9 na na,Cn1ccccc1=O,[21*]Cn1ccc([39*])cc1=O,76,1
EGFR,EGFR,TK,5jeb,6JS, ,A,GA,GA GA GA GA GA GA GA GA GA GA GA GA GA GA GA GA GA GA GA GA GA GA AP,16 16 16 16 3 3 3 3 3 16 16 16 16 16 14 14 14 14 14 14 14 14 na,COc1ccc(-c2ccco2)cc1,[19*]c1cc(-c2ccco2)ccc1OC,77,1
CaMK2d,CAMK2,CAMK,5vlo,9EJ, ,B,GA,GA GA GA GA GA GA GA GA AP,14 14 14 14 14 14 14 14 na,c1ccsc1,[64*]c1cccs1,78,1
CHK1,CAMKL,CAMK,4fti,H7K,A,A,GA,GA GA GA GA GA GA GA GA GA GA GA GA GA GA AP,6 6 3 3 3 3 3 14 14 14 14 14 14 14 na,COC(=O)c1ccco1,[14*]c1ccc(C(=O)OC)o1,79,1
CDKL2,CDKL,CMGC,4bbm,TC0, ,A,GA,GA GA GA GA GA GA GA GA GA GA GA GA GA GA GA GA GA GA GA GA GA GA GA AP,16 16 16 16 16 16 16 16 16 16 16 16 16 16 16 16 3 3 16 16 16 3 3 na,Oc1ccc(-c2ccccc2)c(O)c1,[32*]c1ccc(-c2ccc(O)cc2O)cc1,80,1
CDK2,CDK,CMGC,2r3p,3SC,A,A,GA,GA GA GA AP,11 11 11 na,N#CS,*SC#N,81,1
CDK2,CDK,CMGC,1h07,MFQ,B,A,GA,GA GA GA GA GA AP,4 4 4 4 4 na,CC#N,[28*]CC#N,82,1
BRAF,RAF,TKL,4r5y,3K3, ,A,GA,GA GA GA GA GA GA GA GA GA GA GA GA GA GA GA GA AP B1,15 15 15 15 15 15 15 15 15 15 15 15 15 15 15 15 na na,c1ccc2c(c1)O[C@@H]1C[C@H]21,[16*][C@@H]1[C@H]2Oc3ccc([33*])cc3[C@@H]12,83,1
BRAF,RAF,TKL,3psb,SM6, ,A,GA,GA GA GA GA GA GA GA GA GA GA GA GA GA GA GA GA GA GA GA GA GA AP,16 16 16 16 16 16 16 16 16 16 16 16 16 16 16 5 5 16 16 16 16 na,Nc1ccc2c(c1)=CCC=2NO,[17*]Nc1ccc2c(c1)=CCC=2NO,84,1
EGFR,EGFR,TK,3poz,03P, ,A,B1,B1 B1 B1 B1 B1 B1 B1 B1 B1 B1 B1 B1 B1 B1 GA,16 16 16 16 16 8 8 8 8 16 16 16 16 16 na,FC(F)(F)c1ccccc1,[36*]c1cccc(C(F)(F)F)c1,1,8
ZAK,MLK,TKL,6jut,C9O, ,A,B1,B1 B1 B1 B1 B1 B1 B1 B1 B1 B1 B1 B1 B1 B1 GA,12 12 12 12 12 12 12 12 12 12 12 12 12 12 na,O=[SH](=O)c1cccc(Br)c1,[17*]S(=O)(=O)c1cccc(Br)c1,2,5
PAK1,STE20,STE,5ime,6BZ, ,A,B1,B1 B1 B1 B1 B1 B1 B1 B1 B1 B1 B1 B1 B1 GA,9 9 9 9 9 8 8 8 8 9 9 9 9 na,Cc1ncc[nH]c1=O,[8*]n1ccnc(C)c1=O,3,2
HCK,Src,TK,3vs6,VSH, ,B,B1,B1 B1 B1 B1 B1 B1 B1 B1 B1 B1 B1 B1 B1 B1 GA,3 4 4 4 4 4 4 4 4 4 4 4 4 4 na,CC(C)(C)O,[1*]OC(C)(C)C,4,2
Erk5,MAPK,CMGC,6hkn,G9E,A,A,B1,B1 B1 B1 B1 B1 GA,3 3 3 3 3 na,OC(F)(F)F,[4*]OC(F)(F)F,5,2
BRAF,RAF,TKL,4fk3,325, ,A,B1,B1 B1 B1 B1 B1 B1 B1 B1 B1 B1 GA,12 12 12 12 12 12 12 12 12 12 na,CC[SH](=O)=O,[6*]S(=O)(=O)CC,6,2
EGFR,EGFR,TK,3lzb,ITI, ,A,B1,B1 B1 B1 B1 B1 B1 B1 B1 B1 B1 B1 B1 B1 B1 B1 B1 GA,16 16 16 16 16 8 16 16 16 16 16 16 8 8 8 8 na,O=CCc1ccccc1,[67*]C(=O)Cc1ccccc1,7,1
p38a,MAPK,CMGC,3bv3,P39, ,A,B1,B1 B1 B1 B1 GA B2,5 5 6 6 na na,NC=O,[20*]NC([21*])=O,8,1
ZAK,MLK,TKL,5hes,032,B,B,B1,B1 B1 B1 B1 B1 B1 B1 B1 B1 B1 B1 GA,12 12 12 12 12 12 12 12 12 12 12 na,C/C=C/[SH](=O)=O,[26*]S(=O)(=O)/C=C/C,9,1
TTK,TTK,Other,3wzj,O43, ,A,B1,B1 B1 B1 B1 B1 B1 B1 B1 GA,15 15 15 15 15 15 15 15 na,C1CC1,[2*]C1CC1,10,1
PAK1,STE20,STE,5dey,59T, ,A,B1,B1 B1 B1 B1 B1 B1 B1 B1 B1 B1 B1 B1 B1 GA,14 14 14 14 14 14 14 14 8 8 8 8 14 na,Cc1ccccn1,[8*]c1cccc(C)n1,11,1
PAK1,STE20,STE,4eqc,XR1,B,A,B1,B1 B1 B1 B1 B1 B1 B1 GA,14 14 14 14 14 14 14 na,c1cscn1,[14*]c1cncs1,12,1
MET,Met,TK,3u6i,044, ,A,B1,B1 B1 B1 B1 B1 B1 B1 B1 B1 B1 B1 B1 B1 B1 B1 B1 B1 B1 B1 B1 B1 GA B2,9 9 9 9 9 9 16 16 16 16 16 16 16 16 16 16 16 8 8 8 8 na na,Cc1cc(=O)n(-c2ccccc2)[nH]1,[29*]c1c(C)n([51*])n(-c2ccccc2)c1=O,13,1
MET,Met,TK,3u6h,03X,B,A,B1,B1 B1 B1 B1 B1 B1 B1 B1 B1 B1 B1 B1 B1 B1 GA B2,9 9 9 8 8 8 8 9 9 8 8 8 8 9 na na,Cc1cc(=O)[nH]n1C,[21*]n1c(=O)c([49*])c(C)n1C,14,1
MER,Axl,TK,6mep,9VS, ,A,B1,B1 B1 B1 B1 B1 B1 B1 B1 B1 B1 GA,13 13 13 13 13 13 13 13 13 13 na,C1COCO1,[74*]C1OCCO1,15,1
INSR,InsR,TK,5hhw,60O,B,A,B1,B1 B1 B1 B1 B1 B1 B1 B1 B1 B1 B1 B1 B1 B1 B1 B1 B1 B1 GA,8 8 8 13 13 13 13 13 13 13 13 13 13 13 13 13 13 13 na,C[C@H]1CCCCO1,[4*]C[C@H]1CCCCO1,16,1
HGK,STE20,STE,5w5q,9X4,B,A,B1,B1 B1 B1 B1 B1 B1 B1 B1 B1 B1 GA,14 14 14 8 8 8 8 14 14 14 na,Cc1cnco1,[4*]c1ncc(C)o1,17,1
Erk5,MAPK,CMGC,6hkm,G92, ,A,B1,B1 B1 B1 B1 B1 B1 B1 B1 B1 B1 B1 B1 B1 B1 B1 GA,16 16 16 16 16 3 16 16 16 3 3 3 3 16 16 na,FC(F)(F)Oc1ccccc1,[23*]c1ccc(OC(F)(F)F)cc1,18,1
EGFR,EGFR,TK,3w33,W19,A,A,B1,B1 B1 B1 B1 B1 B1 B1 B1 B1 B1 B1 B1 B1 B1 GA,16 16 16 16 16 16 16 16 16 16 16 16 16 16 na,c1ccc2sccc2c1,[54*]c1cccc2sccc12,19,1
EGFR,EGFR,TK,1xkk,FMM, ,A,B1,B1 B1 B1 B1 B1 B1 B1 B1 B1 B1 B1 GA,16 16 16 16 16 16 16 16 16 16 16 na,Fc1ccccc1,[45*]c1cccc(F)c1,20,1
BUB1,BUB,Other,6f7b,CVQ,B,A,B1,B1 B1 B1 B1 B1 B1 B1 B1 B1 B1 B1 B1 B1 B1 B1 B1 B1 B1 B1 GA,16 16 16 16 16 16 16 16 16 16 3 4 4 4 4 4 4 3 3 na,OCCOc1cc(F)cc(F)c1,[41*]c1c(F)cc(OCCO)cc1F,21,1
BRAF,RAF,TKL,5c9c,4Z5,B,A,B1,B1 B1 B1 B1 B1 B1 B1 B1 B1 B1 B1 B1 B1 B1 B1 B1 B1 B1 B1 B1 B1 B1 B1 B1 B1 GA,1 1 5 5 4 4 4 4 4 4 4 4 4 4 4 4 4 4 4 4 4 4 4 5 5 na,CC(C)(C)CCNC(N)=O,[25*]NC(=O)NCCC(C)(C)C,22,1
BRAF,RAF,TKL,4ksp,1SU, ,B,B1,B1 B1 B1 B1 B1 GA B2,8 8 8 8 8 na na,CC=O,[32*]CC([45*])=O,23,1
ACK,Ack,TK,4id7,1G0, ,A,B1,B1 B1 B1 B1 B1 B1 B1 B1 B1 B1 B1 GA,16 16 16 16 16 16 16 16 16 16 16 na,c1ccccc1,[32*]c1ccccc1,24,1
EGFR,EGFR,TK,3w2o,03P,B,A,B2,B2 B2 B2 B2 B2 B2 B2 B2 B2 B2 B2 B2 B2 B2 GA,16 16 16 16 16 8 8 8 8 16 16 16 16 16 na,FC(F)(F)c1ccccc1,[36*]c1cccc(C(F)(F)F)c1,1,4
Erk2,MAPK,CMGC,6ge0,EVQ,A,A,B2,B2 B2 B2 B2 B2 B2 B2 B2 B2 B2 B2 B2 B2 B2 B2 B2 B2 B2 B2 B2 B2 B2 B2 B2 B2 B2 B2 B2 GA,3 3 3 3 16 16 16 16 16 16 16 16 8 8 8 8 8 8 8 8 3 16 16 8 8 5 5 8 na,COc1cccc([C@@H](C)NC(C)=O)c1,[45*]CC(=O)N[C@H](C)c1cccc(OC)c1,2,3
Erk2,MAPK,CMGC,6g9m,ESW,B,A,B2,B2 B2 B2 B2 B2 B2 B2 B2 B2 B2 B2 B2 B2 B2 B2 B2 GA GA,8 8 8 8 8 8 8 8 8 5 5 8 8 8 8 8 na na,CC(=O)NC(C)C,[47*]CC(=O)NC([62*])(C)C,3,3
AurA,Aur,Other,3m11,AKI, ,A,B2,B2 B2 B2 B2 B2 B2 B2 B2 B2 B2 B2 B2 B2 B2 B2 B2 B2 GA,5 5 1 5 5 16 16 16 16 16 16 16 16 16 16 16 1 na,NC(=O)Nc1ccccc1,[43*]NC(=O)Nc1ccccc1,4,2
p38a,MAPK,CMGC,3ocg,OCG, ,A,B2,B2 B2 B2 B2 B2 B2 B2 GA,14 14 14 14 14 14 14 na,c1cnoc1,[24*]c1ccon1,5,2
p38a,MAPK,CMGC,1a9u,SB2, ,A,B2,B2 B2 B2 B2 B2 B2 B2 B2 B2 B2 B2 B2 B2 B2 B2 B2 GA,16 16 16 16 16 16 16 16 16 16 16 16 16 16 16 16 na,C[S@](=O)c1ccccc1,[28*]c1ccc([S@](C)=O)cc1,6,2
p38a,MAPK,CMGC,3bv2,P38, ,A,B2,B2 B2 B2 B2 B2 B2 B2 B2 B2 B2 B2 GA X-B1,16 16 16 6 6 16 16 16 16 16 16 na na,O=Cc1ccncc1,[54*]C(=O)c1ccnc([64*])c1,7,1
p38d,MAPK,CMGC,5eko,N17, ,A,B2,B2 B2 B2 B2 B2 B2 B2 B2 B2 B2 B2 B2 B2 B2 B2 B2 B2 B2 B2 B2 B2 GA,16 16 16 16 16 16 16 16 16 16 9 9 9 9 9 9 9 8 8 8 8 na,Cc1cn(-c2ccccc2)cn1,[1*]c1cccc(-n2cnc(C)c2)c1,8,1
p38d,MAPK,CMGC,4eym,0RX, ,A,B2,B2 B2 B2 B2 B2 B2 B2 B2 B2 B2 B2 B2 B2 B2 B2 B2 B2 B2 B2 B2 B2 B2 B2 GA,16 16 16 16 5 5 5 5 5 5 5 5 5 5 5 5 5 5 16 16 16 16 16 na,c1ccc(N2CCOCC2)nc1,[1*]c1ccnc(N2CCOCC2)c1,9,1
p38a,MAPK,CMGC,4aa4,QC0, ,A,B2,B2 B2 B2 B2 B2 B2 B2 B2 GA,16 16 16 16 16 16 16 16 na,c1ccoc1,[35*]c1ccoc1,10,1
p38a,MAPK,CMGC,2zb0,GK3,A,A,B2,B2 B2 B2 B2 B2 B2 B2 B2 B2 GA,14 14 14 8 8 8 8 14 14 na,Cc1nnco1,[29*]c1nnc(C)o1,11,1
p38a,MAPK,CMGC,2yix,YIX, ,A,B2,B2 B2 B2 B2 B2 B2 B2 B2 B2 GA,4 4 4 4 4 4 4 5 5 na,CCN,[9*]NCC,12,1
p38a,MAPK,CMGC,2rg5,279, ,A,B2,B2 B2 B2 B2 B2 B2 B2 B2 B2 GA,6 6 6 6 6 6 6 6 6 na,CONC=O,[8*]C(=O)NOC,13,1
TYK2,JakA,TK,3nyx,TZ1,A,A,B2,B2 B2 B2 B2 B2 B2 B2 B2 GA,14 14 14 14 14 14 14 14 na,c1ccsc1,[26*]c1cccs1,14,1
TTK,TTK,Other,5n9s,8QW, ,A,B2,B2 B2 B2 B2 B2 B2 B2 B2 B2 B2 B2 B2 B2 B2 B2 B2 B2 B2 B2 GA,16 16 16 16 16 16 16 16 16 16 16 8 8 8 8 8 8 8 8 na,C[C@@H](C=O)c1ccc(F)cc1,[32*]C(=O)[C@H](C)c1ccc(F)cc1,15,1
SYK,Syk,TK,3tuc,FPW, ,A,B2,B2 B2 B2 B2 B2 B2 B2 B2 B2 B2 B2 B2 B2 GA B1,9 9 8 8 8 9 9 9 9 9 9 9 9 na na,Cn1ccccc1=O,[45*]Cn1cccc([50*])c1=O,16,1
ROCK1,DMPK,AGC,6e9w,J0P, ,B,B2,B2 B2 B2 B2 B2 B2 B2 B2 B2 B2 B2 B2 B2 B2 B2 B2 B2 GA,16 16 16 16 16 16 16 16 16 16 16 16 16 16 16 16 16 na,c1ccc2c(c1)OCCO2,[33*]c1cccc2c1OCCO2,17,1
MET,Met,TK,3u6i,044, ,A,B2,B2 B2 B2 B2 B2 B2 B2 B2 B2 B2 B2 B1,8 8 8 8 8 8 8 8 8 3 3 na,CC(C)O,[31*]C[C@@H](C)O,18,1
IGF1R,InsR,TK,3f5p,741, ,A,B2,B2 B2 B2 B2 B2 B2 B2 B2 B2 B2 B2 GA,14 14 14 14 14 14 14 8 8 8 8 na,Cn1ccnc1,[40*]c1nccn1C,19,1
HCK,Src,TK,2c0i,L1G,B,B,B2,B2 B2 B2 B2 B2 B2 B2 B2 B2 B2 B2 B2 B2 B2 B2 B2 B2 B2 GA,9 9 9 9 9 8 8 8 8 9 9 9 9 9 9 9 9 9 na,Cn1ccc2ccccc21,[43*]c1cc2ccccc2n1C,20,1
FGFR1,FGFR,TK,5zv2,LEV, ,A,B2,B2 B2 B2 B2 B2 B2 B2 B2 B2 B2 GA,5 5 15 15 15 15 15 15 15 15 na,NC1CC1,[36*]NC1CC1,21,1
Erk2,MAPK,CMGC,6opi,N0V, ,A,B2,B2 B2 B2 B2 B2 B2 B2 B2 B2 B2 B2 B2 B2 B2 B2 B2 B2 B2 B2 B2 B2 B2 B2 B2 B2 B2 B2 B2 GA X-B2,4 4 4 4 4 16 16 16 16 16 16 16 16 16 16 16 16 16 16 16 16 16 16 16 16 16 16 16 na na,CC(=O)N1CC=C(c2ccccc2)CC1,[38*]CC(=O)N1CC=C(c2ccc([76*])cc2)CC1,22,1
Erk2,MAPK,CMGC,4fv2,EK5,B,A,B2,B2 B2 B2 B2 B2 B2 B2 B2 B2 B2 B2 B2 B2 B2 B2 B2 B2 B2 B2 GA,8 8 8 16 16 16 16 16 16 16 16 16 16 16 16 16 16 16 16 na,Cc1ccc2c(c1)CCO2,[2*]Cc1ccc2c(c1)CCO2,23,1
Erk1,MAPK,CMGC,4qtb,38Z,B,A,B2,B2 B2 B2 B2 B2 B2 B2 B2 B2 B2 B2 B2 B2 B2 B2 B2 B2 B2 B2 B2 B2 B2 B2 B2 B2 B2 B2 B2 B2 GA X-B2,4 4 4 4 4 5 5 5 5 5 5 5 5 5 5 5 5 5 5 16 16 16 16 16 16 16 16 16 16 na na,CC(=O)N1CCN(c2ccccc2)CC1,[35*]CC(=O)N1CCN(c2ccc([68*])cc2)CC1,24,1
EGFR,EGFR,TK,3w2r,W2R,A,A,B2,B2 B2 B2 B2 B2 B2 B2 B2 B2 B2 B2 B2 B2 B2 B2 B2 B2 B2 B2 B2 B2 B2 B2 B1,1 15 15 15 15 15 15 15 15 15 15 15 15 15 15 15 15 15 5 5 5 5 1 na,NC(=O)NC1CCCCC1,[22*]NC(=O)NC1CCCCC1,25,1
BRAF,RAF,TKL,4ksp,1SU, ,B,B2,B2 B2 B2 B2 B2 B2 B2 B2 B2 B2 B1 B1,16 16 16 16 16 16 16 16 16 16 na na,c1ccccc1,[21*]c1cccc([42*])c1,26,1
BRAF,RAF,TKL,4fc0,0T2, ,B,B2,B2 B2 B2 B2 B2 B2 B2 B2 B2 B2 B1 GA,16 16 16 16 16 16 16 16 16 16 na na,Clc1ccccc1,[15*]c1cccc([25*])c1Cl,27,1
AurA,Aur,Other,4uyn,Y3M, ,A,B2,B2 B2 B2 B2 B2 B2 B2 B2 B2 B2 B2 B2 B2 B2 GA,14 14 14 14 14 14 14 14 14 14 14 14 14 14 na,c1ccc2[nH]cnc2c1,[41*]c1nc2ccccc2[nH]1,28,1
ALK,ALK,TK,4joa,3DK,A,A,B2,B2 B2 B2 B2 B2 B2 B2 B2 B2 B2 B2 GA,16 16 16 16 16 16 16 16 16 16 16 na,Fc1ccc(F)cc1,[11*]c1cc(F)ccc1F,29,1
ALK,ALK,TK,4fnz,NZF, ,A,B2,B2 B2 B2 B2 B2 B1,3 3 3 3 3 na,OC(F)(F)F,[64*]OC(F)(F)F,30,1
